[279월2026 22:33:29.665] [main/INFO] [cpw.mods.modlauncher.Launcher/MODLAUNCHER]: ModLauncher running: args [--launchTarget, forgeclientdev, --version, 21.1.250, --assetIndex, 17, --assetsDir, C:\\Users\\hanjw\\.gradle\\caches\\neoformruntime\\assets, --gameDir, ., --fml.fmlVersion, 4.0.44, --fml.mcVersion, 1.21.1, --fml.neoForgeVersion, 21.1.250, --fml.neoFormVersion, 20240808.144430]
[279월2026 22:33:29.668] [main/INFO] [cpw.mods.modlauncher.Launcher/MODLAUNCHER]: JVM identified as Oracle Corporation Java HotSpot(TM) 64-Bit Server VM 21.0.12.1+1-LTS-4
[279월2026 22:33:29.669] [main/INFO] [cpw.mods.modlauncher.Launcher/MODLAUNCHER]: ModLauncher 11.0.5+main.901c6ea8 starting: java version 21.0.12.1 by Oracle Corporation; OS Windows 11 arch amd64 version 10.0
[279월2026 22:33:29.686] [main/DEBUG] [cpw.mods.modlauncher.LaunchServiceHandler/MODLAUNCHER]: Found launch services [minecraft,forgeclient,forgedatauserdev,testharness,forgeserverdev,forgeserveruserdev,forgejunitdev,forgeclientdev,forgeclientuserdev,forgeserver,forgejunituserdev,forgedatadev]
[279월2026 22:33:29.697] [main/DEBUG] [cpw.mods.modlauncher.LaunchPluginHandler/MODLAUNCHER]: Found launch plugins: [mixin,slf4jfixer,runtime_enum_extender,accesstransformer,runtimedistcleaner]
[279월2026 22:33:29.703] [main/DEBUG] [cpw.mods.modlauncher.TransformationServicesHandler/MODLAUNCHER]: Discovering transformation services
[279월2026 22:33:29.707] [main/DEBUG] [net.neoforged.fml.loading.FMLPaths/CORE]: Path GAMEDIR is C:\Users\hanjw\Downloads\gourmet2-main\gourmet2-main\run
[279월2026 22:33:29.707] [main/DEBUG] [net.neoforged.fml.loading.FMLPaths/CORE]: Path MODSDIR is C:\Users\hanjw\Downloads\gourmet2-main\gourmet2-main\run\mods
[279월2026 22:33:29.707] [main/DEBUG] [net.neoforged.fml.loading.FMLPaths/CORE]: Path CONFIGDIR is C:\Users\hanjw\Downloads\gourmet2-main\gourmet2-main\run\config
[279월2026 22:33:29.707] [main/DEBUG] [net.neoforged.fml.loading.FMLPaths/CORE]: Path FMLCONFIG is C:\Users\hanjw\Downloads\gourmet2-main\gourmet2-main\run\config\fml.toml
[279월2026 22:33:29.731] [main/DEBUG] [net.neoforged.fml.loading.targets.CommonLaunchHandler/CORE]: Got mod coordinates gourmet2%%C:\Users\hanjw\Downloads\gourmet2-main\gourmet2-main\build\classes\java\main;gourmet2%%C:\Users\hanjw\Downloads\gourmet2-main\gourmet2-main\build\resources\main from env
[279월2026 22:33:29.734] [main/DEBUG] [net.neoforged.fml.loading.targets.CommonLaunchHandler/CORE]: Found supplied mod coordinates [{gourmet2=[C:\Users\hanjw\Downloads\gourmet2-main\gourmet2-main\build\classes\java\main, C:\Users\hanjw\Downloads\gourmet2-main\gourmet2-main\build\resources\main]}]
[279월2026 22:33:29.738] [main/DEBUG] [cpw.mods.modlauncher.TransformationServicesHandler/MODLAUNCHER]: Found additional transformation services from discovery services: 
[279월2026 22:33:29.744] [main/INFO] [net.neoforged.fml.loading.ImmediateWindowHandler/]: Loading ImmediateWindowProvider fmlearlywindow
[279월2026 22:33:29.808] [main/INFO] [EARLYDISPLAY/]: Trying GL version 4.6
[279월2026 22:33:29.917] [main/INFO] [EARLYDISPLAY/]: Requested GL version 4.6 got version 4.6
[279월2026 22:33:29.945] [main/DEBUG] [cpw.mods.modlauncher.TransformationServicesHandler/MODLAUNCHER]: Found transformer services : [mixin,fml]
[279월2026 22:33:29.945] [main/DEBUG] [cpw.mods.modlauncher.TransformationServicesHandler/MODLAUNCHER]: Transformation services loading
[279월2026 22:33:29.945] [main/DEBUG] [cpw.mods.modlauncher.TransformationServiceDecorator/MODLAUNCHER]: Loading service mixin
[279월2026 22:33:29.945] [main/DEBUG] [cpw.mods.modlauncher.TransformationServiceDecorator/MODLAUNCHER]: Loaded service mixin
[279월2026 22:33:29.945] [main/DEBUG] [cpw.mods.modlauncher.TransformationServiceDecorator/MODLAUNCHER]: Loading service fml
[279월2026 22:33:29.946] [main/DEBUG] [net.neoforged.fml.loading.FMLLoader/CORE]: FML 4.0.44 loading
[279월2026 22:33:29.946] [main/DEBUG] [net.neoforged.fml.loading.FMLLoader/CORE]: FML found ModLauncher version : 11.0.5+main.901c6ea8
[279월2026 22:33:29.946] [main/DEBUG] [net.neoforged.fml.loading.FMLLoader/CORE]: FML found AccessTransformer version : 10.0.1+139da711
[279월2026 22:33:29.946] [main/DEBUG] [net.neoforged.fml.loading.FMLLoader/CORE]: FML found EventBus version : null
[279월2026 22:33:29.947] [main/DEBUG] [net.neoforged.fml.loading.FMLLoader/CORE]: Found Runtime Dist Cleaner
[279월2026 22:33:29.947] [main/DEBUG] [cpw.mods.modlauncher.TransformationServiceDecorator/MODLAUNCHER]: Loaded service fml
[279월2026 22:33:29.947] [main/DEBUG] [cpw.mods.modlauncher.TransformationServicesHandler/MODLAUNCHER]: Configuring option handling for services
[279월2026 22:33:29.955] [main/DEBUG] [net.neoforged.fml.loading.FMLServiceProvider/CORE]: Received command line version data  : VersionInfo[neoForgeVersion=21.1.250, fmlVersion=4.0.44, mcVersion=1.21.1, neoFormVersion=20240808.144430]
[279월2026 22:33:29.955] [main/DEBUG] [cpw.mods.modlauncher.TransformationServicesHandler/MODLAUNCHER]: Transformation services initializing
[279월2026 22:33:29.955] [main/DEBUG] [cpw.mods.modlauncher.TransformationServiceDecorator/MODLAUNCHER]: Initializing transformation service mixin
[279월2026 22:33:29.960] [main/DEBUG] [mixin/]: MixinService [ModLauncher] was successfully booted in cpw.mods.cl.ModuleClassLoader@396e2f39
[279월2026 22:33:29.966] [main/INFO] [mixin/]: SpongePowered MIXIN Subsystem Version=0.8.7 Source=union:/C:/Users/hanjw/.gradle/caches/modules-2/files-2.1/net.fabricmc/sponge-mixin/0.15.2+mixin.0.8.7/2af2f021d8e02a0220dc27a7a72b4666d66d44ca/sponge-mixin-0.15.2+mixin.0.8.7.jar%23138!/ Service=ModLauncher Env=CLIENT
[279월2026 22:33:29.968] [main/DEBUG] [mixin/]: Initialising Mixin Platform Manager
[279월2026 22:33:29.968] [main/DEBUG] [mixin/]: Adding mixin platform agents for container ModLauncher Root Container(ModLauncher:4f56a0a2)
[279월2026 22:33:29.968] [main/DEBUG] [mixin/]: Instancing new MixinPlatformAgentMinecraftForge for ModLauncher Root Container(ModLauncher:4f56a0a2)
[279월2026 22:33:29.968] [main/DEBUG] [mixin/]: MixinPlatformAgentMinecraftForge rejected container ModLauncher Root Container(ModLauncher:4f56a0a2)
[279월2026 22:33:29.969] [main/DEBUG] [mixin/]: Instancing new MixinPlatformAgentDefault for ModLauncher Root Container(ModLauncher:4f56a0a2)
[279월2026 22:33:29.969] [main/DEBUG] [mixin/]: MixinPlatformAgentDefault accepted container ModLauncher Root Container(ModLauncher:4f56a0a2)
[279월2026 22:33:29.969] [main/DEBUG] [cpw.mods.modlauncher.TransformationServiceDecorator/MODLAUNCHER]: Initialized transformation service mixin
[279월2026 22:33:29.970] [main/DEBUG] [cpw.mods.modlauncher.TransformationServiceDecorator/MODLAUNCHER]: Initializing transformation service fml
[279월2026 22:33:29.970] [main/DEBUG] [net.neoforged.fml.loading.FMLServiceProvider/CORE]: Setting up basic FML game directories
[279월2026 22:33:29.970] [main/DEBUG] [net.neoforged.fml.loading.FMLPaths/CORE]: Path GAMEDIR is C:\Users\hanjw\Downloads\gourmet2-main\gourmet2-main\run
[279월2026 22:33:29.970] [main/DEBUG] [net.neoforged.fml.loading.FMLPaths/CORE]: Path MODSDIR is C:\Users\hanjw\Downloads\gourmet2-main\gourmet2-main\run\mods
[279월2026 22:33:29.970] [main/DEBUG] [net.neoforged.fml.loading.FMLPaths/CORE]: Path CONFIGDIR is C:\Users\hanjw\Downloads\gourmet2-main\gourmet2-main\run\config
[279월2026 22:33:29.970] [main/DEBUG] [net.neoforged.fml.loading.FMLPaths/CORE]: Path FMLCONFIG is C:\Users\hanjw\Downloads\gourmet2-main\gourmet2-main\run\config\fml.toml
[279월2026 22:33:29.970] [main/DEBUG] [net.neoforged.fml.loading.FMLServiceProvider/CORE]: Loading configuration
[279월2026 22:33:29.972] [main/DEBUG] [net.neoforged.fml.loading.FMLServiceProvider/CORE]: Preparing launch handler
[279월2026 22:33:29.972] [main/DEBUG] [net.neoforged.fml.loading.FMLLoader/CORE]: Using forgeclientdev as launch service
[279월2026 22:33:29.974] [main/DEBUG] [cpw.mods.modlauncher.TransformationServiceDecorator/MODLAUNCHER]: Initialized transformation service fml
[279월2026 22:33:29.974] [main/DEBUG] [cpw.mods.modlauncher.TransformationServicesHandler/MODLAUNCHER]: Transformation services begin scanning
[279월2026 22:33:29.974] [main/DEBUG] [cpw.mods.modlauncher.TransformationServiceDecorator/MODLAUNCHER]: Beginning scan trigger - transformation service mixin
[279월2026 22:33:29.974] [main/DEBUG] [cpw.mods.modlauncher.TransformationServiceDecorator/MODLAUNCHER]: End scan trigger - transformation service mixin
[279월2026 22:33:29.975] [main/DEBUG] [cpw.mods.modlauncher.TransformationServiceDecorator/MODLAUNCHER]: Beginning scan trigger - transformation service fml
[279월2026 22:33:29.975] [main/DEBUG] [net.neoforged.fml.loading.FMLServiceProvider/CORE]: Initiating mod scan
[279월2026 22:33:29.975] [main/DEBUG] [net.neoforged.fml.loading.targets.CommonLaunchHandler/CORE]: Got mod coordinates gourmet2%%C:\Users\hanjw\Downloads\gourmet2-main\gourmet2-main\build\classes\java\main;gourmet2%%C:\Users\hanjw\Downloads\gourmet2-main\gourmet2-main\build\resources\main from env
[279월2026 22:33:29.975] [main/DEBUG] [net.neoforged.fml.loading.targets.CommonLaunchHandler/CORE]: Found supplied mod coordinates [{gourmet2=[C:\Users\hanjw\Downloads\gourmet2-main\gourmet2-main\build\classes\java\main, C:\Users\hanjw\Downloads\gourmet2-main\gourmet2-main\build\resources\main]}]
[279월2026 22:33:29.976] [main/DEBUG] [net.neoforged.fml.loading.targets.CommonDevLaunchHandler/]: Launching with NeoForge from C:\Users\hanjw\Downloads\gourmet2-main\gourmet2-main\build\moddev\artifacts\neoforge-21.1.250.jar
[279월2026 22:33:29.982] [main/DEBUG] [net.neoforged.fml.util.ServiceLoaderUtil/CORE]: Found 4 implementations of IModFileCandidateLocator:
[279월2026 22:33:29.982] [main/DEBUG] [net.neoforged.fml.util.ServiceLoaderUtil/CORE]: 	       0 - [built-in] net.neoforged.fml.loading.moddiscovery.locators.NeoForgeDevProvider from loader-4.0.44.jar
[279월2026 22:33:29.984] [main/DEBUG] [net.neoforged.fml.util.ServiceLoaderUtil/CORE]: 	       0 - net.neoforged.fml.loading.moddiscovery.locators.ModsFolderLocator from loader-4.0.44.jar
[279월2026 22:33:29.984] [main/DEBUG] [net.neoforged.fml.util.ServiceLoaderUtil/CORE]: 	       0 - net.neoforged.fml.loading.moddiscovery.locators.MavenDirectoryLocator from loader-4.0.44.jar
[279월2026 22:33:29.984] [main/DEBUG] [net.neoforged.fml.util.ServiceLoaderUtil/CORE]: 	   -1000 - [built-in] net.neoforged.fml.loading.moddiscovery.locators.UserdevLocator from loader-4.0.44.jar
[279월2026 22:33:29.985] [main/DEBUG] [net.neoforged.fml.util.ServiceLoaderUtil/CORE]: Found 2 implementations of IModFileReader:
[279월2026 22:33:29.985] [main/DEBUG] [net.neoforged.fml.util.ServiceLoaderUtil/CORE]: 	       0 - net.neoforged.fml.loading.moddiscovery.readers.JarModsDotTomlModFileReader from loader-4.0.44.jar
[279월2026 22:33:29.985] [main/DEBUG] [net.neoforged.fml.util.ServiceLoaderUtil/CORE]: 	   -1000 - net.neoforged.fml.loading.moddiscovery.readers.NestedLibraryModReader from loader-4.0.44.jar
[279월2026 22:33:29.985] [main/DEBUG] [net.neoforged.fml.util.ServiceLoaderUtil/CORE]: Found 1 implementations of IDependencyLocator:
[279월2026 22:33:29.986] [main/DEBUG] [net.neoforged.fml.util.ServiceLoaderUtil/CORE]: 	       0 - net.neoforged.fml.loading.moddiscovery.locators.JarInJarDependencyLocator from loader-4.0.44.jar
[279월2026 22:33:30.062] [main/DEBUG] [net.neoforged.fml.loading.moddiscovery.ModFileInfo/LOADING]: Found valid mod file neoforge-21.1.250.jar with {minecraft} mods - versions {1.21.1}
[279월2026 22:33:30.067] [main/DEBUG] [net.neoforged.fml.loading.moddiscovery.ModFileParser/LOADING]: Considering mod file candidate C:\Users\hanjw\Downloads\gourmet2-main\gourmet2-main\build\moddev\artifacts\neoforge-21.1.250.jar
[279월2026 22:33:30.076] [main/DEBUG] [net.neoforged.fml.loading.moddiscovery.ModFileInfo/LOADING]: Found valid mod file neoforge-21.1.250.jar with {neoforge} mods - versions {21.1.250}
[279월2026 22:33:30.078] [main/DEBUG] [net.neoforged.fml.loading.moddiscovery.ModListHandler/CORE]: Found mod coordinates from lists: []
[279월2026 22:33:30.079] [main/DEBUG] [net.neoforged.fml.loading.moddiscovery.ModFileParser/LOADING]: Considering mod file candidate C:\Users\hanjw\Downloads\gourmet2-main\gourmet2-main\build\classes\java\main
[279월2026 22:33:30.084] [main/DEBUG] [net.neoforged.fml.loading.moddiscovery.ModFileInfo/LOADING]: Found valid mod file main with {gourmet2} mods - versions {1.0-SNAPSHOT}
[279월2026 22:33:30.092] [main/DEBUG] [net.neoforged.fml.loading.moddiscovery.ModFileParser/LOADING]: Considering mod file candidate C:\Users\hanjw\Downloads\gourmet2-main\gourmet2-main\build\moddev\artifacts\neoforge-21.1.250.jar
[279월2026 22:33:30.093] [main/DEBUG] [net.neoforged.fml.loading.moddiscovery.ModFileInfo/LOADING]: Found valid mod file neoforge-21.1.250.jar with {neoforge} mods - versions {21.1.250}
[279월2026 22:33:30.095] [main/DEBUG] [net.neoforged.fml.loading.moddiscovery.ModFileParser/LOADING]: Considering mod file candidate C:\Users\hanjw\.gradle\caches\modules-2\files-2.1\mod.chloeprime\aaa-particles-neoforge\1.21-1.4.15\6f0ed9b91669878ad632b620b453d205c4909fe0\aaa-particles-neoforge-1.21-1.4.15.jar
[279월2026 22:33:30.097] [main/DEBUG] [net.neoforged.fml.loading.moddiscovery.ModFileInfo/LOADING]: Found valid mod file aaa-particles-neoforge-1.21-1.4.15.jar with {aaa_particles} mods - versions {1.21-1.4.15}
[279월2026 22:33:30.099] [main/DEBUG] [net.neoforged.fml.loading.moddiscovery.ModFileParser/LOADING]: Considering mod file candidate C:\Users\hanjw\.gradle\caches\modules-2\files-2.1\software.bernie.geckolib\geckolib-neoforge-1.21.1\4.8.4\eb854c8ec53ef922a5f3877a1aa4c1ce1352e0ce\geckolib-neoforge-1.21.1-4.8.4.jar
[279월2026 22:33:30.100] [main/DEBUG] [net.neoforged.fml.loading.moddiscovery.ModFileInfo/LOADING]: Found valid mod file geckolib-neoforge-1.21.1-4.8.4.jar with {geckolib} mods - versions {4.8.4}
[279월2026 22:33:30.102] [main/DEBUG] [net.neoforged.fml.loading.moddiscovery.ModFileParser/LOADING]: Considering mod file candidate C:\Users\hanjw\.gradle\caches\modules-2\files-2.1\de.maxhenkel.corelib\corelib\1.21.1-2.1.11\338756067aa548cfc4680d3b8258de01a48cb74\corelib-1.21.1-2.1.11.jar
[279월2026 22:33:30.105] [main/DEBUG] [net.neoforged.fml.loading.moddiscovery.ModFileInfo/LOADING]: Found valid mod file corelib-1.21.1-2.1.11.jar with {corelib} mods - versions {1.21.1-2.1.11}
[279월2026 22:33:30.106] [pool-2-thread-1/INFO] [EARLYDISPLAY/]: GL info: NVIDIA GeForce RTX 4060/PCIe/SSE2 GL version 4.6.0 NVIDIA 591.86, NVIDIA Corporation
[279월2026 22:33:30.108] [main/DEBUG] [net.neoforged.fml.loading.moddiscovery.ModFileParser/LOADING]: Considering mod file candidate C:\Users\hanjw\.gradle\caches\modules-2\files-2.1\maven.modrinth\epic-fight\21.17.3.1-mc1.21.1-neoforge\fb199b7bbea2fc402da28ab586e73f47e32f8fc0\epic-fight-21.17.3.1-mc1.21.1-neoforge.jar
[279월2026 22:33:30.109] [main/DEBUG] [net.neoforged.fml.loading.moddiscovery.ModFileInfo/LOADING]: Found valid mod file epic-fight-21.17.3.1-mc1.21.1-neoforge.jar with {epicfight} mods - versions {21.17.3.1}
[279월2026 22:33:30.123] [main/DEBUG] [net.neoforged.fml.loading.moddiscovery.ModDiscoverer/]: Skipping C:\Users\hanjw\.gradle\caches\modules-2\files-2.1\net.neoforged.fancymodloader\earlydisplay\4.0.44\cb2afcf15672180eca1c49b1c9b1208951ef322e\earlydisplay-4.0.44.jar because it was already located earlier
[279월2026 22:33:30.123] [main/DEBUG] [net.neoforged.fml.loading.moddiscovery.ModDiscoverer/]: Skipping C:\Users\hanjw\.gradle\caches\modules-2\files-2.1\net.neoforged.fancymodloader\loader\4.0.44\63433608b68302a442e3dba87880e54f42ea0583\loader-4.0.44.jar because it was already located earlier
[279월2026 22:33:30.123] [main/DEBUG] [net.neoforged.fml.loading.moddiscovery.ModDiscoverer/]: Skipping C:\Users\hanjw\.gradle\caches\modules-2\files-2.1\net.neoforged.accesstransformers\at-modlauncher\10.0.1\5aba50202aceead086bc09fbc2751c9f05cb4890\at-modlauncher-10.0.1.jar because it was already located earlier
[279월2026 22:33:30.123] [main/DEBUG] [net.neoforged.fml.loading.moddiscovery.ModDiscoverer/]: Skipping C:\Users\hanjw\.gradle\caches\modules-2\files-2.1\net.neoforged\accesstransformers\10.0.1\fd83b5725f76eae9115e9355fa1c456a6a441400\accesstransformers-10.0.1.jar because it was already located earlier
[279월2026 22:33:30.123] [main/DEBUG] [net.neoforged.fml.loading.moddiscovery.ModDiscoverer/]: Skipping C:\Users\hanjw\.gradle\caches\modules-2\files-2.1\net.neoforged\bus\8.0.5\5b2d33285ab5d1554e9798ad98c40d6ea3868bd5\bus-8.0.5.jar because it was already located earlier
[279월2026 22:33:30.123] [main/DEBUG] [net.neoforged.fml.loading.moddiscovery.ModDiscoverer/]: Skipping C:\Users\hanjw\.gradle\caches\modules-2\files-2.1\net.neoforged\coremods\7.0.3\9147e6f638b4272b3bd5fc8f92ad37802512c6c\coremods-7.0.3.jar because it was already located earlier
[279월2026 22:33:30.124] [main/DEBUG] [net.neoforged.fml.loading.moddiscovery.ModDiscoverer/]: Skipping C:\Users\hanjw\.gradle\caches\modules-2\files-2.1\cpw.mods\modlauncher\11.0.5\b8f0d49294f733fdb6173931b263553e943dc950\modlauncher-11.0.5.jar because it was already located earlier
[279월2026 22:33:30.124] [main/DEBUG] [net.neoforged.fml.loading.moddiscovery.ModDiscoverer/]: Skipping C:\Users\hanjw\.gradle\caches\modules-2\files-2.1\net.neoforged\mergetool\2.0.0\52fe1949be64e3303aabaaa21e315f551db9c9f4\mergetool-2.0.0-api.jar because it was already located earlier
[279월2026 22:33:30.124] [main/DEBUG] [net.neoforged.fml.loading.moddiscovery.ModDiscoverer/]: Skipping C:\Users\hanjw\.gradle\caches\modules-2\files-2.1\com.electronwill.night-config\toml\3.8.3\90b2fd6efcb4a7d5b9810cf78f9d824994d717f2\toml-3.8.3.jar because it was already located earlier
[279월2026 22:33:30.124] [main/DEBUG] [net.neoforged.fml.loading.moddiscovery.ModDiscoverer/]: Skipping C:\Users\hanjw\.gradle\caches\modules-2\files-2.1\com.electronwill.night-config\core\3.8.3\b442a95f09e349927f5a945ecb594455870fcf4f\core-3.8.3.jar because it was already located earlier
[279월2026 22:33:30.124] [main/DEBUG] [net.neoforged.fml.loading.moddiscovery.ModDiscoverer/]: Skipping C:\Users\hanjw\.gradle\caches\modules-2\files-2.1\net.neoforged\JarJarSelector\0.4.1\fb3cc7a58af22ad2880adb98af6d518128c47dae\JarJarSelector-0.4.1.jar because it was already located earlier
[279월2026 22:33:30.124] [main/DEBUG] [net.neoforged.fml.loading.moddiscovery.ModDiscoverer/]: Skipping C:\Users\hanjw\.gradle\caches\modules-2\files-2.1\net.neoforged\JarJarMetadata\0.4.1\f8da03683dc81694556dc3e177c5e3bb77ae6fcb\JarJarMetadata-0.4.1.jar because it was already located earlier
[279월2026 22:33:30.124] [main/DEBUG] [net.neoforged.fml.loading.moddiscovery.ModDiscoverer/]: Skipping C:\Users\hanjw\.gradle\caches\modules-2\files-2.1\org.apache.maven\maven-artifact\3.8.5\4433f50c07debefaed0553bd0068f4f48d449313\maven-artifact-3.8.5.jar because it was already located earlier
[279월2026 22:33:30.124] [main/DEBUG] [net.neoforged.fml.loading.moddiscovery.ModDiscoverer/]: Skipping C:\Users\hanjw\.gradle\caches\modules-2\files-2.1\net.jodah\typetools\0.6.3\a01aaa6ddaea9ec07ec4f209487b7a46a526283a\typetools-0.6.3.jar because it was already located earlier
[279월2026 22:33:30.124] [main/DEBUG] [net.neoforged.fml.loading.moddiscovery.ModDiscoverer/]: Skipping C:\Users\hanjw\.gradle\caches\modules-2\files-2.1\net.minecrell\terminalconsoleappender\1.3.0\b562e9bb61235c9520e26282cdee71f8f802d1fc\terminalconsoleappender-1.3.0.jar because it was already located earlier
[279월2026 22:33:30.124] [main/DEBUG] [net.neoforged.fml.loading.moddiscovery.ModDiscoverer/]: Skipping C:\Users\hanjw\.gradle\caches\modules-2\files-2.1\net.fabricmc\sponge-mixin\0.15.2+mixin.0.8.7\2af2f021d8e02a0220dc27a7a72b4666d66d44ca\sponge-mixin-0.15.2+mixin.0.8.7.jar because it was already located earlier
[279월2026 22:33:30.124] [main/DEBUG] [net.neoforged.fml.loading.moddiscovery.ModDiscoverer/]: Skipping C:\Users\hanjw\.gradle\caches\modules-2\files-2.1\org.openjdk.nashorn\nashorn-core\15.4\f67f5ffaa5f5130cf6fb9b133da00c7df3b532a5\nashorn-core-15.4.jar because it was already located earlier
[279월2026 22:33:30.124] [main/DEBUG] [net.neoforged.fml.loading.moddiscovery.ModDiscoverer/]: Skipping C:\Users\hanjw\.gradle\caches\modules-2\files-2.1\org.apache.commons\commons-lang3\3.14.0\1ed471194b02f2c6cb734a0cd6f6f107c673afae\commons-lang3-3.14.0.jar because it was already located earlier
[279월2026 22:33:30.126] [main/DEBUG] [net.neoforged.fml.loading.moddiscovery.ModDiscoverer/]: Skipping C:\Users\hanjw\.gradle\caches\modules-2\files-2.1\net.sf.jopt-simple\jopt-simple\5.0.4\4fdac2fbe92dfad86aa6e9301736f6b4342a3f5c\jopt-simple-5.0.4.jar because it was already located earlier
[279월2026 22:33:30.126] [main/DEBUG] [net.neoforged.fml.loading.moddiscovery.ModDiscoverer/]: Skipping C:\Users\hanjw\.gradle\caches\modules-2\files-2.1\commons-io\commons-io\2.15.1\f11560da189ab563a5c8e351941415430e9304ea\commons-io-2.15.1.jar because it was already located earlier
[279월2026 22:33:30.126] [main/DEBUG] [net.neoforged.fml.loading.moddiscovery.ModDiscoverer/]: Skipping C:\Users\hanjw\.gradle\caches\modules-2\files-2.1\com.mojang\logging\1.2.7\24cb95ffb0e3433fd6e844c04e68009e504ca1c0\logging-1.2.7.jar because it was already located earlier
[279월2026 22:33:30.126] [main/DEBUG] [net.neoforged.fml.loading.moddiscovery.ModDiscoverer/]: Skipping C:\Users\hanjw\.gradle\caches\modules-2\files-2.1\org.apache.logging.log4j\log4j-slf4j2-impl\2.22.1\d7e6693c2606cb7e7335047d7bb96dec52db5665\log4j-slf4j2-impl-2.22.1.jar because it was already located earlier
[279월2026 22:33:30.126] [main/DEBUG] [net.neoforged.fml.loading.moddiscovery.ModDiscoverer/]: Skipping C:\Users\hanjw\.gradle\caches\modules-2\files-2.1\org.apache.logging.log4j\log4j-core\2.22.1\7183a25510a02ad00cc6a95d3b3d2a7d3c5a8dc4\log4j-core-2.22.1.jar because it was already located earlier
[279월2026 22:33:30.126] [main/DEBUG] [net.neoforged.fml.loading.moddiscovery.ModDiscoverer/]: Skipping C:\Users\hanjw\.gradle\caches\modules-2\files-2.1\org.apache.logging.log4j\log4j-api\2.22.1\bea6fede6328fabafd7e68363161a7ea6605abd1\log4j-api-2.22.1.jar because it was already located earlier
[279월2026 22:33:30.126] [main/DEBUG] [net.neoforged.fml.loading.moddiscovery.ModDiscoverer/]: Skipping C:\Users\hanjw\.gradle\caches\modules-2\files-2.1\com.google.guava\guava\32.1.2-jre\5e64ec7e056456bef3a4bc4c6fdaef71e8ab6318\guava-32.1.2-jre.jar because it was already located earlier
[279월2026 22:33:30.126] [main/DEBUG] [net.neoforged.fml.loading.moddiscovery.ModDiscoverer/]: Skipping C:\Users\hanjw\.gradle\caches\modules-2\files-2.1\com.google.code.gson\gson\2.10.1\b3add478d4382b78ea20b1671390a858002feb6c\gson-2.10.1.jar because it was already located earlier
[279월2026 22:33:30.126] [main/DEBUG] [net.neoforged.fml.loading.moddiscovery.ModDiscoverer/]: Skipping C:\Users\hanjw\.gradle\caches\modules-2\files-2.1\org.slf4j\slf4j-api\2.0.9\7cf2726fdcfbc8610f9a71fb3ed639871f315340\slf4j-api-2.0.9.jar because it was already located earlier
[279월2026 22:33:30.126] [main/DEBUG] [net.neoforged.fml.loading.moddiscovery.ModDiscoverer/]: Skipping C:\Users\hanjw\.gradle\caches\modules-2\files-2.1\org.antlr\antlr4-runtime\4.13.1\17125bae1d965624e265ef49552f6465a2bfa307\antlr4-runtime-4.13.1.jar because it was already located earlier
[279월2026 22:33:30.127] [main/DEBUG] [net.neoforged.fml.loading.moddiscovery.ModDiscoverer/]: Skipping C:\Users\hanjw\.gradle\caches\modules-2\files-2.1\net.minecraftforge\srgutils\0.4.15\ca408b131759478f164e010fae0d73997e125fb5\srgutils-0.4.15.jar because it was already located earlier
[279월2026 22:33:30.127] [main/DEBUG] [net.neoforged.fml.loading.moddiscovery.ModDiscoverer/]: Skipping C:\Users\hanjw\.gradle\caches\modules-2\files-2.1\org.codehaus.plexus\plexus-utils\3.3.0\cf43b5391de623b36fe066a21127baef82c64022\plexus-utils-3.3.0.jar because it was already located earlier
[279월2026 22:33:30.127] [main/DEBUG] [net.neoforged.fml.loading.moddiscovery.ModDiscoverer/]: Skipping C:\Users\hanjw\.gradle\caches\modules-2\files-2.1\org.jline\jline-reader\3.20.0\8f15415b022a25b473e8e16c28ae913186ffb9c4\jline-reader-3.20.0.jar because it was already located earlier
[279월2026 22:33:30.127] [main/DEBUG] [net.neoforged.fml.loading.moddiscovery.ModDiscoverer/]: Skipping C:\Users\hanjw\.gradle\caches\modules-2\files-2.1\com.machinezoo.noexception\noexception\1.7.1\b65330c98e38a1f915fa54a6e5eca496505e3f0a\noexception-1.7.1.jar because it was already located earlier
[279월2026 22:33:30.127] [main/DEBUG] [net.neoforged.fml.loading.moddiscovery.ModDiscoverer/]: Skipping C:\Users\hanjw\.gradle\caches\modules-2\files-2.1\com.github.oshi\oshi-core\6.4.10\b1d8ab82d11d92fd639b56d639f8f46f739dd5fa\oshi-core-6.4.10.jar because it was already located earlier
[279월2026 22:33:30.127] [main/DEBUG] [net.neoforged.fml.loading.moddiscovery.ModDiscoverer/]: Skipping C:\Users\hanjw\.gradle\caches\modules-2\files-2.1\com.google.guava\failureaccess\1.0.1\1dcf1de382a0bf95a3d8b0849546c88bac1292c9\failureaccess-1.0.1.jar because it was already located earlier
[279월2026 22:33:30.127] [main/DEBUG] [net.neoforged.fml.loading.moddiscovery.ModDiscoverer/]: Skipping C:\Users\hanjw\.gradle\caches\modules-2\files-2.1\com.ibm.icu\icu4j\73.2\61ad4ef7f9131fcf6d25c34b817f90d6da06c9e9\icu4j-73.2.jar because it was already located earlier
[279월2026 22:33:30.127] [main/DEBUG] [net.neoforged.fml.loading.moddiscovery.ModDiscoverer/]: Skipping C:\Users\hanjw\.gradle\caches\modules-2\files-2.1\com.mojang\authlib\6.0.54\de8bc95660e1b2fe8793fd427a7a10dcec5b3ea7\authlib-6.0.54.jar because it was already located earlier
[279월2026 22:33:30.127] [main/DEBUG] [net.neoforged.fml.loading.moddiscovery.ModDiscoverer/]: Skipping C:\Users\hanjw\.gradle\caches\modules-2\files-2.1\com.mojang\blocklist\1.0.10\5c685c5ffa94c4cd39496c7184c1d122e515ecef\blocklist-1.0.10.jar because it was already located earlier
[279월2026 22:33:30.128] [main/DEBUG] [net.neoforged.fml.loading.moddiscovery.ModDiscoverer/]: Skipping C:\Users\hanjw\.gradle\caches\modules-2\files-2.1\com.mojang\brigadier\1.3.10\d15b53a14cf20fdcaa98f731af5dda654452c010\brigadier-1.3.10.jar because it was already located earlier
[279월2026 22:33:30.128] [main/DEBUG] [net.neoforged.fml.loading.moddiscovery.ModDiscoverer/]: Skipping C:\Users\hanjw\.gradle\caches\modules-2\files-2.1\com.mojang\datafixerupper\8.0.16\67d4de6d7f95d89bcf5862995fb854ebaec02a34\datafixerupper-8.0.16.jar because it was already located earlier
[279월2026 22:33:30.128] [main/DEBUG] [net.neoforged.fml.loading.moddiscovery.ModDiscoverer/]: Skipping C:\Users\hanjw\.gradle\caches\modules-2\files-2.1\com.mojang\patchy\2.2.10\da05971b07cbb379d002cf7eaec6a2048211fefc\patchy-2.2.10.jar because it was already located earlier
[279월2026 22:33:30.128] [main/DEBUG] [net.neoforged.fml.loading.moddiscovery.ModDiscoverer/]: Skipping C:\Users\hanjw\.gradle\caches\modules-2\files-2.1\com.mojang\text2speech\1.17.9\3cad216e3a7f0c19b4b394388bc9ffc446f13b14\text2speech-1.17.9.jar because it was already located earlier
[279월2026 22:33:30.128] [main/DEBUG] [net.neoforged.fml.loading.moddiscovery.ModDiscoverer/]: Skipping C:\Users\hanjw\.gradle\caches\modules-2\files-2.1\commons-codec\commons-codec\1.16.0\4e3eb3d79888d76b54e28b350915b5dc3919c9de\commons-codec-1.16.0.jar because it was already located earlier
[279월2026 22:33:30.128] [main/DEBUG] [net.neoforged.fml.loading.moddiscovery.ModDiscoverer/]: Skipping C:\Users\hanjw\.gradle\caches\modules-2\files-2.1\commons-logging\commons-logging\1.2\4bfc12adfe4842bf07b657f0369c4cb522955686\commons-logging-1.2.jar because it was already located earlier
[279월2026 22:33:30.128] [main/DEBUG] [net.neoforged.fml.loading.moddiscovery.ModDiscoverer/]: Skipping C:\Users\hanjw\.gradle\caches\modules-2\files-2.1\io.netty\netty-buffer\4.1.97.Final\f8f3d8644afa5e6e1a40a3a6aeb9d9aa970ecb4f\netty-buffer-4.1.97.Final.jar because it was already located earlier
[279월2026 22:33:30.128] [main/DEBUG] [net.neoforged.fml.loading.moddiscovery.ModDiscoverer/]: Skipping C:\Users\hanjw\.gradle\caches\modules-2\files-2.1\io.netty\netty-codec\4.1.97.Final\384ba4d75670befbedb45c4d3b497a93639c206d\netty-codec-4.1.97.Final.jar because it was already located earlier
[279월2026 22:33:30.128] [main/DEBUG] [net.neoforged.fml.loading.moddiscovery.ModDiscoverer/]: Skipping C:\Users\hanjw\.gradle\caches\modules-2\files-2.1\io.netty\netty-common\4.1.97.Final\7cceacaf11df8dc63f23d0fb58e9d4640fc88404\netty-common-4.1.97.Final.jar because it was already located earlier
[279월2026 22:33:30.128] [main/DEBUG] [net.neoforged.fml.loading.moddiscovery.ModDiscoverer/]: Skipping C:\Users\hanjw\.gradle\caches\modules-2\files-2.1\io.netty\netty-handler\4.1.97.Final\abb86c6906bf512bf2b797a41cd7d2e8d3cd7c36\netty-handler-4.1.97.Final.jar because it was already located earlier
[279월2026 22:33:30.128] [main/DEBUG] [net.neoforged.fml.loading.moddiscovery.ModDiscoverer/]: Skipping C:\Users\hanjw\.gradle\caches\modules-2\files-2.1\io.netty\netty-resolver\4.1.97.Final\cec8348108dc76c47cf87c669d514be52c922144\netty-resolver-4.1.97.Final.jar because it was already located earlier
[279월2026 22:33:30.128] [main/DEBUG] [net.neoforged.fml.loading.moddiscovery.ModDiscoverer/]: Skipping C:\Users\hanjw\.gradle\caches\modules-2\files-2.1\io.netty\netty-transport-classes-epoll\4.1.97.Final\795da37ded759e862457a82d9d92c4d39ce8ecee\netty-transport-classes-epoll-4.1.97.Final.jar because it was already located earlier
[279월2026 22:33:30.128] [main/DEBUG] [net.neoforged.fml.loading.moddiscovery.ModDiscoverer/]: Skipping C:\Users\hanjw\.gradle\caches\modules-2\files-2.1\io.netty\netty-transport-native-unix-common\4.1.97.Final\d469d84265ab70095b01b40886cabdd433b6e664\netty-transport-native-unix-common-4.1.97.Final.jar because it was already located earlier
[279월2026 22:33:30.128] [main/DEBUG] [net.neoforged.fml.loading.moddiscovery.ModDiscoverer/]: Skipping C:\Users\hanjw\.gradle\caches\modules-2\files-2.1\io.netty\netty-transport\4.1.97.Final\f37380d23c9bb079bc702910833b2fd532c9abd0\netty-transport-4.1.97.Final.jar because it was already located earlier
[279월2026 22:33:30.128] [main/DEBUG] [net.neoforged.fml.loading.moddiscovery.ModDiscoverer/]: Skipping C:\Users\hanjw\.gradle\caches\modules-2\files-2.1\it.unimi.dsi\fastutil\8.5.12\c24946d46824bd528054bface3231d2ecb7e95e8\fastutil-8.5.12.jar because it was already located earlier
[279월2026 22:33:30.129] [main/DEBUG] [net.neoforged.fml.loading.moddiscovery.ModDiscoverer/]: Skipping C:\Users\hanjw\.gradle\caches\modules-2\files-2.1\net.java.dev.jna\jna-platform\5.14.0\28934d48aed814f11e4c584da55c49fa7032b31b\jna-platform-5.14.0.jar because it was already located earlier
[279월2026 22:33:30.129] [main/DEBUG] [net.neoforged.fml.loading.moddiscovery.ModDiscoverer/]: Skipping C:\Users\hanjw\.gradle\caches\modules-2\files-2.1\net.java.dev.jna\jna\5.14.0\67bf3eaea4f0718cb376a181a629e5f88fa1c9dd\jna-5.14.0.jar because it was already located earlier
[279월2026 22:33:30.129] [main/DEBUG] [net.neoforged.fml.loading.moddiscovery.ModDiscoverer/]: Skipping C:\Users\hanjw\.gradle\caches\modules-2\files-2.1\org.apache.commons\commons-compress\1.26.0\659feffdd12280201c8aacb8f7be94f9a883c824\commons-compress-1.26.0.jar because it was already located earlier
[279월2026 22:33:30.129] [main/DEBUG] [net.neoforged.fml.loading.moddiscovery.ModDiscoverer/]: Skipping C:\Users\hanjw\.gradle\caches\modules-2\files-2.1\org.apache.httpcomponents\httpclient\4.5.13\e5f6cae5ca7ecaac1ec2827a9e2d65ae2869cada\httpclient-4.5.13.jar because it was already located earlier
[279월2026 22:33:30.129] [main/DEBUG] [net.neoforged.fml.loading.moddiscovery.ModDiscoverer/]: Skipping C:\Users\hanjw\.gradle\caches\modules-2\files-2.1\org.apache.httpcomponents\httpcore\4.4.16\51cf043c87253c9f58b539c9f7e44c8894223850\httpcore-4.4.16.jar because it was already located earlier
[279월2026 22:33:30.129] [main/DEBUG] [net.neoforged.fml.loading.moddiscovery.ModDiscoverer/]: Skipping C:\Users\hanjw\.gradle\caches\modules-2\files-2.1\org.jcraft\jorbis\0.0.17\8872d22b293e8f5d7d56ff92be966e6dc28ebdc6\jorbis-0.0.17.jar because it was already located earlier
[279월2026 22:33:30.129] [main/DEBUG] [net.neoforged.fml.loading.moddiscovery.ModDiscoverer/]: Skipping C:\Users\hanjw\.gradle\caches\modules-2\files-2.1\org.joml\joml\1.10.5\22566d58af70ad3d72308bab63b8339906deb649\joml-1.10.5.jar because it was already located earlier
[279월2026 22:33:30.129] [main/DEBUG] [net.neoforged.fml.loading.moddiscovery.ModDiscoverer/]: Skipping C:\Users\hanjw\.gradle\caches\modules-2\files-2.1\org.lwjgl\lwjgl-freetype\3.3.3\a0db6c84a8becc8ca05f9dbfa985edc348a824c7\lwjgl-freetype-3.3.3.jar because it was already located earlier
[279월2026 22:33:30.134] [main/DEBUG] [net.neoforged.fml.loading.moddiscovery.ModDiscoverer/]: Skipping C:\Users\hanjw\.gradle\caches\modules-2\files-2.1\org.lwjgl\lwjgl-freetype\3.3.3\15a8c1de7f51d07a92eae7ce1222557073a0c0c3\lwjgl-freetype-3.3.3-natives-windows-x86.jar because it was already located earlier
[279월2026 22:33:30.134] [main/DEBUG] [net.neoforged.fml.loading.moddiscovery.ModDiscoverer/]: Skipping C:\Users\hanjw\.gradle\caches\modules-2\files-2.1\org.lwjgl\lwjgl-glfw\3.3.3\efa1eb78c5ccd840e9f329717109b5e892d72f8e\lwjgl-glfw-3.3.3.jar because it was already located earlier
[279월2026 22:33:30.138] [main/DEBUG] [net.neoforged.fml.loading.moddiscovery.ModDiscoverer/]: Skipping C:\Users\hanjw\.gradle\caches\modules-2\files-2.1\org.lwjgl\lwjgl-glfw\3.3.3\32334f3fd5270a59bad9939a93115acb6de36dcf\lwjgl-glfw-3.3.3-natives-windows-x86.jar because it was already located earlier
[279월2026 22:33:30.138] [main/DEBUG] [net.neoforged.fml.loading.moddiscovery.ModDiscoverer/]: Skipping C:\Users\hanjw\.gradle\caches\modules-2\files-2.1\org.lwjgl\lwjgl-jemalloc\3.3.3\b543467b7ff3c6920539a88ee602d34098628be5\lwjgl-jemalloc-3.3.3.jar because it was already located earlier
[279월2026 22:33:30.138] [main/DEBUG] [net.neoforged.fml.loading.moddiscovery.ModDiscoverer/]: Skipping C:\Users\hanjw\.gradle\caches\modules-2\files-2.1\org.lwjgl\lwjgl-jemalloc\3.3.3\426222fc027602a5f21b9c0fe79cde6a4c7a011f\lwjgl-jemalloc-3.3.3-natives-windows.jar because it was already located earlier
[279월2026 22:33:30.142] [main/DEBUG] [net.neoforged.fml.loading.moddiscovery.ModDiscoverer/]: Skipping C:\Users\hanjw\.gradle\caches\modules-2\files-2.1\org.lwjgl\lwjgl-openal\3.3.3\daada81ceb5fc0c291fbfdd4433cb8d9423577f2\lwjgl-openal-3.3.3.jar because it was already located earlier
[279월2026 22:33:30.145] [main/DEBUG] [net.neoforged.fml.loading.moddiscovery.ModDiscoverer/]: Skipping C:\Users\hanjw\.gradle\caches\modules-2\files-2.1\org.lwjgl\lwjgl-openal\3.3.3\87b8d5050e3adb46bb58fe1cb2669a4a48fce10d\lwjgl-openal-3.3.3-natives-windows-x86.jar because it was already located earlier
[279월2026 22:33:30.145] [main/DEBUG] [net.neoforged.fml.loading.moddiscovery.ModDiscoverer/]: Skipping C:\Users\hanjw\.gradle\caches\modules-2\files-2.1\org.lwjgl\lwjgl-opengl\3.3.3\2f6b0147078396a58979125a4c947664e98293a\lwjgl-opengl-3.3.3.jar because it was already located earlier
[279월2026 22:33:30.147] [main/DEBUG] [net.neoforged.fml.loading.moddiscovery.ModDiscoverer/]: Skipping C:\Users\hanjw\.gradle\caches\modules-2\files-2.1\org.lwjgl\lwjgl-opengl\3.3.3\65e956d3735a1abdc82eff4baec1b61174697d4b\lwjgl-opengl-3.3.3-natives-windows-arm64.jar because it was already located earlier
[279월2026 22:33:30.149] [main/DEBUG] [net.neoforged.fml.loading.moddiscovery.ModDiscoverer/]: Skipping C:\Users\hanjw\.gradle\caches\modules-2\files-2.1\org.lwjgl\lwjgl-stb\3.3.3\25dd6161988d7e65f71d5065c99902402ee32746\lwjgl-stb-3.3.3.jar because it was already located earlier
[279월2026 22:33:30.149] [main/DEBUG] [net.neoforged.fml.loading.moddiscovery.ModDiscoverer/]: Skipping C:\Users\hanjw\.gradle\caches\modules-2\files-2.1\org.lwjgl\lwjgl-stb\3.3.3\1d9facdf6541de114b0f963be33505b7679c78cb\lwjgl-stb-3.3.3-natives-windows.jar because it was already located earlier
[279월2026 22:33:30.153] [main/DEBUG] [net.neoforged.fml.loading.moddiscovery.ModDiscoverer/]: Skipping C:\Users\hanjw\.gradle\caches\modules-2\files-2.1\org.lwjgl\lwjgl-tinyfd\3.3.3\82d755ca94b102e9ca77283b9e2dc46d1b15fbe5\lwjgl-tinyfd-3.3.3.jar because it was already located earlier
[279월2026 22:33:30.153] [main/DEBUG] [net.neoforged.fml.loading.moddiscovery.ModDiscoverer/]: Skipping C:\Users\hanjw\.gradle\caches\modules-2\files-2.1\org.lwjgl\lwjgl-tinyfd\3.3.3\a6697981b0449a5087c1d546fc08b4f73e8f98c9\lwjgl-tinyfd-3.3.3-natives-windows.jar because it was already located earlier
[279월2026 22:33:30.157] [main/DEBUG] [net.neoforged.fml.loading.moddiscovery.ModDiscoverer/]: Skipping C:\Users\hanjw\.gradle\caches\modules-2\files-2.1\org.lwjgl\lwjgl\3.3.3\29589b5f87ed335a6c7e7ee6a5775f81f97ecb84\lwjgl-3.3.3.jar because it was already located earlier
[279월2026 22:33:30.161] [main/DEBUG] [net.neoforged.fml.loading.moddiscovery.ModDiscoverer/]: Skipping C:\Users\hanjw\.gradle\caches\modules-2\files-2.1\org.lwjgl\lwjgl\3.3.3\9e670718e050aeaeea0c2d5b907cffb142f2e58f\lwjgl-3.3.3-natives-windows-x86.jar because it was already located earlier
[279월2026 22:33:30.161] [main/DEBUG] [net.neoforged.fml.loading.moddiscovery.ModDiscoverer/]: Skipping C:\Users\hanjw\.gradle\caches\modules-2\files-2.1\org.lz4\lz4-java\1.8.0\4b986a99445e49ea5fbf5d149c4b63f6ed6c6780\lz4-java-1.8.0.jar because it was already located earlier
[279월2026 22:33:30.161] [main/DEBUG] [net.neoforged.fml.loading.moddiscovery.ModDiscoverer/]: Skipping C:\Users\hanjw\.gradle\caches\modules-2\files-2.1\org.jline\jline-terminal\3.20.0\d0ddcc708ddf527a3454c941b7b9225cc83a15ff\jline-terminal-3.20.0.jar because it was already located earlier
[279월2026 22:33:30.161] [main/DEBUG] [net.neoforged.fml.loading.moddiscovery.ModDiscoverer/]: Skipping C:\Users\hanjw\.gradle\caches\modules-2\files-2.1\com.google.guava\listenablefuture\9999.0-empty-to-avoid-conflict-with-guava\b421526c5f297295adef1c886e5246c39d4ac629\listenablefuture-9999.0-empty-to-avoid-conflict-with-guava.jar because it was already located earlier
[279월2026 22:33:30.161] [main/DEBUG] [net.neoforged.fml.loading.moddiscovery.ModDiscoverer/]: Skipping C:\Users\hanjw\.gradle\caches\modules-2\files-2.1\com.google.code.findbugs\jsr305\3.0.2\25ea2e8b0c338a877313bd4672d3fe056ea78f0d\jsr305-3.0.2.jar because it was already located earlier
[279월2026 22:33:30.161] [main/DEBUG] [net.neoforged.fml.loading.moddiscovery.ModDiscoverer/]: Skipping C:\Users\hanjw\.gradle\caches\modules-2\files-2.1\org.checkerframework\checker-qual\3.33.0\de2b60b62da487644fc11f734e73c8b0b431238f\checker-qual-3.33.0.jar because it was already located earlier
[279월2026 22:33:30.161] [main/DEBUG] [net.neoforged.fml.loading.moddiscovery.ModDiscoverer/]: Skipping C:\Users\hanjw\.gradle\caches\modules-2\files-2.1\com.google.errorprone\error_prone_annotations\2.18.0\89b684257096f548fa39a7df9fdaa409d4d4df91\error_prone_annotations-2.18.0.jar because it was already located earlier
[279월2026 22:33:30.161] [main/DEBUG] [net.neoforged.fml.loading.moddiscovery.ModDiscoverer/]: Skipping C:\Users\hanjw\.gradle\caches\modules-2\files-2.1\com.google.j2objc\j2objc-annotations\2.8\c85270e307e7b822f1086b93689124b89768e273\j2objc-annotations-2.8.jar because it was already located earlier
[279월2026 22:33:30.162] [main/DEBUG] [net.neoforged.fml.loading.UniqueModListBuilder/]: Found 2 mods for first modid neoforge, selecting most recent based on version data
[279월2026 22:33:30.162] [main/DEBUG] [net.neoforged.fml.loading.UniqueModListBuilder/]: Selected file neoforge-21.1.250.jar for modid neoforge with version 21.1.250
[279월2026 22:33:30.208] [main/DEBUG] [net.neoforged.fml.loading.moddiscovery.ModFileParser/LOADING]: Considering mod file candidate 
[279월2026 22:33:30.210] [main/DEBUG] [net.neoforged.fml.loading.moddiscovery.ModFileInfo/LOADING]: Found valid mod file architectury-neoforge-13.0.8.jar with {architectury} mods - versions {13.0.8}
[279월2026 22:33:30.247] [main/DEBUG] [net.neoforged.fml.loading.moddiscovery.ModFileParser/LOADING]: Considering mod file candidate 
[279월2026 22:33:30.248] [main/DEBUG] [net.neoforged.fml.loading.moddiscovery.ModFileInfo/LOADING]: Found valid mod file architectury-neoforge-13.0.8.jar with {architectury} mods - versions {13.0.8}
[279월2026 22:33:30.250] [main/INFO] [net.neoforged.fml.loading.moddiscovery.locators.JarInJarDependencyLocator/]: Found 3 dependencies adding them to mods collection
[279월2026 22:33:30.250] [main/INFO] [net.neoforged.fml.loading.moddiscovery.ModDiscoverer/]: 
     Mod List:
		Name Version (Mod Id)

		AAAParticles 1.21-1.4.15 (aaa_particles)
		Architectury 13.0.8 (architectury)
		Corelib 1.21.1-2.1.11 (corelib)
		Epic Fight 21.17.3.1 (epicfight)
		GeckoLib 4 4.8.4 (geckolib)
		gourmet2 1.0-SNAPSHOT (gourmet2)
		Minecraft 1.21.1 (minecraft)
		NeoForge 21.1.250 (neoforge)
[279월2026 22:33:30.252] [main/DEBUG] [net.neoforged.fml.loading.moddiscovery.ModFileInfo/LOADING]: Found valid mod file neoforge-21.1.250.jar with {minecraft} mods - versions {1.21.1}
[279월2026 22:33:30.253] [main/DEBUG] [net.neoforged.fml.loading.moddiscovery.ModFile/LOADING]: Loading mod file C:\Users\hanjw\Downloads\gourmet2-main\gourmet2-main\build\moddev\artifacts\neoforge-21.1.250.jar with languages [LanguageSpec[languageName=minecraft, acceptedVersions=1]]
[279월2026 22:33:30.254] [main/DEBUG] [net.neoforged.fml.loading.moddiscovery.ModFileParser/LOADING]: Considering mod file candidate C:\Users\hanjw\.gradle\caches\modules-2\files-2.1\mod.chloeprime\aaa-particles-neoforge\1.21-1.4.15\6f0ed9b91669878ad632b620b453d205c4909fe0\aaa-particles-neoforge-1.21-1.4.15.jar
[279월2026 22:33:30.255] [main/DEBUG] [net.neoforged.fml.loading.moddiscovery.ModFileInfo/LOADING]: Found valid mod file aaa-particles-neoforge-1.21-1.4.15.jar with {aaa_particles} mods - versions {1.21-1.4.15}
[279월2026 22:33:30.255] [main/DEBUG] [net.neoforged.fml.loading.moddiscovery.ModFile/LOADING]: Loading mod file C:\Users\hanjw\.gradle\caches\modules-2\files-2.1\mod.chloeprime\aaa-particles-neoforge\1.21-1.4.15\6f0ed9b91669878ad632b620b453d205c4909fe0\aaa-particles-neoforge-1.21-1.4.15.jar with languages [LanguageSpec[languageName=javafml, acceptedVersions=[1,)]]
[279월2026 22:33:30.255] [main/DEBUG] [net.neoforged.fml.loading.moddiscovery.ModFile/LOADING]: Found mixin config MixinConfig[config=aaa_particles-common.mixins.json, requiredMods=[]]
[279월2026 22:33:30.255] [main/DEBUG] [net.neoforged.fml.loading.moddiscovery.ModFile/LOADING]: Found mixin config MixinConfig[config=aaa_particles.mixins.json, requiredMods=[]]
[279월2026 22:33:30.255] [main/DEBUG] [net.neoforged.fml.loading.moddiscovery.ModFileParser/LOADING]: Considering mod file candidate C:\Users\hanjw\Downloads\gourmet2-main\gourmet2-main\build\classes\java\main
[279월2026 22:33:30.258] [main/DEBUG] [net.neoforged.fml.loading.moddiscovery.ModFileInfo/LOADING]: Found valid mod file main with {gourmet2} mods - versions {1.0-SNAPSHOT}
[279월2026 22:33:30.258] [main/DEBUG] [net.neoforged.fml.loading.moddiscovery.ModFile/LOADING]: Loading mod file C:\Users\hanjw\Downloads\gourmet2-main\gourmet2-main\build\classes\java\main with languages [LanguageSpec[languageName=javafml, acceptedVersions=[4,)]]
[279월2026 22:33:30.258] [main/DEBUG] [net.neoforged.fml.loading.moddiscovery.ModFileParser/LOADING]: Considering mod file candidate C:\Users\hanjw\.gradle\caches\modules-2\files-2.1\software.bernie.geckolib\geckolib-neoforge-1.21.1\4.8.4\eb854c8ec53ef922a5f3877a1aa4c1ce1352e0ce\geckolib-neoforge-1.21.1-4.8.4.jar
[279월2026 22:33:30.259] [main/DEBUG] [net.neoforged.fml.loading.moddiscovery.ModFileInfo/LOADING]: Found valid mod file geckolib-neoforge-1.21.1-4.8.4.jar with {geckolib} mods - versions {4.8.4}
[279월2026 22:33:30.259] [main/DEBUG] [net.neoforged.fml.loading.moddiscovery.ModFile/LOADING]: Loading mod file C:\Users\hanjw\.gradle\caches\modules-2\files-2.1\software.bernie.geckolib\geckolib-neoforge-1.21.1\4.8.4\eb854c8ec53ef922a5f3877a1aa4c1ce1352e0ce\geckolib-neoforge-1.21.1-4.8.4.jar with languages [LanguageSpec[languageName=javafml, acceptedVersions=[4,)]]
[279월2026 22:33:30.259] [main/DEBUG] [net.neoforged.fml.loading.moddiscovery.ModFile/LOADING]: Found mixin config MixinConfig[config=geckolib.mixins.json, requiredMods=[]]
[279월2026 22:33:30.260] [main/DEBUG] [net.neoforged.fml.loading.moddiscovery.ModFileParser/LOADING]: Considering mod file candidate 
[279월2026 22:33:30.260] [main/DEBUG] [net.neoforged.fml.loading.moddiscovery.ModFileInfo/LOADING]: Found valid mod file architectury-neoforge-13.0.8.jar with {architectury} mods - versions {13.0.8}
[279월2026 22:33:30.261] [main/DEBUG] [net.neoforged.fml.loading.moddiscovery.ModFile/LOADING]: Loading mod file  with languages [LanguageSpec[languageName=javafml, acceptedVersions=[1,)]]
[279월2026 22:33:30.261] [main/DEBUG] [net.neoforged.fml.loading.moddiscovery.ModFile/LOADING]: Found mixin config MixinConfig[config=architectury.mixins.json, requiredMods=[]]
[279월2026 22:33:30.261] [main/DEBUG] [net.neoforged.fml.loading.moddiscovery.ModFile/LOADING]: Found mixin config MixinConfig[config=architectury-common.mixins.json, requiredMods=[]]
[279월2026 22:33:30.261] [main/DEBUG] [net.neoforged.fml.loading.moddiscovery.ModFileParser/LOADING]: Considering mod file candidate C:\Users\hanjw\.gradle\caches\modules-2\files-2.1\maven.modrinth\epic-fight\21.17.3.1-mc1.21.1-neoforge\fb199b7bbea2fc402da28ab586e73f47e32f8fc0\epic-fight-21.17.3.1-mc1.21.1-neoforge.jar
[279월2026 22:33:30.261] [main/DEBUG] [net.neoforged.fml.loading.moddiscovery.ModFileInfo/LOADING]: Found valid mod file epic-fight-21.17.3.1-mc1.21.1-neoforge.jar with {epicfight} mods - versions {21.17.3.1}
[279월2026 22:33:30.261] [main/DEBUG] [net.neoforged.fml.loading.moddiscovery.ModFile/LOADING]: Loading mod file C:\Users\hanjw\.gradle\caches\modules-2\files-2.1\maven.modrinth\epic-fight\21.17.3.1-mc1.21.1-neoforge\fb199b7bbea2fc402da28ab586e73f47e32f8fc0\epic-fight-21.17.3.1-mc1.21.1-neoforge.jar with languages [LanguageSpec[languageName=javafml, acceptedVersions=[1,)]]
[279월2026 22:33:30.261] [main/DEBUG] [net.neoforged.fml.loading.moddiscovery.ModFile/LOADING]: Found mixin config MixinConfig[config=epicfight.mixins.json, requiredMods=[]]
[279월2026 22:33:30.261] [main/DEBUG] [net.neoforged.fml.loading.moddiscovery.ModFile/LOADING]: Found mixin config MixinConfig[config=epicfight-platform.neoforge.mixins.json, requiredMods=[]]
[279월2026 22:33:30.261] [main/DEBUG] [net.neoforged.fml.loading.moddiscovery.ModFile/LOADING]: Found mixin config MixinConfig[config=epicfight-compat.skinlayers3d.mixins.json, requiredMods=[]]
[279월2026 22:33:30.261] [main/DEBUG] [net.neoforged.fml.loading.moddiscovery.ModFile/LOADING]: Found mixin config MixinConfig[config=epicfight-compat.geckolib.mixins.json, requiredMods=[]]
[279월2026 22:33:30.261] [main/DEBUG] [net.neoforged.fml.loading.moddiscovery.ModFile/LOADING]: Found mixin config MixinConfig[config=epicfight-compat.vampirism.mixins.json, requiredMods=[]]
[279월2026 22:33:30.261] [main/DEBUG] [net.neoforged.fml.loading.moddiscovery.ModFile/LOADING]: Found mixin config MixinConfig[config=epicfight-compat.werewolves.mixins.json, requiredMods=[]]
[279월2026 22:33:30.261] [main/DEBUG] [net.neoforged.fml.loading.moddiscovery.ModFile/LOADING]: Found mixin config MixinConfig[config=epicfight-compat.fgm.mixins.json, requiredMods=[]]
[279월2026 22:33:30.262] [main/DEBUG] [net.neoforged.fml.loading.moddiscovery.ModFileParser/LOADING]: Considering mod file candidate C:\Users\hanjw\Downloads\gourmet2-main\gourmet2-main\build\moddev\artifacts\neoforge-21.1.250.jar
[279월2026 22:33:30.262] [main/DEBUG] [net.neoforged.fml.loading.moddiscovery.ModFileInfo/LOADING]: Found valid mod file neoforge-21.1.250.jar with {neoforge} mods - versions {21.1.250}
[279월2026 22:33:30.262] [main/DEBUG] [net.neoforged.fml.loading.moddiscovery.ModFile/LOADING]: Loading mod file C:\Users\hanjw\Downloads\gourmet2-main\gourmet2-main\build\moddev\artifacts\neoforge-21.1.250.jar with languages [LanguageSpec[languageName=javafml, acceptedVersions=[3,]]]
[279월2026 22:33:30.262] [main/DEBUG] [net.neoforged.fml.loading.moddiscovery.ModFile/LOADING]: Found mixin config MixinConfig[config=neoforge.mixins.json, requiredMods=[]]
[279월2026 22:33:30.262] [main/DEBUG] [net.neoforged.fml.loading.moddiscovery.ModFileParser/LOADING]: Considering mod file candidate C:\Users\hanjw\.gradle\caches\modules-2\files-2.1\de.maxhenkel.corelib\corelib\1.21.1-2.1.11\338756067aa548cfc4680d3b8258de01a48cb74\corelib-1.21.1-2.1.11.jar
[279월2026 22:33:30.263] [main/DEBUG] [net.neoforged.fml.loading.moddiscovery.ModFileInfo/LOADING]: Found valid mod file corelib-1.21.1-2.1.11.jar with {corelib} mods - versions {1.21.1-2.1.11}
[279월2026 22:33:30.263] [main/DEBUG] [net.neoforged.fml.loading.moddiscovery.ModFile/LOADING]: Loading mod file C:\Users\hanjw\.gradle\caches\modules-2\files-2.1\de.maxhenkel.corelib\corelib\1.21.1-2.1.11\338756067aa548cfc4680d3b8258de01a48cb74\corelib-1.21.1-2.1.11.jar with languages [LanguageSpec[languageName=javafml, acceptedVersions=*]]
[279월2026 22:33:30.263] [main/DEBUG] [net.neoforged.fml.loading.moddiscovery.ModFile/LOADING]: Loading mod file  with languages []
[279월2026 22:33:30.263] [main/DEBUG] [cpw.mods.modlauncher.TransformationServiceDecorator/MODLAUNCHER]: End scan trigger - transformation service fml
[279월2026 22:33:30.270] [main/DEBUG] [net.neoforged.fml.util.ServiceLoaderUtil/CORE]: Found 3 implementations of IModLanguageLoader:
[279월2026 22:33:30.271] [main/DEBUG] [net.neoforged.fml.util.ServiceLoaderUtil/CORE]: 	net.neoforged.fml.javafmlmod.FMLJavaModLanguageProvider from loader-4.0.44.jar
[279월2026 22:33:30.271] [main/DEBUG] [net.neoforged.fml.util.ServiceLoaderUtil/CORE]: 	net.neoforged.fml.lowcodemod.LowCodeModLanguageProvider from loader-4.0.44.jar
[279월2026 22:33:30.271] [main/DEBUG] [net.neoforged.fml.util.ServiceLoaderUtil/CORE]: 	net.neoforged.fml.mclanguageprovider.MinecraftModLanguageProvider from loader-4.0.44.jar
[279월2026 22:33:30.271] [main/DEBUG] [net.neoforged.fml.loading.LanguageProviderLoader/CORE]: Found language provider javafml, version 4.0.44
[279월2026 22:33:30.272] [main/DEBUG] [net.neoforged.fml.loading.LanguageProviderLoader/CORE]: Found language provider lowcodefml, version 4.0.44
[279월2026 22:33:30.272] [main/DEBUG] [net.neoforged.fml.loading.LanguageProviderLoader/CORE]: Found language provider minecraft, version 4.0.44
[279월2026 22:33:30.274] [main/DEBUG] [net.neoforged.fml.loading.ModSorter/]: Configured system mods: [minecraft, neoforge]
[279월2026 22:33:30.274] [main/DEBUG] [net.neoforged.fml.loading.ModSorter/]: Found system mod: minecraft
[279월2026 22:33:30.274] [main/DEBUG] [net.neoforged.fml.loading.ModSorter/]: Found system mod: neoforge
[279월2026 22:33:30.275] [main/DEBUG] [net.neoforged.fml.loading.ModSorter/LOADING]: Found 15 mod requirements (13 mandatory, 2 optional)
[279월2026 22:33:30.275] [main/DEBUG] [net.neoforged.fml.loading.ModSorter/LOADING]: Found 0 mod requirements missing (0 mandatory, 0 optional)
[279월2026 22:33:30.350] [main/DEBUG] [mixin/]: Adding mixin platform agents for container net.neoforged.fml.loading.mixin.FMLMixinContainerHandle@610df783
[279월2026 22:33:30.350] [main/DEBUG] [mixin/]: Instancing new MixinPlatformAgentMinecraftForge for net.neoforged.fml.loading.mixin.FMLMixinContainerHandle@610df783
[279월2026 22:33:30.350] [main/DEBUG] [mixin/]: MixinPlatformAgentMinecraftForge rejected container net.neoforged.fml.loading.mixin.FMLMixinContainerHandle@610df783
[279월2026 22:33:30.351] [main/DEBUG] [mixin/]: Instancing new MixinPlatformAgentDefault for net.neoforged.fml.loading.mixin.FMLMixinContainerHandle@610df783
[279월2026 22:33:30.351] [main/DEBUG] [mixin/]: MixinPlatformAgentDefault accepted container net.neoforged.fml.loading.mixin.FMLMixinContainerHandle@610df783
[279월2026 22:33:30.351] [main/DEBUG] [mixin/]: Instancing new FMLMixinPlatformAgent for net.neoforged.fml.loading.mixin.FMLMixinContainerHandle@610df783
[279월2026 22:33:30.351] [main/DEBUG] [mixin/]: FMLMixinPlatformAgent accepted container net.neoforged.fml.loading.mixin.FMLMixinContainerHandle@610df783
[279월2026 22:33:30.360] [main/DEBUG] [cpw.mods.modlauncher.TransformationServicesHandler/MODLAUNCHER]: Transformation services loading transformers
[279월2026 22:33:30.361] [main/DEBUG] [cpw.mods.modlauncher.TransformationServiceDecorator/MODLAUNCHER]: Initializing transformers for transformation service mixin
[279월2026 22:33:30.361] [main/DEBUG] [cpw.mods.modlauncher.TransformationServiceDecorator/MODLAUNCHER]: Initialized transformers for transformation service mixin
[279월2026 22:33:30.362] [main/DEBUG] [cpw.mods.modlauncher.TransformationServiceDecorator/MODLAUNCHER]: Initializing transformers for transformation service fml
[279월2026 22:33:30.362] [main/DEBUG] [net.neoforged.fml.loading.FMLServiceProvider/LOADING]: Loading coremod transformers
[279월2026 22:33:30.362] [main/DEBUG] [net.neoforged.fml.loading.FMLServiceProvider/CORE]: Not loading coremod script-engine since no mod requested it
[279월2026 22:33:30.364] [main/DEBUG] [net.neoforged.fml.util.ServiceLoaderUtil/CORE]: Found 1 implementations of ICoreMod:
[279월2026 22:33:30.364] [main/DEBUG] [net.neoforged.fml.util.ServiceLoaderUtil/CORE]: 	net.neoforged.neoforge.coremods.NeoForgeCoreMod from neoforge-21.1.250.jar > net.neoforged.neoforge-coremods-21.1.250.jar
[279월2026 22:33:30.377] [main/DEBUG] [net.neoforged.fml.loading.FMLServiceProvider/CORE]: Adding [Target[className=net.minecraft.world.level.biome.Biome, elementName=, elementDescriptor=, targetType=cpw.mods.modlauncher.api.TargetType@26bab2f1]] transformer from core-mod net.neoforged.neoforge.coremods.NeoForgeCoreMod@6df3e44c in neoforge-21.1.250.jar > net.neoforged.neoforge-coremods-21.1.250.jar
[279월2026 22:33:30.377] [main/DEBUG] [net.neoforged.fml.loading.FMLServiceProvider/CORE]: Adding [Target[className=net.minecraft.world.level.levelgen.structure.Structure, elementName=, elementDescriptor=, targetType=cpw.mods.modlauncher.api.TargetType@26bab2f1]] transformer from core-mod net.neoforged.neoforge.coremods.NeoForgeCoreMod@6df3e44c in neoforge-21.1.250.jar > net.neoforged.neoforge-coremods-21.1.250.jar
[279월2026 22:33:30.377] [main/DEBUG] [net.neoforged.fml.loading.FMLServiceProvider/CORE]: Adding [Target[className=net.minecraft.world.level.block.FlowerPotBlock, elementName=, elementDescriptor=, targetType=cpw.mods.modlauncher.api.TargetType@26bab2f1]] transformer from core-mod net.neoforged.neoforge.coremods.NeoForgeCoreMod@6df3e44c in neoforge-21.1.250.jar > net.neoforged.neoforge-coremods-21.1.250.jar
[279월2026 22:33:30.377] [main/DEBUG] [net.neoforged.fml.loading.FMLServiceProvider/CORE]: Adding [Target[className=net/minecraft/world/entity/npc/CatSpawner, elementName=, elementDescriptor=, targetType=cpw.mods.modlauncher.api.TargetType@26bab2f1], Target[className=net/minecraft/world/level/levelgen/PhantomSpawner, elementName=, elementDescriptor=, targetType=cpw.mods.modlauncher.api.TargetType@26bab2f1], Target[className=net/minecraft/world/entity/monster/Zombie, elementName=, elementDescriptor=, targetType=cpw.mods.modlauncher.api.TargetType@26bab2f1], Target[className=net/minecraft/world/entity/monster/Spider, elementName=, elementDescriptor=, targetType=cpw.mods.modlauncher.api.TargetType@26bab2f1], Target[className=net/minecraft/world/level/levelgen/structure/structures/OceanRuinPieces$OceanRuinPiece, elementName=, elementDescriptor=, targetType=cpw.mods.modlauncher.api.TargetType@26bab2f1], Target[className=net/minecraft/world/level/levelgen/structure/templatesystem/StructureTemplate, elementName=, elementDescriptor=, targetType=cpw.mods.modlauncher.api.TargetType@26bab2f1], Target[className=net/minecraft/world/entity/animal/horse/SkeletonTrapGoal, elementName=, elementDescriptor=, targetType=cpw.mods.modlauncher.api.TargetType@26bab2f1], Target[className=net/minecraft/world/entity/raid/Raid, elementName=, elementDescriptor=, targetType=cpw.mods.modlauncher.api.TargetType@26bab2f1], Target[className=net/minecraft/world/entity/ai/village/VillageSiege, elementName=, elementDescriptor=, targetType=cpw.mods.modlauncher.api.TargetType@26bab2f1], Target[className=net/minecraft/world/entity/monster/Strider, elementName=, elementDescriptor=, targetType=cpw.mods.modlauncher.api.TargetType@26bab2f1], Target[className=net/minecraft/world/level/NaturalSpawner, elementName=, elementDescriptor=, targetType=cpw.mods.modlauncher.api.TargetType@26bab2f1], Target[className=net/minecraft/world/entity/EntityType, elementName=, elementDescriptor=, targetType=cpw.mods.modlauncher.api.TargetType@26bab2f1], Target[className=net/minecraft/server/commands/SummonCommand, elementName=, elementDescriptor=, targetType=cpw.mods.modlauncher.api.TargetType@26bab2f1], Target[className=net/minecraft/world/level/levelgen/structure/structures/WoodlandMansionPieces$WoodlandMansionPiece, elementName=, elementDescriptor=, targetType=cpw.mods.modlauncher.api.TargetType@26bab2f1], Target[className=net/minecraft/server/commands/RaidCommand, elementName=, elementDescriptor=, targetType=cpw.mods.modlauncher.api.TargetType@26bab2f1], Target[className=net/minecraft/world/entity/monster/Evoker$EvokerSummonSpellGoal, elementName=, elementDescriptor=, targetType=cpw.mods.modlauncher.api.TargetType@26bab2f1], Target[className=net/minecraft/world/level/levelgen/PatrolSpawner, elementName=, elementDescriptor=, targetType=cpw.mods.modlauncher.api.TargetType@26bab2f1], Target[className=net/minecraft/world/entity/monster/ZombieVillager, elementName=, elementDescriptor=, targetType=cpw.mods.modlauncher.api.TargetType@26bab2f1], Target[className=net/minecraft/world/level/levelgen/structure/structures/OceanMonumentPieces$OceanMonumentPiece, elementName=, elementDescriptor=, targetType=cpw.mods.modlauncher.api.TargetType@26bab2f1], Target[className=net/minecraft/world/level/levelgen/structure/structures/SwampHutPiece, elementName=, elementDescriptor=, targetType=cpw.mods.modlauncher.api.TargetType@26bab2f1], Target[className=net/minecraft/world/entity/animal/frog/Tadpole, elementName=, elementDescriptor=, targetType=cpw.mods.modlauncher.api.TargetType@26bab2f1], Target[className=net/minecraft/world/entity/npc/Villager, elementName=, elementDescriptor=, targetType=cpw.mods.modlauncher.api.TargetType@26bab2f1]] transformer from core-mod net.neoforged.neoforge.coremods.NeoForgeCoreMod@6df3e44c in neoforge-21.1.250.jar > net.neoforged.neoforge-coremods-21.1.250.jar
[279월2026 22:33:30.382] [main/DEBUG] [cpw.mods.modlauncher.TransformStore/MODLAUNCHER]: Adding transformer net.neoforged.neoforge.coremods.ReplaceFieldWithGetterAccess@6d9fb2d1 to Target : cpw.mods.modlauncher.api.TargetType@26bab2f1 {Lnet/minecraft/world/level/biome/Biome;} {} {V}
[279월2026 22:33:30.385] [main/DEBUG] [cpw.mods.modlauncher.TransformStore/MODLAUNCHER]: Adding transformer net.neoforged.neoforge.coremods.ReplaceFieldWithGetterAccess@23811a09 to Target : cpw.mods.modlauncher.api.TargetType@26bab2f1 {Lnet/minecraft/world/level/levelgen/structure/Structure;} {} {V}
[279월2026 22:33:30.385] [main/DEBUG] [cpw.mods.modlauncher.TransformStore/MODLAUNCHER]: Adding transformer net.neoforged.neoforge.coremods.ReplaceFieldWithGetterAccess@2125ad3 to Target : cpw.mods.modlauncher.api.TargetType@26bab2f1 {Lnet/minecraft/world/level/block/FlowerPotBlock;} {} {V}
[279월2026 22:33:30.385] [main/DEBUG] [cpw.mods.modlauncher.TransformStore/MODLAUNCHER]: Adding transformer net.neoforged.neoforge.coremods.MethodRedirector@7a5b769b to Target : cpw.mods.modlauncher.api.TargetType@26bab2f1 {Lnet/minecraft/world/entity/npc/CatSpawner;} {} {V}
[279월2026 22:33:30.386] [main/DEBUG] [cpw.mods.modlauncher.TransformStore/MODLAUNCHER]: Adding transformer net.neoforged.neoforge.coremods.MethodRedirector@7a5b769b to Target : cpw.mods.modlauncher.api.TargetType@26bab2f1 {Lnet/minecraft/world/level/levelgen/PhantomSpawner;} {} {V}
[279월2026 22:33:30.386] [main/DEBUG] [cpw.mods.modlauncher.TransformStore/MODLAUNCHER]: Adding transformer net.neoforged.neoforge.coremods.MethodRedirector@7a5b769b to Target : cpw.mods.modlauncher.api.TargetType@26bab2f1 {Lnet/minecraft/world/entity/monster/Zombie;} {} {V}
[279월2026 22:33:30.386] [main/DEBUG] [cpw.mods.modlauncher.TransformStore/MODLAUNCHER]: Adding transformer net.neoforged.neoforge.coremods.MethodRedirector@7a5b769b to Target : cpw.mods.modlauncher.api.TargetType@26bab2f1 {Lnet/minecraft/world/entity/monster/Spider;} {} {V}
[279월2026 22:33:30.386] [main/DEBUG] [cpw.mods.modlauncher.TransformStore/MODLAUNCHER]: Adding transformer net.neoforged.neoforge.coremods.MethodRedirector@7a5b769b to Target : cpw.mods.modlauncher.api.TargetType@26bab2f1 {Lnet/minecraft/world/level/levelgen/structure/structures/OceanRuinPieces$OceanRuinPiece;} {} {V}
[279월2026 22:33:30.386] [main/DEBUG] [cpw.mods.modlauncher.TransformStore/MODLAUNCHER]: Adding transformer net.neoforged.neoforge.coremods.MethodRedirector@7a5b769b to Target : cpw.mods.modlauncher.api.TargetType@26bab2f1 {Lnet/minecraft/world/level/levelgen/structure/templatesystem/StructureTemplate;} {} {V}
[279월2026 22:33:30.387] [main/DEBUG] [cpw.mods.modlauncher.TransformStore/MODLAUNCHER]: Adding transformer net.neoforged.neoforge.coremods.MethodRedirector@7a5b769b to Target : cpw.mods.modlauncher.api.TargetType@26bab2f1 {Lnet/minecraft/world/entity/animal/horse/SkeletonTrapGoal;} {} {V}
[279월2026 22:33:30.387] [main/DEBUG] [cpw.mods.modlauncher.TransformStore/MODLAUNCHER]: Adding transformer net.neoforged.neoforge.coremods.MethodRedirector@7a5b769b to Target : cpw.mods.modlauncher.api.TargetType@26bab2f1 {Lnet/minecraft/world/entity/raid/Raid;} {} {V}
[279월2026 22:33:30.387] [main/DEBUG] [cpw.mods.modlauncher.TransformStore/MODLAUNCHER]: Adding transformer net.neoforged.neoforge.coremods.MethodRedirector@7a5b769b to Target : cpw.mods.modlauncher.api.TargetType@26bab2f1 {Lnet/minecraft/world/entity/ai/village/VillageSiege;} {} {V}
[279월2026 22:33:30.388] [main/DEBUG] [cpw.mods.modlauncher.TransformStore/MODLAUNCHER]: Adding transformer net.neoforged.neoforge.coremods.MethodRedirector@7a5b769b to Target : cpw.mods.modlauncher.api.TargetType@26bab2f1 {Lnet/minecraft/world/entity/monster/Strider;} {} {V}
[279월2026 22:33:30.388] [main/DEBUG] [cpw.mods.modlauncher.TransformStore/MODLAUNCHER]: Adding transformer net.neoforged.neoforge.coremods.MethodRedirector@7a5b769b to Target : cpw.mods.modlauncher.api.TargetType@26bab2f1 {Lnet/minecraft/world/level/NaturalSpawner;} {} {V}
[279월2026 22:33:30.388] [main/DEBUG] [cpw.mods.modlauncher.TransformStore/MODLAUNCHER]: Adding transformer net.neoforged.neoforge.coremods.MethodRedirector@7a5b769b to Target : cpw.mods.modlauncher.api.TargetType@26bab2f1 {Lnet/minecraft/world/entity/EntityType;} {} {V}
[279월2026 22:33:30.388] [main/DEBUG] [cpw.mods.modlauncher.TransformStore/MODLAUNCHER]: Adding transformer net.neoforged.neoforge.coremods.MethodRedirector@7a5b769b to Target : cpw.mods.modlauncher.api.TargetType@26bab2f1 {Lnet/minecraft/server/commands/SummonCommand;} {} {V}
[279월2026 22:33:30.388] [main/DEBUG] [cpw.mods.modlauncher.TransformStore/MODLAUNCHER]: Adding transformer net.neoforged.neoforge.coremods.MethodRedirector@7a5b769b to Target : cpw.mods.modlauncher.api.TargetType@26bab2f1 {Lnet/minecraft/world/level/levelgen/structure/structures/WoodlandMansionPieces$WoodlandMansionPiece;} {} {V}
[279월2026 22:33:30.388] [main/DEBUG] [cpw.mods.modlauncher.TransformStore/MODLAUNCHER]: Adding transformer net.neoforged.neoforge.coremods.MethodRedirector@7a5b769b to Target : cpw.mods.modlauncher.api.TargetType@26bab2f1 {Lnet/minecraft/server/commands/RaidCommand;} {} {V}
[279월2026 22:33:30.389] [main/DEBUG] [cpw.mods.modlauncher.TransformStore/MODLAUNCHER]: Adding transformer net.neoforged.neoforge.coremods.MethodRedirector@7a5b769b to Target : cpw.mods.modlauncher.api.TargetType@26bab2f1 {Lnet/minecraft/world/entity/monster/Evoker$EvokerSummonSpellGoal;} {} {V}
[279월2026 22:33:30.389] [main/DEBUG] [cpw.mods.modlauncher.TransformStore/MODLAUNCHER]: Adding transformer net.neoforged.neoforge.coremods.MethodRedirector@7a5b769b to Target : cpw.mods.modlauncher.api.TargetType@26bab2f1 {Lnet/minecraft/world/level/levelgen/PatrolSpawner;} {} {V}
[279월2026 22:33:30.389] [main/DEBUG] [cpw.mods.modlauncher.TransformStore/MODLAUNCHER]: Adding transformer net.neoforged.neoforge.coremods.MethodRedirector@7a5b769b to Target : cpw.mods.modlauncher.api.TargetType@26bab2f1 {Lnet/minecraft/world/entity/monster/ZombieVillager;} {} {V}
[279월2026 22:33:30.390] [main/DEBUG] [cpw.mods.modlauncher.TransformStore/MODLAUNCHER]: Adding transformer net.neoforged.neoforge.coremods.MethodRedirector@7a5b769b to Target : cpw.mods.modlauncher.api.TargetType@26bab2f1 {Lnet/minecraft/world/level/levelgen/structure/structures/OceanMonumentPieces$OceanMonumentPiece;} {} {V}
[279월2026 22:33:30.390] [main/DEBUG] [cpw.mods.modlauncher.TransformStore/MODLAUNCHER]: Adding transformer net.neoforged.neoforge.coremods.MethodRedirector@7a5b769b to Target : cpw.mods.modlauncher.api.TargetType@26bab2f1 {Lnet/minecraft/world/level/levelgen/structure/structures/SwampHutPiece;} {} {V}
[279월2026 22:33:30.390] [main/DEBUG] [cpw.mods.modlauncher.TransformStore/MODLAUNCHER]: Adding transformer net.neoforged.neoforge.coremods.MethodRedirector@7a5b769b to Target : cpw.mods.modlauncher.api.TargetType@26bab2f1 {Lnet/minecraft/world/entity/animal/frog/Tadpole;} {} {V}
[279월2026 22:33:30.390] [main/DEBUG] [cpw.mods.modlauncher.TransformStore/MODLAUNCHER]: Adding transformer net.neoforged.neoforge.coremods.MethodRedirector@7a5b769b to Target : cpw.mods.modlauncher.api.TargetType@26bab2f1 {Lnet/minecraft/world/entity/npc/Villager;} {} {V}
[279월2026 22:33:30.390] [main/DEBUG] [cpw.mods.modlauncher.TransformationServiceDecorator/MODLAUNCHER]: Initialized transformers for transformation service fml
[279월2026 22:33:30.784] [main/DEBUG] [mixin/]: Processing prepare() for PlatformAgent[MixinPlatformAgentDefault:ModLauncher Root Container(ModLauncher:4f56a0a2)]
[279월2026 22:33:30.784] [main/DEBUG] [mixin/]: Processing prepare() for PlatformAgent[MixinPlatformAgentDefault:net.neoforged.fml.loading.mixin.FMLMixinContainerHandle@610df783]
[279월2026 22:33:30.784] [main/DEBUG] [mixin/]: Processing prepare() for PlatformAgent[FMLMixinPlatformAgent:null]
[279월2026 22:33:30.809] [main/DEBUG] [mixin/]: Compatibility level JAVA_17 specified by aaa_particles-common.mixins.json is higher than the maximum level supported by this version of mixin (JAVA_13).
[279월2026 22:33:30.811] [main/INFO] [mixin/]: Compatibility level set to JAVA_17
[279월2026 22:33:30.814] [main/DEBUG] [mixin/]: Compatibility level JAVA_21 specified by epicfight.mixins.json is higher than the maximum level supported by this version of mixin (JAVA_13).
[279월2026 22:33:30.814] [main/INFO] [mixin/]: Compatibility level set to JAVA_21
[279월2026 22:33:30.817] [main/DEBUG] [mixin/]: Compatibility level JAVA_16 specified by architectury.mixins.json is higher than the maximum level supported by this version of mixin (JAVA_13).
[279월2026 22:33:30.818] [main/DEBUG] [mixin/]: Compatibility level JAVA_16 specified by architectury-common.mixins.json is higher than the maximum level supported by this version of mixin (JAVA_13).
[279월2026 22:33:30.820] [main/DEBUG] [mixin/]: Processing launch tasks for PlatformAgent[MixinPlatformAgentDefault:ModLauncher Root Container(ModLauncher:4f56a0a2)]
[279월2026 22:33:30.820] [main/DEBUG] [mixin/]: Adding mixin platform agents for container SecureJarResource(mixin_synthetic)
[279월2026 22:33:30.820] [main/DEBUG] [mixin/]: Instancing new MixinPlatformAgentMinecraftForge for SecureJarResource(mixin_synthetic)
[279월2026 22:33:30.820] [main/DEBUG] [mixin/]: MixinPlatformAgentMinecraftForge rejected container SecureJarResource(mixin_synthetic)
[279월2026 22:33:30.820] [main/DEBUG] [mixin/]: Instancing new MixinPlatformAgentDefault for SecureJarResource(mixin_synthetic)
[279월2026 22:33:30.820] [main/DEBUG] [mixin/]: MixinPlatformAgentDefault accepted container SecureJarResource(mixin_synthetic)
[279월2026 22:33:30.820] [main/DEBUG] [mixin/]: Instancing new FMLMixinPlatformAgent for SecureJarResource(mixin_synthetic)
[279월2026 22:33:30.820] [main/DEBUG] [mixin/]: FMLMixinPlatformAgent rejected container SecureJarResource(mixin_synthetic)
[279월2026 22:33:30.820] [main/DEBUG] [mixin/]: Processing prepare() for PlatformAgent[MixinPlatformAgentDefault:SecureJarResource(mixin_synthetic)]
[279월2026 22:33:30.820] [main/DEBUG] [mixin/]: Adding mixin platform agents for container SecureJarResource(aaa_particles)
[279월2026 22:33:30.820] [main/DEBUG] [mixin/]: Instancing new MixinPlatformAgentMinecraftForge for SecureJarResource(aaa_particles)
[279월2026 22:33:30.820] [main/DEBUG] [mixin/]: MixinPlatformAgentMinecraftForge rejected container SecureJarResource(aaa_particles)
[279월2026 22:33:30.820] [main/DEBUG] [mixin/]: Instancing new MixinPlatformAgentDefault for SecureJarResource(aaa_particles)
[279월2026 22:33:30.820] [main/DEBUG] [mixin/]: MixinPlatformAgentDefault accepted container SecureJarResource(aaa_particles)
[279월2026 22:33:30.820] [main/DEBUG] [mixin/]: Instancing new FMLMixinPlatformAgent for SecureJarResource(aaa_particles)
[279월2026 22:33:30.820] [main/DEBUG] [mixin/]: FMLMixinPlatformAgent rejected container SecureJarResource(aaa_particles)
[279월2026 22:33:30.820] [main/DEBUG] [mixin/]: Processing prepare() for PlatformAgent[MixinPlatformAgentDefault:SecureJarResource(aaa_particles)]
[279월2026 22:33:30.820] [main/DEBUG] [mixin/]: Adding mixin platform agents for container SecureJarResource(minecraft)
[279월2026 22:33:30.820] [main/DEBUG] [mixin/]: Instancing new MixinPlatformAgentMinecraftForge for SecureJarResource(minecraft)
[279월2026 22:33:30.820] [main/DEBUG] [mixin/]: MixinPlatformAgentMinecraftForge rejected container SecureJarResource(minecraft)
[279월2026 22:33:30.820] [main/DEBUG] [mixin/]: Instancing new MixinPlatformAgentDefault for SecureJarResource(minecraft)
[279월2026 22:33:30.820] [main/DEBUG] [mixin/]: MixinPlatformAgentDefault accepted container SecureJarResource(minecraft)
[279월2026 22:33:30.820] [main/DEBUG] [mixin/]: Instancing new FMLMixinPlatformAgent for SecureJarResource(minecraft)
[279월2026 22:33:30.820] [main/DEBUG] [mixin/]: FMLMixinPlatformAgent rejected container SecureJarResource(minecraft)
[279월2026 22:33:30.820] [main/DEBUG] [mixin/]: Processing prepare() for PlatformAgent[MixinPlatformAgentDefault:SecureJarResource(minecraft)]
[279월2026 22:33:30.820] [main/DEBUG] [mixin/]: Adding mixin platform agents for container SecureJarResource(geckolib)
[279월2026 22:33:30.820] [main/DEBUG] [mixin/]: Instancing new MixinPlatformAgentMinecraftForge for SecureJarResource(geckolib)
[279월2026 22:33:30.820] [main/DEBUG] [mixin/]: MixinPlatformAgentMinecraftForge rejected container SecureJarResource(geckolib)
[279월2026 22:33:30.820] [main/DEBUG] [mixin/]: Instancing new MixinPlatformAgentDefault for SecureJarResource(geckolib)
[279월2026 22:33:30.822] [main/DEBUG] [mixin/]: MixinPlatformAgentDefault accepted container SecureJarResource(geckolib)
[279월2026 22:33:30.822] [main/DEBUG] [mixin/]: Instancing new FMLMixinPlatformAgent for SecureJarResource(geckolib)
[279월2026 22:33:30.822] [main/DEBUG] [mixin/]: FMLMixinPlatformAgent rejected container SecureJarResource(geckolib)
[279월2026 22:33:30.822] [main/DEBUG] [mixin/]: Processing prepare() for PlatformAgent[MixinPlatformAgentDefault:SecureJarResource(geckolib)]
[279월2026 22:33:30.822] [main/DEBUG] [mixin/]: Registering mixin config: geckolib.mixins.json source=SecureJarResource(geckolib)
[279월2026 22:33:30.822] [main/DEBUG] [mixin/]: Adding mixin platform agents for container SecureJarResource(epicfight)
[279월2026 22:33:30.822] [main/DEBUG] [mixin/]: Instancing new MixinPlatformAgentMinecraftForge for SecureJarResource(epicfight)
[279월2026 22:33:30.822] [main/DEBUG] [mixin/]: MixinPlatformAgentMinecraftForge rejected container SecureJarResource(epicfight)
[279월2026 22:33:30.822] [main/DEBUG] [mixin/]: Instancing new MixinPlatformAgentDefault for SecureJarResource(epicfight)
[279월2026 22:33:30.822] [main/DEBUG] [mixin/]: MixinPlatformAgentDefault accepted container SecureJarResource(epicfight)
[279월2026 22:33:30.822] [main/DEBUG] [mixin/]: Instancing new FMLMixinPlatformAgent for SecureJarResource(epicfight)
[279월2026 22:33:30.822] [main/DEBUG] [mixin/]: FMLMixinPlatformAgent rejected container SecureJarResource(epicfight)
[279월2026 22:33:30.822] [main/DEBUG] [mixin/]: Processing prepare() for PlatformAgent[MixinPlatformAgentDefault:SecureJarResource(epicfight)]
[279월2026 22:33:30.822] [main/DEBUG] [mixin/]: Adding mixin platform agents for container SecureJarResource(gourmet2)
[279월2026 22:33:30.822] [main/DEBUG] [mixin/]: Instancing new MixinPlatformAgentMinecraftForge for SecureJarResource(gourmet2)
[279월2026 22:33:30.822] [main/DEBUG] [mixin/]: MixinPlatformAgentMinecraftForge rejected container SecureJarResource(gourmet2)
[279월2026 22:33:30.822] [main/DEBUG] [mixin/]: Instancing new MixinPlatformAgentDefault for SecureJarResource(gourmet2)
[279월2026 22:33:30.822] [main/DEBUG] [mixin/]: MixinPlatformAgentDefault accepted container SecureJarResource(gourmet2)
[279월2026 22:33:30.822] [main/DEBUG] [mixin/]: Instancing new FMLMixinPlatformAgent for SecureJarResource(gourmet2)
[279월2026 22:33:30.822] [main/DEBUG] [mixin/]: FMLMixinPlatformAgent rejected container SecureJarResource(gourmet2)
[279월2026 22:33:30.822] [main/DEBUG] [mixin/]: Processing prepare() for PlatformAgent[MixinPlatformAgentDefault:SecureJarResource(gourmet2)]
[279월2026 22:33:30.822] [main/DEBUG] [mixin/]: Adding mixin platform agents for container SecureJarResource(architectury)
[279월2026 22:33:30.822] [main/DEBUG] [mixin/]: Instancing new MixinPlatformAgentMinecraftForge for SecureJarResource(architectury)
[279월2026 22:33:30.822] [main/DEBUG] [mixin/]: MixinPlatformAgentMinecraftForge rejected container SecureJarResource(architectury)
[279월2026 22:33:30.822] [main/DEBUG] [mixin/]: Instancing new MixinPlatformAgentDefault for SecureJarResource(architectury)
[279월2026 22:33:30.822] [main/DEBUG] [mixin/]: MixinPlatformAgentDefault accepted container SecureJarResource(architectury)
[279월2026 22:33:30.822] [main/DEBUG] [mixin/]: Instancing new FMLMixinPlatformAgent for SecureJarResource(architectury)
[279월2026 22:33:30.822] [main/DEBUG] [mixin/]: FMLMixinPlatformAgent rejected container SecureJarResource(architectury)
[279월2026 22:33:30.822] [main/DEBUG] [mixin/]: Processing prepare() for PlatformAgent[MixinPlatformAgentDefault:SecureJarResource(architectury)]
[279월2026 22:33:30.822] [main/DEBUG] [mixin/]: Adding mixin platform agents for container SecureJarResource(corelib)
[279월2026 22:33:30.822] [main/DEBUG] [mixin/]: Instancing new MixinPlatformAgentMinecraftForge for SecureJarResource(corelib)
[279월2026 22:33:30.822] [main/DEBUG] [mixin/]: MixinPlatformAgentMinecraftForge rejected container SecureJarResource(corelib)
[279월2026 22:33:30.822] [main/DEBUG] [mixin/]: Instancing new MixinPlatformAgentDefault for SecureJarResource(corelib)
[279월2026 22:33:30.822] [main/DEBUG] [mixin/]: MixinPlatformAgentDefault accepted container SecureJarResource(corelib)
[279월2026 22:33:30.822] [main/DEBUG] [mixin/]: Instancing new FMLMixinPlatformAgent for SecureJarResource(corelib)
[279월2026 22:33:30.822] [main/DEBUG] [mixin/]: FMLMixinPlatformAgent rejected container SecureJarResource(corelib)
[279월2026 22:33:30.822] [main/DEBUG] [mixin/]: Processing prepare() for PlatformAgent[MixinPlatformAgentDefault:SecureJarResource(corelib)]
[279월2026 22:33:30.822] [main/DEBUG] [mixin/]: Adding mixin platform agents for container SecureJarResource(mixinextras.neoforge)
[279월2026 22:33:30.822] [main/DEBUG] [mixin/]: Instancing new MixinPlatformAgentMinecraftForge for SecureJarResource(mixinextras.neoforge)
[279월2026 22:33:30.822] [main/DEBUG] [mixin/]: MixinPlatformAgentMinecraftForge rejected container SecureJarResource(mixinextras.neoforge)
[279월2026 22:33:30.822] [main/DEBUG] [mixin/]: Instancing new MixinPlatformAgentDefault for SecureJarResource(mixinextras.neoforge)
[279월2026 22:33:30.822] [main/DEBUG] [mixin/]: MixinPlatformAgentDefault accepted container SecureJarResource(mixinextras.neoforge)
[279월2026 22:33:30.822] [main/DEBUG] [mixin/]: Instancing new FMLMixinPlatformAgent for SecureJarResource(mixinextras.neoforge)
[279월2026 22:33:30.823] [main/DEBUG] [mixin/]: FMLMixinPlatformAgent rejected container SecureJarResource(mixinextras.neoforge)
[279월2026 22:33:30.823] [main/DEBUG] [mixin/]: Processing prepare() for PlatformAgent[MixinPlatformAgentDefault:SecureJarResource(mixinextras.neoforge)]
[279월2026 22:33:30.823] [main/DEBUG] [mixin/]: Registering mixin config: mixinextras.init.mixins.json source=SecureJarResource(mixinextras.neoforge)
[279월2026 22:33:30.823] [main/DEBUG] [mixin/]: inject() running with 11 agents
[279월2026 22:33:30.823] [main/DEBUG] [mixin/]: Processing inject() for PlatformAgent[MixinPlatformAgentDefault:ModLauncher Root Container(ModLauncher:4f56a0a2)]
[279월2026 22:33:30.823] [main/DEBUG] [mixin/]: Processing inject() for PlatformAgent[MixinPlatformAgentDefault:net.neoforged.fml.loading.mixin.FMLMixinContainerHandle@610df783]
[279월2026 22:33:30.823] [main/DEBUG] [mixin/]: Processing inject() for PlatformAgent[FMLMixinPlatformAgent:null]
[279월2026 22:33:30.823] [main/DEBUG] [mixin/]: Processing inject() for PlatformAgent[MixinPlatformAgentDefault:SecureJarResource(mixin_synthetic)]
[279월2026 22:33:30.823] [main/DEBUG] [mixin/]: Processing inject() for PlatformAgent[MixinPlatformAgentDefault:SecureJarResource(aaa_particles)]
[279월2026 22:33:30.823] [main/DEBUG] [mixin/]: Processing inject() for PlatformAgent[MixinPlatformAgentDefault:SecureJarResource(minecraft)]
[279월2026 22:33:30.824] [main/DEBUG] [mixin/]: Processing inject() for PlatformAgent[MixinPlatformAgentDefault:SecureJarResource(geckolib)]
[279월2026 22:33:30.824] [main/DEBUG] [mixin/]: Processing inject() for PlatformAgent[MixinPlatformAgentDefault:SecureJarResource(epicfight)]
[279월2026 22:33:30.824] [main/DEBUG] [mixin/]: Processing inject() for PlatformAgent[MixinPlatformAgentDefault:SecureJarResource(gourmet2)]
[279월2026 22:33:30.824] [main/DEBUG] [mixin/]: Processing inject() for PlatformAgent[MixinPlatformAgentDefault:SecureJarResource(architectury)]
[279월2026 22:33:30.824] [main/DEBUG] [mixin/]: Processing inject() for PlatformAgent[MixinPlatformAgentDefault:SecureJarResource(corelib)]
[279월2026 22:33:30.824] [main/DEBUG] [mixin/]: Processing inject() for PlatformAgent[MixinPlatformAgentDefault:SecureJarResource(mixinextras.neoforge)]
[279월2026 22:33:30.824] [main/INFO] [cpw.mods.modlauncher.LaunchServiceHandler/MODLAUNCHER]: Launching target 'forgeclientdev' with arguments [--version, 21.1.250, --gameDir, ., --assetsDir, C:\Users\hanjw\.gradle\caches\neoformruntime\assets, --assetIndex, 17]
[279월2026 22:33:30.858] [main/DEBUG] [mixin/]: Preparing mixins for MixinEnvironment[DEFAULT]
[279월2026 22:33:30.859] [main/DEBUG] [mixin/]: Selecting config aaa_particles-common.mixins.json
[279월2026 22:33:30.859] [main/DEBUG] [mixin/]: Selecting config aaa_particles.mixins.json
[279월2026 22:33:30.861] [main/DEBUG] [mixin/]: Selecting config geckolib.mixins.json
[279월2026 22:33:30.861] [main/WARN] [mixin/]: Reference map 'geckolib.refmap.json' for geckolib.mixins.json could not be read. If this is a development environment you can ignore this message
[279월2026 22:33:30.861] [main/DEBUG] [mixin/]: Selecting config epicfight.mixins.json
[279월2026 22:33:30.862] [main/WARN] [mixin/]: Reference map 'epicfight.mixins.refmap.json' for epicfight.mixins.json could not be read. If this is a development environment you can ignore this message
[279월2026 22:33:30.862] [main/DEBUG] [mixin/]: Selecting config epicfight-platform.neoforge.mixins.json
[279월2026 22:33:30.862] [main/DEBUG] [mixin/]: Selecting config epicfight-compat.skinlayers3d.mixins.json
[279월2026 22:33:30.866] [main/DEBUG] [mixin/]: Selecting config epicfight-compat.geckolib.mixins.json
[279월2026 22:33:30.866] [main/DEBUG] [mixin/]: Selecting config epicfight-compat.vampirism.mixins.json
[279월2026 22:33:30.867] [main/DEBUG] [mixin/]: Selecting config epicfight-compat.werewolves.mixins.json
[279월2026 22:33:30.867] [main/DEBUG] [mixin/]: Selecting config epicfight-compat.fgm.mixins.json
[279월2026 22:33:30.868] [main/DEBUG] [mixin/]: Selecting config architectury.mixins.json
[279월2026 22:33:30.868] [main/DEBUG] [mixin/]: Selecting config architectury-common.mixins.json
[279월2026 22:33:30.869] [main/DEBUG] [mixin/]: Selecting config neoforge.mixins.json
[279월2026 22:33:30.869] [main/DEBUG] [mixin/]: Selecting config mixinextras.init.mixins.json
[279월2026 22:33:30.908] [main/DEBUG] [MixinExtras|Service/]: com.llamalad7.mixinextras.service.MixinExtrasServiceImpl(version=0.5.3) is taking over from null
[279월2026 22:33:30.939] [main/DEBUG] [mixin/]: Registering new injector for @Inject with org.spongepowered.asm.mixin.injection.struct.CallbackInjectionInfo
[279월2026 22:33:30.940] [main/DEBUG] [mixin/]: Registering new injector for @ModifyArg with org.spongepowered.asm.mixin.injection.struct.ModifyArgInjectionInfo
[279월2026 22:33:30.940] [main/DEBUG] [mixin/]: Registering new injector for @ModifyArgs with org.spongepowered.asm.mixin.injection.struct.ModifyArgsInjectionInfo
[279월2026 22:33:30.941] [main/DEBUG] [mixin/]: Registering new injector for @Redirect with org.spongepowered.asm.mixin.injection.struct.RedirectInjectionInfo
[279월2026 22:33:30.943] [main/DEBUG] [mixin/]: Registering new injector for @ModifyVariable with org.spongepowered.asm.mixin.injection.struct.ModifyVariableInjectionInfo
[279월2026 22:33:30.944] [main/DEBUG] [mixin/]: Registering new injector for @ModifyConstant with org.spongepowered.asm.mixin.injection.struct.ModifyConstantInjectionInfo
[279월2026 22:33:30.950] [main/DEBUG] [mixin/]: Preparing aaa_particles-common.mixins.json (6)
[279월2026 22:33:31.012] [main/DEBUG] [mixin/]: Preparing aaa_particles.mixins.json (0)
[279월2026 22:33:31.012] [main/DEBUG] [mixin/]: Preparing geckolib.mixins.json (7)
[279월2026 22:33:31.030] [main/DEBUG] [mixin/]: Preparing epicfight.mixins.json (38)
[279월2026 22:33:31.090] [main/DEBUG] [mixin/]: Preparing epicfight-platform.neoforge.mixins.json (1)
[279월2026 22:33:31.093] [main/DEBUG] [mixin/]: Preparing epicfight-compat.skinlayers3d.mixins.json (2)
[279월2026 22:33:31.094] [main/DEBUG] [mixin/]: Preparing epicfight-compat.geckolib.mixins.json (1)
[279월2026 22:33:31.094] [main/DEBUG] [mixin/]: Preparing epicfight-compat.vampirism.mixins.json (1)
[279월2026 22:33:31.095] [main/DEBUG] [mixin/]: Preparing epicfight-compat.werewolves.mixins.json (1)
[279월2026 22:33:31.095] [main/DEBUG] [mixin/]: Preparing epicfight-compat.fgm.mixins.json (2)
[279월2026 22:33:31.095] [main/DEBUG] [mixin/]: Preparing architectury.mixins.json (11)
[279월2026 22:33:31.101] [main/DEBUG] [mixin/]: Preparing architectury-common.mixins.json (9)
[279월2026 22:33:31.117] [main/DEBUG] [mixin/]: Preparing neoforge.mixins.json (2)
[279월2026 22:33:31.119] [main/DEBUG] [mixin/]: Preparing mixinextras.init.mixins.json (0)
[279월2026 22:33:31.149] [main/DEBUG] [mixin/]: Prepared 75 mixins in 0.288 sec (3.8ms avg) (0ms load, 0ms transform, 0ms plugin)
[279월2026 22:33:31.161] [main/INFO] [MixinExtras|Service/]: Initializing MixinExtras via com.llamalad7.mixinextras.service.MixinExtrasServiceImpl(version=0.5.3).
[279월2026 22:33:31.162] [main/DEBUG] [mixin/]: Registering new injector for @SugarWrapper with com.llamalad7.mixinextras.sugar.impl.SugarWrapperInjectionInfo
[279월2026 22:33:31.162] [main/DEBUG] [mixin/]: Registering new injector for @FactoryRedirectWrapper with com.llamalad7.mixinextras.wrapper.factory.FactoryRedirectWrapperInjectionInfo
[279월2026 22:33:31.162] [main/DEBUG] [mixin/]: Registering new injector for @ExpressionInjectorWrapper with com.llamalad7.mixinextras.expression.impl.wrapper.ExpressionInjectorWrapperInjectionInfo
[279월2026 22:33:31.172] [main/DEBUG] [mixin/]: Mixing client.MixinMinecraft from aaa_particles-common.mixins.json into net.minecraft.client.Minecraft
[279월2026 22:33:31.174] [main/DEBUG] [mixin/]: aaa_particles-common.mixins.json:client.MixinMinecraft from mod aaa_particles: Class version 65 required is higher than the class version supported by the current version of Mixin (JAVA_17 supports class version 61)
[279월2026 22:33:31.180] [main/DEBUG] [mixin/]: Renaming synthetic method lambda$endReload$0(Ljava/lang/Void;)V to md57a2c9$aaa_particles$lambda$endReload$0$0 in aaa_particles-common.mixins.json:client.MixinMinecraft from mod aaa_particles
[279월2026 22:33:31.191] [main/DEBUG] [mixin/]: Mixing client.MixinMinecraft from epicfight.mixins.json into net.minecraft.client.Minecraft
[279월2026 22:33:31.212] [main/DEBUG] [mixin/]: Mixing MixinMinecraft from architectury.mixins.json into net.minecraft.client.Minecraft
[279월2026 22:33:31.212] [main/DEBUG] [mixin/]: architectury.mixins.json:MixinMinecraft from mod architectury: Class version 65 required is higher than the class version supported by the current version of Mixin (JAVA_16 supports class version 60)
[279월2026 22:33:31.279] [main/DEBUG] [mixin/]: aaa_particles-common.mixins.json:client.MixinMinecraft from mod aaa_particles->@Inject::onConstructorFinished(Lnet/minecraft/client/main/GameConfig;Lorg/spongepowered/asm/mixin/injection/callback/CallbackInfo;)V doesn't use it's CallbackInfo
[279월2026 22:33:31.279] [main/DEBUG] [mixin/]: aaa_particles-common.mixins.json:client.MixinMinecraft from mod aaa_particles->@Inject::onConstructorFinished(Lnet/minecraft/client/main/GameConfig;Lorg/spongepowered/asm/mixin/injection/callback/CallbackInfo;)V has 0 override(s) in child classes
[279월2026 22:33:31.279] [main/DEBUG] [mixin/]: aaa_particles-common.mixins.json:client.MixinMinecraft from mod aaa_particles->@Inject::onConstructorFinished(Lnet/minecraft/client/main/GameConfig;Lorg/spongepowered/asm/mixin/injection/callback/CallbackInfo;)V won't be passed a CallbackInfo as a result
[279월2026 22:33:31.279] [main/DEBUG] [mixin/]: aaa_particles-common.mixins.json:client.MixinMinecraft from mod aaa_particles->@Inject::resizeCapturedDepthBuffer(Lorg/spongepowered/asm/mixin/injection/callback/CallbackInfo;)V doesn't use it's CallbackInfo
[279월2026 22:33:31.279] [main/DEBUG] [mixin/]: aaa_particles-common.mixins.json:client.MixinMinecraft from mod aaa_particles->@Inject::resizeCapturedDepthBuffer(Lorg/spongepowered/asm/mixin/injection/callback/CallbackInfo;)V has 0 override(s) in child classes
[279월2026 22:33:31.279] [main/DEBUG] [mixin/]: aaa_particles-common.mixins.json:client.MixinMinecraft from mod aaa_particles->@Inject::resizeCapturedDepthBuffer(Lorg/spongepowered/asm/mixin/injection/callback/CallbackInfo;)V won't be passed a CallbackInfo as a result
[279월2026 22:33:31.280] [main/DEBUG] [mixin/]: aaa_particles-common.mixins.json:client.MixinMinecraft from mod aaa_particles->@Inject::beginReload(Lorg/spongepowered/asm/mixin/injection/callback/CallbackInfoReturnable;)V doesn't use it's CallbackInfoReturnable
[279월2026 22:33:31.280] [main/DEBUG] [mixin/]: aaa_particles-common.mixins.json:client.MixinMinecraft from mod aaa_particles->@Inject::beginReload(Lorg/spongepowered/asm/mixin/injection/callback/CallbackInfoReturnable;)V has 0 override(s) in child classes
[279월2026 22:33:31.280] [main/DEBUG] [mixin/]: aaa_particles-common.mixins.json:client.MixinMinecraft from mod aaa_particles->@Inject::beginReload(Lorg/spongepowered/asm/mixin/injection/callback/CallbackInfoReturnable;)V won't be passed a CallbackInfoReturnable as a result
[279월2026 22:33:31.281] [main/DEBUG] [mixin/]: aaa_particles-common.mixins.json:client.MixinMinecraft from mod aaa_particles->@Inject::trackDeltaTime(ZLorg/spongepowered/asm/mixin/injection/callback/CallbackInfo;)V doesn't use it's CallbackInfo
[279월2026 22:33:31.281] [main/DEBUG] [mixin/]: aaa_particles-common.mixins.json:client.MixinMinecraft from mod aaa_particles->@Inject::trackDeltaTime(ZLorg/spongepowered/asm/mixin/injection/callback/CallbackInfo;)V has 0 override(s) in child classes
[279월2026 22:33:31.281] [main/DEBUG] [mixin/]: aaa_particles-common.mixins.json:client.MixinMinecraft from mod aaa_particles->@Inject::trackDeltaTime(ZLorg/spongepowered/asm/mixin/injection/callback/CallbackInfo;)V won't be passed a CallbackInfo as a result
[279월2026 22:33:31.282] [main/DEBUG] [mixin/]: epicfight.mixins.json:client.MixinMinecraft from mod epicfight->@Inject::epicfight$handleKeybindsHEAD(Lorg/spongepowered/asm/mixin/injection/callback/CallbackInfo;)V doesn't use it's CallbackInfo
[279월2026 22:33:31.282] [main/DEBUG] [mixin/]: epicfight.mixins.json:client.MixinMinecraft from mod epicfight->@Inject::epicfight$handleKeybindsHEAD(Lorg/spongepowered/asm/mixin/injection/callback/CallbackInfo;)V has 0 override(s) in child classes
[279월2026 22:33:31.282] [main/DEBUG] [mixin/]: epicfight.mixins.json:client.MixinMinecraft from mod epicfight->@Inject::epicfight$handleKeybindsHEAD(Lorg/spongepowered/asm/mixin/injection/callback/CallbackInfo;)V won't be passed a CallbackInfo as a result
[279월2026 22:33:31.282] [main/DEBUG] [mixin/]: epicfight.mixins.json:client.MixinMinecraft from mod epicfight->@Inject::epicfight$handleKeybindsINVOKE(Lorg/spongepowered/asm/mixin/injection/callback/CallbackInfo;)V doesn't use it's CallbackInfo
[279월2026 22:33:31.282] [main/DEBUG] [mixin/]: epicfight.mixins.json:client.MixinMinecraft from mod epicfight->@Inject::epicfight$handleKeybindsINVOKE(Lorg/spongepowered/asm/mixin/injection/callback/CallbackInfo;)V has 0 override(s) in child classes
[279월2026 22:33:31.282] [main/DEBUG] [mixin/]: epicfight.mixins.json:client.MixinMinecraft from mod epicfight->@Inject::epicfight$handleKeybindsINVOKE(Lorg/spongepowered/asm/mixin/injection/callback/CallbackInfo;)V won't be passed a CallbackInfo as a result
[279월2026 22:33:31.282] [main/DEBUG] [mixin/]: epicfight.mixins.json:client.MixinMinecraft from mod epicfight->@Inject::epicfight$shouldEntityAppearGlowing(Lnet/minecraft/world/entity/Entity;Lorg/spongepowered/asm/mixin/injection/callback/CallbackInfoReturnable;)V does use it's CallbackInfoReturnable
[279월2026 22:33:31.282] [main/DEBUG] [mixin/]: epicfight.mixins.json:client.MixinMinecraft from mod epicfight->@Inject::onStartVanillaAttack(Lorg/spongepowered/asm/mixin/injection/callback/CallbackInfoReturnable;)V does use it's CallbackInfoReturnable
[279월2026 22:33:31.283] [main/DEBUG] [mixin/]: epicfight.mixins.json:client.MixinMinecraft from mod epicfight->@Inject::onContinueVanillaAttack(ZLorg/spongepowered/asm/mixin/injection/callback/CallbackInfo;)V does use it's CallbackInfo
[279월2026 22:33:31.283] [main/DEBUG] [mixin/]: epicfight.mixins.json:client.MixinMinecraft from mod epicfight->@Inject::startUseItem(Lorg/spongepowered/asm/mixin/injection/callback/CallbackInfo;)V doesn't use it's CallbackInfo
[279월2026 22:33:31.283] [main/DEBUG] [mixin/]: epicfight.mixins.json:client.MixinMinecraft from mod epicfight->@Inject::startUseItem(Lorg/spongepowered/asm/mixin/injection/callback/CallbackInfo;)V has 0 override(s) in child classes
[279월2026 22:33:31.283] [main/DEBUG] [mixin/]: epicfight.mixins.json:client.MixinMinecraft from mod epicfight->@Inject::startUseItem(Lorg/spongepowered/asm/mixin/injection/callback/CallbackInfo;)V won't be passed a CallbackInfo as a result
[279월2026 22:33:31.284] [main/DEBUG] [mixin/]: epicfight.mixins.json:client.MixinMinecraft from mod epicfight->@Inject::startUseItem(Lorg/spongepowered/asm/mixin/injection/callback/CallbackInfo;)V doesn't use it's CallbackInfo
[279월2026 22:33:31.284] [main/DEBUG] [mixin/]: epicfight.mixins.json:client.MixinMinecraft from mod epicfight->@Inject::startUseItem(Lorg/spongepowered/asm/mixin/injection/callback/CallbackInfo;)V has 0 override(s) in child classes
[279월2026 22:33:31.284] [main/DEBUG] [mixin/]: epicfight.mixins.json:client.MixinMinecraft from mod epicfight->@Inject::startUseItem(Lorg/spongepowered/asm/mixin/injection/callback/CallbackInfo;)V won't be passed a CallbackInfo as a result
[279월2026 22:33:31.284] [main/DEBUG] [mixin/]: epicfight.mixins.json:client.MixinMinecraft from mod epicfight->@Inject::startUseItem(Lorg/spongepowered/asm/mixin/injection/callback/CallbackInfo;)V doesn't use it's CallbackInfo
[279월2026 22:33:31.284] [main/DEBUG] [mixin/]: epicfight.mixins.json:client.MixinMinecraft from mod epicfight->@Inject::startUseItem(Lorg/spongepowered/asm/mixin/injection/callback/CallbackInfo;)V has 0 override(s) in child classes
[279월2026 22:33:31.284] [main/DEBUG] [mixin/]: epicfight.mixins.json:client.MixinMinecraft from mod epicfight->@Inject::startUseItem(Lorg/spongepowered/asm/mixin/injection/callback/CallbackInfo;)V won't be passed a CallbackInfo as a result
[279월2026 22:33:31.284] [main/DEBUG] [mixin/]: epicfight.mixins.json:client.MixinMinecraft from mod epicfight->@Inject::startUseItem(Lorg/spongepowered/asm/mixin/injection/callback/CallbackInfo;)V doesn't use it's CallbackInfo
[279월2026 22:33:31.284] [main/DEBUG] [mixin/]: epicfight.mixins.json:client.MixinMinecraft from mod epicfight->@Inject::startUseItem(Lorg/spongepowered/asm/mixin/injection/callback/CallbackInfo;)V has 0 override(s) in child classes
[279월2026 22:33:31.284] [main/DEBUG] [mixin/]: epicfight.mixins.json:client.MixinMinecraft from mod epicfight->@Inject::startUseItem(Lorg/spongepowered/asm/mixin/injection/callback/CallbackInfo;)V won't be passed a CallbackInfo as a result
[279월2026 22:33:31.284] [main/DEBUG] [mixin/]: architectury.mixins.json:MixinMinecraft from mod architectury->@Inject::onStart(Lorg/spongepowered/asm/mixin/injection/callback/CallbackInfo;)V doesn't use it's CallbackInfo
[279월2026 22:33:31.284] [main/DEBUG] [mixin/]: architectury.mixins.json:MixinMinecraft from mod architectury->@Inject::onStart(Lorg/spongepowered/asm/mixin/injection/callback/CallbackInfo;)V has 0 override(s) in child classes
[279월2026 22:33:31.284] [main/DEBUG] [mixin/]: architectury.mixins.json:MixinMinecraft from mod architectury->@Inject::onStart(Lorg/spongepowered/asm/mixin/injection/callback/CallbackInfo;)V won't be passed a CallbackInfo as a result
[279월2026 22:33:31.284] [main/DEBUG] [mixin/]: architectury.mixins.json:MixinMinecraft from mod architectury->@Inject::onStopping(Lorg/spongepowered/asm/mixin/injection/callback/CallbackInfo;)V doesn't use it's CallbackInfo
[279월2026 22:33:31.284] [main/DEBUG] [mixin/]: architectury.mixins.json:MixinMinecraft from mod architectury->@Inject::onStopping(Lorg/spongepowered/asm/mixin/injection/callback/CallbackInfo;)V has 0 override(s) in child classes
[279월2026 22:33:31.284] [main/DEBUG] [mixin/]: architectury.mixins.json:MixinMinecraft from mod architectury->@Inject::onStopping(Lorg/spongepowered/asm/mixin/injection/callback/CallbackInfo;)V won't be passed a CallbackInfo as a result
[279월2026 22:33:31.406] [main/DEBUG] [io.netty.util.internal.logging.InternalLoggerFactory/]: Using SLF4J as the default logging framework
[279월2026 22:33:31.407] [main/DEBUG] [io.netty.util.ResourceLeakDetector/]: -Dio.netty.leakDetection.level: simple
[279월2026 22:33:31.408] [main/DEBUG] [io.netty.util.ResourceLeakDetector/]: -Dio.netty.leakDetection.targetRecords: 4
[279월2026 22:33:31.427] [main/DEBUG] [mixin/]: Mixing MixinResourceLocation from aaa_particles-common.mixins.json into net.minecraft.resources.ResourceLocation
[279월2026 22:33:31.427] [main/DEBUG] [mixin/]: aaa_particles-common.mixins.json:MixinResourceLocation from mod aaa_particles: Class version 65 required is higher than the class version supported by the current version of Mixin (JAVA_17 supports class version 61)
[279월2026 22:33:31.427] [main/DEBUG] [mixin/]: Renaming @Invoker method invokeConstructor(Ljava/lang/String;Ljava/lang/String;)Lnet/minecraft/resources/ResourceLocation; to invokeConstructor$aaa_particles_$md$57a2c9$0 in aaa_particles-common.mixins.json:MixinResourceLocation from mod aaa_particles
[279월2026 22:33:31.900] [main/DEBUG] [oshi.util.FileUtil/]: No oshi.properties file found from ClassLoader cpw.mods.modlauncher.TransformingClassLoader@12aa4996
[279월2026 22:33:32.117] [Datafixer Bootstrap/INFO] [com.mojang.datafixers.DataFixerBuilder/]: 229 Datafixer optimizations took 231 milliseconds
[279월2026 22:33:32.194] [main/DEBUG] [oshi.util.FileUtil/]: No oshi.architecture.properties file found from ClassLoader cpw.mods.modlauncher.TransformingClassLoader@12aa4996
[279월2026 22:33:32.232] [pool-12-thread-1/DEBUG] [mixin/]: Mixing MappedRegistryAccessor from neoforge.mixins.json into net.minecraft.core.MappedRegistry
[279월2026 22:33:32.285] [pool-12-thread-1/DEBUG] [mixin/]: Mixing inject.MixinBlock from architectury-common.mixins.json into net.minecraft.world.level.block.Block
[279월2026 22:33:32.287] [pool-12-thread-1/DEBUG] [mixin/]: architectury-common.mixins.json:inject.MixinBlock from mod architectury: Class version 65 required is higher than the class version supported by the current version of Mixin (JAVA_16 supports class version 60)
[279월2026 22:33:32.313] [pool-12-thread-1/DEBUG] [mixin/]: Mixing common.MixinEntity from epicfight.mixins.json into net.minecraft.world.entity.Entity
[279월2026 22:33:32.314] [pool-12-thread-1/DEBUG] [mixin/]: Renaming synthetic method lambda$epicfight$setOnGroundWithMovement$3(Lyesman/epicfight/world/capabilities/entitypatch/LivingEntityPatch;)V to md57a2c9$epicfight$lambda$epicfight$setOnGroundWithMovement$3$0 in epicfight.mixins.json:common.MixinEntity from mod epicfight
[279월2026 22:33:32.314] [pool-12-thread-1/DEBUG] [mixin/]: Renaming synthetic method lambda$epicfight$load$2(Lnet/minecraft/nbt/CompoundTag;Lyesman/epicfight/world/capabilities/entitypatch/EntityPatch;)V to md57a2c9$epicfight$lambda$epicfight$load$2$1 in epicfight.mixins.json:common.MixinEntity from mod epicfight
[279월2026 22:33:32.314] [pool-12-thread-1/DEBUG] [mixin/]: Renaming synthetic method lambda$epicfight$saveWithoutId$1(Lnet/minecraft/nbt/CompoundTag;Lyesman/epicfight/world/capabilities/entitypatch/EntityPatch;)V to md57a2c9$epicfight$lambda$epicfight$saveWithoutId$1$2 in epicfight.mixins.json:common.MixinEntity from mod epicfight
[279월2026 22:33:32.314] [pool-12-thread-1/DEBUG] [mixin/]: Renaming synthetic method lambda$epicfight$lerpMotion$0(Lorg/spongepowered/asm/mixin/injection/callback/CallbackInfo;Lyesman/epicfight/world/capabilities/entitypatch/LivingEntityPatch;)V to md57a2c9$epicfight$lambda$epicfight$lerpMotion$0$3 in epicfight.mixins.json:common.MixinEntity from mod epicfight
[279월2026 22:33:32.336] [pool-12-thread-1/DEBUG] [mixin/]: epicfight.mixins.json:common.MixinEntity from mod epicfight->@Inject::epicfight$onAddedToLevel(Lorg/spongepowered/asm/mixin/injection/callback/CallbackInfo;)V doesn't use it's CallbackInfo
[279월2026 22:33:32.336] [pool-12-thread-1/DEBUG] [mixin/]: epicfight.mixins.json:common.MixinEntity from mod epicfight->@Inject::epicfight$onAddedToLevel(Lorg/spongepowered/asm/mixin/injection/callback/CallbackInfo;)V has 0 override(s) in child classes
[279월2026 22:33:32.336] [pool-12-thread-1/DEBUG] [mixin/]: epicfight.mixins.json:common.MixinEntity from mod epicfight->@Inject::epicfight$onAddedToLevel(Lorg/spongepowered/asm/mixin/injection/callback/CallbackInfo;)V won't be passed a CallbackInfo as a result
[279월2026 22:33:32.336] [pool-12-thread-1/DEBUG] [mixin/]: epicfight.mixins.json:common.MixinEntity from mod epicfight->@Inject::epicfight$lerpMotion(DDDLorg/spongepowered/asm/mixin/injection/callback/CallbackInfo;)V does use it's CallbackInfo
[279월2026 22:33:32.336] [pool-12-thread-1/DEBUG] [mixin/]: epicfight.mixins.json:common.MixinEntity from mod epicfight->@Inject::epicfight$remove(Lnet/minecraft/world/entity/Entity$RemovalReason;Lorg/spongepowered/asm/mixin/injection/callback/CallbackInfo;)V doesn't use it's CallbackInfo
[279월2026 22:33:32.336] [pool-12-thread-1/DEBUG] [mixin/]: epicfight.mixins.json:common.MixinEntity from mod epicfight->@Inject::epicfight$remove(Lnet/minecraft/world/entity/Entity$RemovalReason;Lorg/spongepowered/asm/mixin/injection/callback/CallbackInfo;)V has 0 override(s) in child classes
[279월2026 22:33:32.336] [pool-12-thread-1/DEBUG] [mixin/]: epicfight.mixins.json:common.MixinEntity from mod epicfight->@Inject::epicfight$remove(Lnet/minecraft/world/entity/Entity$RemovalReason;Lorg/spongepowered/asm/mixin/injection/callback/CallbackInfo;)V won't be passed a CallbackInfo as a result
[279월2026 22:33:32.336] [pool-12-thread-1/DEBUG] [mixin/]: epicfight.mixins.json:common.MixinEntity from mod epicfight->@Inject::epicfight$setOnGroundWithMovement(ZLnet/minecraft/world/phys/Vec3;Lorg/spongepowered/asm/mixin/injection/callback/CallbackInfo;)V doesn't use it's CallbackInfo
[279월2026 22:33:32.336] [pool-12-thread-1/DEBUG] [mixin/]: epicfight.mixins.json:common.MixinEntity from mod epicfight->@Inject::epicfight$setOnGroundWithMovement(ZLnet/minecraft/world/phys/Vec3;Lorg/spongepowered/asm/mixin/injection/callback/CallbackInfo;)V has 0 override(s) in child classes
[279월2026 22:33:32.336] [pool-12-thread-1/DEBUG] [mixin/]: epicfight.mixins.json:common.MixinEntity from mod epicfight->@Inject::epicfight$setOnGroundWithMovement(ZLnet/minecraft/world/phys/Vec3;Lorg/spongepowered/asm/mixin/injection/callback/CallbackInfo;)V won't be passed a CallbackInfo as a result
[279월2026 22:33:32.353] [pool-12-thread-1/DEBUG] [mixin/]: Mixing common.MixinPlayer from epicfight.mixins.json into net.minecraft.world.entity.player.Player
[279월2026 22:33:32.353] [pool-12-thread-1/DEBUG] [mixin/]: Renaming synthetic method lambda$epicfight$recordDamage$0(Lnet/minecraft/world/damagesource/CombatTracker;Lyesman/epicfight/world/capabilities/entitypatch/LivingEntityPatch;)V to md57a2c9$epicfight$lambda$epicfight$recordDamage$0$0 in epicfight.mixins.json:common.MixinPlayer from mod epicfight
[279월2026 22:33:32.380] [pool-12-thread-1/DEBUG] [mixin/]: Mixing common.LivingEntityMixin from geckolib.mixins.json into net.minecraft.world.entity.LivingEntity
[279월2026 22:33:32.380] [pool-12-thread-1/DEBUG] [mixin/]: geckolib.mixins.json:common.LivingEntityMixin from mod geckolib: Class version 65 required is higher than the class version supported by the current version of Mixin (JAVA_17 supports class version 61)
[279월2026 22:33:32.399] [pool-12-thread-1/DEBUG] [mixin/]: Mixing common.MixinLivingEntity from epicfight.mixins.json into net.minecraft.world.entity.LivingEntity
[279월2026 22:33:32.400] [pool-12-thread-1/DEBUG] [mixin/]: Renaming synthetic method lambda$epicfight$makePoofParticles$2(Lyesman/epicfight/world/capabilities/entitypatch/LivingEntityPatch;)V to md57a2c9$epicfight$lambda$epicfight$makePoofParticles$2$0 in epicfight.mixins.json:common.MixinLivingEntity from mod epicfight
[279월2026 22:33:32.400] [pool-12-thread-1/DEBUG] [mixin/]: Renaming synthetic method lambda$epicfight$constructor$1(Lnet/minecraft/world/entity/LivingEntity;Lyesman/epicfight/world/capabilities/entitypatch/HurtableEntityPatch;)V to md57a2c9$epicfight$lambda$epicfight$constructor$1$1 in epicfight.mixins.json:common.MixinLivingEntity from mod epicfight
[279월2026 22:33:32.401] [pool-12-thread-1/DEBUG] [mixin/]: Renaming synthetic method lambda$epicfight$constructor$0(Lnet/minecraft/world/entity/ai/attributes/AttributeSupplier$Builder;Lnet/minecraft/core/Holder;Lnet/minecraft/world/entity/ai/attributes/AttributeInstance;)V to md57a2c9$epicfight$lambda$epicfight$constructor$0$2 in epicfight.mixins.json:common.MixinLivingEntity from mod epicfight
[279월2026 22:33:32.416] [pool-12-thread-1/DEBUG] [mixin/]: epicfight.mixins.json:common.MixinLivingEntity from mod epicfight->@Inject::epicfight$constructor(Lnet/minecraft/world/entity/EntityType;Lnet/minecraft/world/level/Level;Lorg/spongepowered/asm/mixin/injection/callback/CallbackInfo;)V doesn't use it's CallbackInfo
[279월2026 22:33:32.416] [pool-12-thread-1/DEBUG] [mixin/]: epicfight.mixins.json:common.MixinLivingEntity from mod epicfight->@Inject::epicfight$constructor(Lnet/minecraft/world/entity/EntityType;Lnet/minecraft/world/level/Level;Lorg/spongepowered/asm/mixin/injection/callback/CallbackInfo;)V has 0 override(s) in child classes
[279월2026 22:33:32.416] [pool-12-thread-1/DEBUG] [mixin/]: epicfight.mixins.json:common.MixinLivingEntity from mod epicfight->@Inject::epicfight$constructor(Lnet/minecraft/world/entity/EntityType;Lnet/minecraft/world/level/Level;Lorg/spongepowered/asm/mixin/injection/callback/CallbackInfo;)V won't be passed a CallbackInfo as a result
[279월2026 22:33:32.416] [pool-12-thread-1/DEBUG] [mixin/]: epicfight.mixins.json:common.MixinLivingEntity from mod epicfight->@Inject::epicfight$blockUsingShield(Lnet/minecraft/world/entity/LivingEntity;Lorg/spongepowered/asm/mixin/injection/callback/CallbackInfo;)V doesn't use it's CallbackInfo
[279월2026 22:33:32.416] [pool-12-thread-1/DEBUG] [mixin/]: epicfight.mixins.json:common.MixinLivingEntity from mod epicfight->@Inject::epicfight$blockUsingShield(Lnet/minecraft/world/entity/LivingEntity;Lorg/spongepowered/asm/mixin/injection/callback/CallbackInfo;)V has 0 override(s) in child classes
[279월2026 22:33:32.416] [pool-12-thread-1/DEBUG] [mixin/]: epicfight.mixins.json:common.MixinLivingEntity from mod epicfight->@Inject::epicfight$blockUsingShield(Lnet/minecraft/world/entity/LivingEntity;Lorg/spongepowered/asm/mixin/injection/callback/CallbackInfo;)V won't be passed a CallbackInfo as a result
[279월2026 22:33:32.416] [pool-12-thread-1/DEBUG] [mixin/]: epicfight.mixins.json:common.MixinLivingEntity from mod epicfight->@Inject::epicfight$hurt(Lnet/minecraft/world/damagesource/DamageSource;FLorg/spongepowered/asm/mixin/injection/callback/CallbackInfoReturnable;)V does use it's CallbackInfoReturnable
[279월2026 22:33:32.416] [pool-12-thread-1/DEBUG] [mixin/]: epicfight.mixins.json:common.MixinLivingEntity from mod epicfight->@Inject::epicfight$hurt(Lnet/minecraft/world/damagesource/DamageSource;FLorg/spongepowered/asm/mixin/injection/callback/CallbackInfoReturnable;)V does use it's CallbackInfoReturnable
[279월2026 22:33:32.416] [pool-12-thread-1/DEBUG] [mixin/]: epicfight.mixins.json:common.MixinLivingEntity from mod epicfight->@Inject::epicfight$hurt(Lnet/minecraft/world/damagesource/DamageSource;FLorg/spongepowered/asm/mixin/injection/callback/CallbackInfoReturnable;)V does use it's CallbackInfoReturnable
[279월2026 22:33:32.416] [pool-12-thread-1/DEBUG] [mixin/]: epicfight.mixins.json:common.MixinLivingEntity from mod epicfight->@Inject::epicfight$hurt(Lnet/minecraft/world/damagesource/DamageSource;FLorg/spongepowered/asm/mixin/injection/callback/CallbackInfoReturnable;)V does use it's CallbackInfoReturnable
[279월2026 22:33:32.416] [pool-12-thread-1/DEBUG] [mixin/]: epicfight.mixins.json:common.MixinLivingEntity from mod epicfight->@Inject::epicfight$hurt(Lnet/minecraft/world/damagesource/DamageSource;FLorg/spongepowered/asm/mixin/injection/callback/CallbackInfoReturnable;)V does use it's CallbackInfoReturnable
[279월2026 22:33:32.416] [pool-12-thread-1/DEBUG] [mixin/]: epicfight.mixins.json:common.MixinLivingEntity from mod epicfight->@Inject::epicfight$hurt(Lnet/minecraft/world/damagesource/DamageSource;FLorg/spongepowered/asm/mixin/injection/callback/CallbackInfoReturnable;)V does use it's CallbackInfoReturnable
[279월2026 22:33:32.416] [pool-12-thread-1/DEBUG] [mixin/]: epicfight.mixins.json:common.MixinLivingEntity from mod epicfight->@Inject::epicfight$hurt(Lnet/minecraft/world/damagesource/DamageSource;FLorg/spongepowered/asm/mixin/injection/callback/CallbackInfoReturnable;)V does use it's CallbackInfoReturnable
[279월2026 22:33:32.416] [pool-12-thread-1/DEBUG] [mixin/]: epicfight.mixins.json:common.MixinLivingEntity from mod epicfight->@Inject::epicfight$push(Lnet/minecraft/world/entity/Entity;Lorg/spongepowered/asm/mixin/injection/callback/CallbackInfo;)V does use it's CallbackInfo
[279월2026 22:33:32.416] [pool-12-thread-1/DEBUG] [mixin/]: epicfight.mixins.json:common.MixinLivingEntity from mod epicfight->@Inject::epicfight$getDamageAfterArmorAbsorb(Lnet/minecraft/world/damagesource/DamageSource;FLorg/spongepowered/asm/mixin/injection/callback/CallbackInfoReturnable;)V does use it's CallbackInfoReturnable
[279월2026 22:33:32.416] [pool-12-thread-1/DEBUG] [mixin/]: epicfight.mixins.json:common.MixinLivingEntity from mod epicfight->@Inject::epicfight$setAbsorptionAmount(FLorg/spongepowered/asm/mixin/injection/callback/CallbackInfo;)V doesn't use it's CallbackInfo
[279월2026 22:33:32.416] [pool-12-thread-1/DEBUG] [mixin/]: epicfight.mixins.json:common.MixinLivingEntity from mod epicfight->@Inject::epicfight$setAbsorptionAmount(FLorg/spongepowered/asm/mixin/injection/callback/CallbackInfo;)V has 0 override(s) in child classes
[279월2026 22:33:32.416] [pool-12-thread-1/DEBUG] [mixin/]: epicfight.mixins.json:common.MixinLivingEntity from mod epicfight->@Inject::epicfight$setAbsorptionAmount(FLorg/spongepowered/asm/mixin/injection/callback/CallbackInfo;)V won't be passed a CallbackInfo as a result
[279월2026 22:33:32.416] [pool-12-thread-1/DEBUG] [mixin/]: epicfight.mixins.json:common.MixinLivingEntity from mod epicfight->@Inject::epicfight$makePoofParticles(Lorg/spongepowered/asm/mixin/injection/callback/CallbackInfo;)V doesn't use it's CallbackInfo
[279월2026 22:33:32.416] [pool-12-thread-1/DEBUG] [mixin/]: epicfight.mixins.json:common.MixinLivingEntity from mod epicfight->@Inject::epicfight$makePoofParticles(Lorg/spongepowered/asm/mixin/injection/callback/CallbackInfo;)V has 0 override(s) in child classes
[279월2026 22:33:32.416] [pool-12-thread-1/DEBUG] [mixin/]: epicfight.mixins.json:common.MixinLivingEntity from mod epicfight->@Inject::epicfight$makePoofParticles(Lorg/spongepowered/asm/mixin/injection/callback/CallbackInfo;)V won't be passed a CallbackInfo as a result
[279월2026 22:33:32.562] [pool-12-thread-1/DEBUG] [mixin/]: Mixing neoforge.LiquidBlockAccessor from architectury.mixins.json into net.minecraft.world.level.block.LiquidBlock
[279월2026 22:33:32.562] [pool-12-thread-1/DEBUG] [mixin/]: architectury.mixins.json:neoforge.LiquidBlockAccessor from mod architectury: Class version 65 required is higher than the class version supported by the current version of Mixin (JAVA_16 supports class version 60)
[279월2026 22:33:32.562] [pool-12-thread-1/DEBUG] [mixin/]: Mixing inject.MixinLiquidBlock from architectury-common.mixins.json into net.minecraft.world.level.block.LiquidBlock
[279월2026 22:33:32.562] [pool-12-thread-1/DEBUG] [mixin/]: architectury-common.mixins.json:inject.MixinLiquidBlock from mod architectury: Class version 65 required is higher than the class version supported by the current version of Mixin (JAVA_16 supports class version 60)
[279월2026 22:33:32.687] [pool-12-thread-1/DEBUG] [mixin/]: Mixing inject.MixinEntityType from architectury-common.mixins.json into net.minecraft.world.entity.EntityType
[279월2026 22:33:32.688] [pool-12-thread-1/DEBUG] [mixin/]: architectury-common.mixins.json:inject.MixinEntityType from mod architectury: Class version 65 required is higher than the class version supported by the current version of Mixin (JAVA_16 supports class version 60)
[279월2026 22:33:32.709] [pool-12-thread-1/DEBUG] [mixin/]: Mixing inject.MixinFluid from architectury-common.mixins.json into net.minecraft.world.level.material.Fluid
[279월2026 22:33:32.709] [pool-12-thread-1/DEBUG] [mixin/]: architectury-common.mixins.json:inject.MixinFluid from mod architectury: Class version 65 required is higher than the class version supported by the current version of Mixin (JAVA_16 supports class version 60)
[279월2026 22:33:32.748] [pool-12-thread-1/DEBUG] [mixin/]: Mixing MixinFallingBlockEntity from architectury.mixins.json into net.minecraft.world.entity.item.FallingBlockEntity
[279월2026 22:33:32.748] [pool-12-thread-1/DEBUG] [mixin/]: architectury.mixins.json:MixinFallingBlockEntity from mod architectury: Class version 65 required is higher than the class version supported by the current version of Mixin (JAVA_16 supports class version 60)
[279월2026 22:33:32.758] [pool-12-thread-1/DEBUG] [mixin/]: architectury.mixins.json:MixinFallingBlockEntity from mod architectury->@Inject::handleLand(Lorg/spongepowered/asm/mixin/injection/callback/CallbackInfo;Lnet/minecraft/world/level/block/Block;Lnet/minecraft/core/BlockPos;ZZDLnet/minecraft/world/level/block/state/BlockState;)V doesn't use it's CallbackInfo
[279월2026 22:33:32.758] [pool-12-thread-1/DEBUG] [mixin/]: architectury.mixins.json:MixinFallingBlockEntity from mod architectury->@Inject::handleLand(Lorg/spongepowered/asm/mixin/injection/callback/CallbackInfo;Lnet/minecraft/world/level/block/Block;Lnet/minecraft/core/BlockPos;ZZDLnet/minecraft/world/level/block/state/BlockState;)V has 0 override(s) in child classes
[279월2026 22:33:32.758] [pool-12-thread-1/DEBUG] [mixin/]: architectury.mixins.json:MixinFallingBlockEntity from mod architectury->@Inject::handleLand(Lorg/spongepowered/asm/mixin/injection/callback/CallbackInfo;Lnet/minecraft/world/level/block/Block;Lnet/minecraft/core/BlockPos;ZZDLnet/minecraft/world/level/block/state/BlockState;)V won't be passed a CallbackInfo as a result
[279월2026 22:33:32.919] [pool-12-thread-1/DEBUG] [mixin/]: Mixing common.MixinMob from epicfight.mixins.json into net.minecraft.world.entity.Mob
[279월2026 22:33:32.923] [pool-12-thread-1/DEBUG] [mixin/]: epicfight.mixins.json:common.MixinMob from mod epicfight->@Inject::epicfight_serverAiStep(Lorg/spongepowered/asm/mixin/injection/callback/CallbackInfo;)V does use it's CallbackInfo
[279월2026 22:33:32.957] [pool-12-thread-1/DEBUG] [mixin/]: Mixing BlockEntityTypeAccessor from neoforge.mixins.json into net.minecraft.world.level.block.entity.BlockEntityType
[279월2026 22:33:32.975] [pool-12-thread-1/DEBUG] [mixin/]: Mixing common.AbstractContainerMenuMixin from geckolib.mixins.json into net.minecraft.world.inventory.AbstractContainerMenu
[279월2026 22:33:32.975] [pool-12-thread-1/DEBUG] [mixin/]: geckolib.mixins.json:common.AbstractContainerMenuMixin from mod geckolib: Class version 65 required is higher than the class version supported by the current version of Mixin (JAVA_17 supports class version 61)
[279월2026 22:33:33.017] [pool-12-thread-1/DEBUG] [mixin/]: Mixing common.MixinProjectile from epicfight.mixins.json into net.minecraft.world.entity.projectile.Projectile
[279월2026 22:33:33.069] [pool-12-thread-1/DEBUG] [mixin/]: Mixing common.ItemStackMixin from geckolib.mixins.json into net.minecraft.world.item.ItemStack
[279월2026 22:33:33.069] [pool-12-thread-1/DEBUG] [mixin/]: geckolib.mixins.json:common.ItemStackMixin from mod geckolib: Class version 65 required is higher than the class version supported by the current version of Mixin (JAVA_17 supports class version 61)
[279월2026 22:33:33.115] [pool-12-thread-1/DEBUG] [mixin/]: Mixing common.MixinWitherBoss from epicfight.mixins.json into net.minecraft.world.entity.boss.wither.WitherBoss
[279월2026 22:33:33.116] [pool-12-thread-1/DEBUG] [mixin/]: Renaming @Unique method getAmbientSound()Lnet/minecraft/sounds/SoundEvent; to md57a2c9$epicfight$getAmbientSound$0 in epicfight.mixins.json:common.MixinWitherBoss from mod epicfight
[279월2026 22:33:33.126] [pool-12-thread-1/DEBUG] [mixin/]: Mixing common.MixinWitherBossAccessor from epicfight.mixins.json into net.minecraft.world.entity.boss.wither.WitherBoss
[279월2026 22:33:33.136] [pool-12-thread-1/DEBUG] [mixin/]: epicfight.mixins.json:common.MixinWitherBoss from mod epicfight->@Inject::epicfight$witherBossInit(Lorg/spongepowered/asm/mixin/injection/callback/CallbackInfo;)V doesn't use it's CallbackInfo
[279월2026 22:33:33.136] [pool-12-thread-1/DEBUG] [mixin/]: epicfight.mixins.json:common.MixinWitherBoss from mod epicfight->@Inject::epicfight$witherBossInit(Lorg/spongepowered/asm/mixin/injection/callback/CallbackInfo;)V has 0 override(s) in child classes
[279월2026 22:33:33.136] [pool-12-thread-1/DEBUG] [mixin/]: epicfight.mixins.json:common.MixinWitherBoss from mod epicfight->@Inject::epicfight$witherBossInit(Lorg/spongepowered/asm/mixin/injection/callback/CallbackInfo;)V won't be passed a CallbackInfo as a result
[279월2026 22:33:33.136] [pool-12-thread-1/DEBUG] [mixin/]: epicfight.mixins.json:common.MixinWitherBoss from mod epicfight->@Inject::epicfight$aiStep(Lorg/spongepowered/asm/mixin/injection/callback/CallbackInfo;)V does use it's CallbackInfo
[279월2026 22:33:33.136] [pool-12-thread-1/DEBUG] [mixin/]: epicfight.mixins.json:common.MixinWitherBoss from mod epicfight->@Inject::epicfight$customServerAiStep(Lorg/spongepowered/asm/mixin/injection/callback/CallbackInfo;)V does use it's CallbackInfo
[279월2026 22:33:33.689] [pool-12-thread-1/DEBUG] [mixin/]: Mixing inject.MixinItem from architectury-common.mixins.json into net.minecraft.world.item.Item
[279월2026 22:33:33.689] [pool-12-thread-1/DEBUG] [mixin/]: architectury-common.mixins.json:inject.MixinItem from mod architectury: Class version 65 required is higher than the class version supported by the current version of Mixin (JAVA_16 supports class version 60)
[279월2026 22:33:33.695] [pool-12-thread-1/DEBUG] [mixin/]: architectury-common.mixins.json:inject.MixinItem from mod architectury->@Inject::init(Lnet/minecraft/world/item/Item$Properties;Lorg/spongepowered/asm/mixin/injection/callback/CallbackInfo;)V doesn't use it's CallbackInfo
[279월2026 22:33:33.695] [pool-12-thread-1/DEBUG] [mixin/]: architectury-common.mixins.json:inject.MixinItem from mod architectury->@Inject::init(Lnet/minecraft/world/item/Item$Properties;Lorg/spongepowered/asm/mixin/injection/callback/CallbackInfo;)V has 0 override(s) in child classes
[279월2026 22:33:33.695] [pool-12-thread-1/DEBUG] [mixin/]: architectury-common.mixins.json:inject.MixinItem from mod architectury->@Inject::init(Lnet/minecraft/world/item/Item$Properties;Lorg/spongepowered/asm/mixin/injection/callback/CallbackInfo;)V won't be passed a CallbackInfo as a result
[279월2026 22:33:33.704] [pool-12-thread-1/DEBUG] [mixin/]: Mixing neoforge.MixinBucketItem from architectury.mixins.json into net.minecraft.world.item.BucketItem
[279월2026 22:33:33.704] [pool-12-thread-1/DEBUG] [mixin/]: architectury.mixins.json:neoforge.MixinBucketItem from mod architectury: Class version 65 required is higher than the class version supported by the current version of Mixin (JAVA_16 supports class version 60)
[279월2026 22:33:33.704] [pool-12-thread-1/DEBUG] [mixin/]: Mixing neoforge.BucketItemAccessor from architectury.mixins.json into net.minecraft.world.item.BucketItem
[279월2026 22:33:33.704] [pool-12-thread-1/DEBUG] [mixin/]: architectury.mixins.json:neoforge.BucketItemAccessor from mod architectury: Class version 65 required is higher than the class version supported by the current version of Mixin (JAVA_16 supports class version 60)
[279월2026 22:33:33.704] [pool-12-thread-1/DEBUG] [mixin/]: Mixing inject.MixinBucketItem from architectury-common.mixins.json into net.minecraft.world.item.BucketItem
[279월2026 22:33:33.704] [pool-12-thread-1/DEBUG] [mixin/]: architectury-common.mixins.json:inject.MixinBucketItem from mod architectury: Class version 65 required is higher than the class version supported by the current version of Mixin (JAVA_16 supports class version 60)
[279월2026 22:33:33.704] [pool-12-thread-1/DEBUG] [mixin/]: architectury.mixins.json:neoforge.MixinBucketItem from mod architectury->@Inject::fillBucket(Lnet/minecraft/world/level/Level;Lnet/minecraft/world/entity/player/Player;Lnet/minecraft/world/InteractionHand;Lorg/spongepowered/asm/mixin/injection/callback/CallbackInfoReturnable;Lnet/minecraft/world/item/ItemStack;Lnet/minecraft/world/phys/BlockHitResult;)V does use it's CallbackInfoReturnable
[279월2026 22:33:33.720] [pool-12-thread-1/DEBUG] [mixin/]: Mixing common.MixinTridentAttack from epicfight.mixins.json into net.minecraft.world.item.TridentItem
[279월2026 22:33:33.720] [pool-12-thread-1/DEBUG] [mixin/]: epicfight.mixins.json:common.MixinTridentAttack from mod epicfight->@Inject::releaseUsing(Lnet/minecraft/world/item/ItemStack;Lnet/minecraft/world/level/Level;Lnet/minecraft/world/entity/LivingEntity;ILorg/spongepowered/asm/mixin/injection/callback/CallbackInfo;)V doesn't use it's CallbackInfo
[279월2026 22:33:33.720] [pool-12-thread-1/DEBUG] [mixin/]: epicfight.mixins.json:common.MixinTridentAttack from mod epicfight->@Inject::releaseUsing(Lnet/minecraft/world/item/ItemStack;Lnet/minecraft/world/level/Level;Lnet/minecraft/world/entity/LivingEntity;ILorg/spongepowered/asm/mixin/injection/callback/CallbackInfo;)V has 0 override(s) in child classes
[279월2026 22:33:33.720] [pool-12-thread-1/DEBUG] [mixin/]: epicfight.mixins.json:common.MixinTridentAttack from mod epicfight->@Inject::releaseUsing(Lnet/minecraft/world/item/ItemStack;Lnet/minecraft/world/level/Level;Lnet/minecraft/world/entity/LivingEntity;ILorg/spongepowered/asm/mixin/injection/callback/CallbackInfo;)V won't be passed a CallbackInfo as a result
[279월2026 22:33:33.741] [pool-12-thread-1/DEBUG] [mixin/]: Mixing inject.MixinItemProperties from architectury-common.mixins.json into net.minecraft.world.item.Item$Properties
[279월2026 22:33:33.741] [pool-12-thread-1/DEBUG] [mixin/]: architectury-common.mixins.json:inject.MixinItemProperties from mod architectury: Class version 65 required is higher than the class version supported by the current version of Mixin (JAVA_16 supports class version 60)
[279월2026 22:33:33.767] [pool-12-thread-1/DEBUG] [io.netty.util.internal.PlatformDependent0/]: -Dio.netty.noUnsafe: false
[279월2026 22:33:33.767] [pool-12-thread-1/DEBUG] [io.netty.util.internal.PlatformDependent0/]: Java version: 21
[279월2026 22:33:33.767] [pool-12-thread-1/DEBUG] [io.netty.util.internal.PlatformDependent0/]: sun.misc.Unsafe.theUnsafe: available
[279월2026 22:33:33.767] [pool-12-thread-1/DEBUG] [io.netty.util.internal.PlatformDependent0/]: sun.misc.Unsafe.copyMemory: available
[279월2026 22:33:33.767] [pool-12-thread-1/DEBUG] [io.netty.util.internal.PlatformDependent0/]: sun.misc.Unsafe.storeFence: available
[279월2026 22:33:33.767] [pool-12-thread-1/DEBUG] [io.netty.util.internal.PlatformDependent0/]: java.nio.Buffer.address: available
[279월2026 22:33:33.767] [pool-12-thread-1/DEBUG] [io.netty.util.internal.PlatformDependent0/]: direct buffer constructor: unavailable: Reflective setAccessible(true) disabled
[279월2026 22:33:33.767] [pool-12-thread-1/DEBUG] [io.netty.util.internal.PlatformDependent0/]: java.nio.Bits.unaligned: available, true
[279월2026 22:33:33.772] [pool-12-thread-1/DEBUG] [io.netty.util.internal.PlatformDependent0/]: jdk.internal.misc.Unsafe.allocateUninitializedArray(int): unavailable: class io.netty.util.internal.PlatformDependent0$7 (in module io.netty.common) cannot access class jdk.internal.misc.Unsafe (in module java.base) because module java.base does not export jdk.internal.misc to module io.netty.common
[279월2026 22:33:33.772] [pool-12-thread-1/DEBUG] [io.netty.util.internal.PlatformDependent0/]: java.nio.DirectByteBuffer.<init>(long, {int,long}): unavailable
[279월2026 22:33:33.772] [pool-12-thread-1/DEBUG] [io.netty.util.internal.PlatformDependent/]: sun.misc.Unsafe: available
[279월2026 22:33:33.772] [pool-12-thread-1/DEBUG] [io.netty.util.internal.PlatformDependent/]: maxDirectMemory: 8547991552 bytes (maybe)
[279월2026 22:33:33.772] [pool-12-thread-1/DEBUG] [io.netty.util.internal.PlatformDependent/]: -Dio.netty.tmpdir: C:\Users\hanjw\AppData\Local\Temp (java.io.tmpdir)
[279월2026 22:33:33.772] [pool-12-thread-1/DEBUG] [io.netty.util.internal.PlatformDependent/]: -Dio.netty.bitMode: 64 (sun.arch.data.model)
[279월2026 22:33:33.772] [pool-12-thread-1/DEBUG] [io.netty.util.internal.PlatformDependent/]: Platform: Windows
[279월2026 22:33:33.772] [pool-12-thread-1/DEBUG] [io.netty.util.internal.PlatformDependent/]: -Dio.netty.maxDirectMemory: -1 bytes
[279월2026 22:33:33.772] [pool-12-thread-1/DEBUG] [io.netty.util.internal.PlatformDependent/]: -Dio.netty.uninitializedArrayAllocationThreshold: -1
[279월2026 22:33:33.772] [pool-12-thread-1/DEBUG] [io.netty.util.internal.CleanerJava9/]: java.nio.ByteBuffer.cleaner(): available
[279월2026 22:33:33.772] [pool-12-thread-1/DEBUG] [io.netty.util.internal.PlatformDependent/]: -Dio.netty.noPreferDirect: false
[279월2026 22:33:33.915] [pool-12-thread-1/DEBUG] [mixin/]: Mixing common.MixinRangedBowAttackGoal from epicfight.mixins.json into net.minecraft.world.entity.ai.goal.RangedBowAttackGoal
[279월2026 22:33:33.916] [pool-12-thread-1/DEBUG] [mixin/]: Renaming synthetic method lambda$epicfight$tick$0(Lyesman/epicfight/world/capabilities/entitypatch/LivingEntityPatch;)V to md57a2c9$epicfight$lambda$epicfight$tick$0$0 in epicfight.mixins.json:common.MixinRangedBowAttackGoal from mod epicfight
[279월2026 22:33:33.970] [pool-12-thread-1/DEBUG] [mixin/]: Mixing common.MixinRangedAttackGoal from epicfight.mixins.json into net.minecraft.world.entity.ai.goal.RangedAttackGoal
[279월2026 22:33:33.970] [pool-12-thread-1/DEBUG] [mixin/]: Renaming synthetic method lambda$epicfight$tick$0(Lyesman/epicfight/world/capabilities/entitypatch/LivingEntityPatch;)V to md57a2c9$epicfight$lambda$epicfight$tick$0$0 in epicfight.mixins.json:common.MixinRangedAttackGoal from mod epicfight
[279월2026 22:33:33.975] [pool-12-thread-1/DEBUG] [mixin/]: Mixing common.MixinThrownTrident from epicfight.mixins.json into net.minecraft.world.entity.projectile.ThrownTrident
[279월2026 22:33:33.977] [pool-12-thread-1/DEBUG] [mixin/]: epicfight.mixins.json:common.MixinThrownTrident from mod epicfight->@Inject::epicfight_tickEnd(Lorg/spongepowered/asm/mixin/injection/callback/CallbackInfo;)V doesn't use it's CallbackInfo
[279월2026 22:33:33.977] [pool-12-thread-1/DEBUG] [mixin/]: epicfight.mixins.json:common.MixinThrownTrident from mod epicfight->@Inject::epicfight_tickEnd(Lorg/spongepowered/asm/mixin/injection/callback/CallbackInfo;)V has 0 override(s) in child classes
[279월2026 22:33:33.977] [pool-12-thread-1/DEBUG] [mixin/]: epicfight.mixins.json:common.MixinThrownTrident from mod epicfight->@Inject::epicfight_tickEnd(Lorg/spongepowered/asm/mixin/injection/callback/CallbackInfo;)V won't be passed a CallbackInfo as a result
[279월2026 22:33:34.017] [pool-12-thread-1/DEBUG] [mixin/]: Mixing MixinLightningBolt from architectury-common.mixins.json into net.minecraft.world.entity.LightningBolt
[279월2026 22:33:34.017] [pool-12-thread-1/DEBUG] [mixin/]: architectury-common.mixins.json:MixinLightningBolt from mod architectury: Class version 65 required is higher than the class version supported by the current version of Mixin (JAVA_16 supports class version 60)
[279월2026 22:33:34.025] [pool-12-thread-1/DEBUG] [mixin/]: architectury-common.mixins.json:MixinLightningBolt from mod architectury->@Inject::handleLightning(Lorg/spongepowered/asm/mixin/injection/callback/CallbackInfo;Ljava/util/List;)V doesn't use it's CallbackInfo
[279월2026 22:33:34.025] [pool-12-thread-1/DEBUG] [mixin/]: architectury-common.mixins.json:MixinLightningBolt from mod architectury->@Inject::handleLightning(Lorg/spongepowered/asm/mixin/injection/callback/CallbackInfo;Ljava/util/List;)V has 0 override(s) in child classes
[279월2026 22:33:34.025] [pool-12-thread-1/DEBUG] [mixin/]: architectury-common.mixins.json:MixinLightningBolt from mod architectury->@Inject::handleLightning(Lorg/spongepowered/asm/mixin/injection/callback/CallbackInfo;Ljava/util/List;)V won't be passed a CallbackInfo as a result
[279월2026 22:33:34.042] [pool-12-thread-1/DEBUG] [mixin/]: Mixing common.MixinRangedCrossbowAttackGoal from epicfight.mixins.json into net.minecraft.world.entity.ai.goal.RangedCrossbowAttackGoal
[279월2026 22:33:34.110] [pool-12-thread-1/DEBUG] [mixin/]: Mixing inject.MixinFoodPropertiesBuilder from architectury-common.mixins.json into net.minecraft.world.food.FoodProperties$Builder
[279월2026 22:33:34.110] [pool-12-thread-1/DEBUG] [mixin/]: architectury-common.mixins.json:inject.MixinFoodPropertiesBuilder from mod architectury: Class version 65 required is higher than the class version supported by the current version of Mixin (JAVA_16 supports class version 60)
[279월2026 22:33:34.331] [pool-12-thread-1/DEBUG] [mixin/]: Mixing client.MixinInventory from epicfight.mixins.json into net.minecraft.world.entity.player.Inventory
[279월2026 22:33:34.331] [pool-12-thread-1/DEBUG] [mixin/]: Mixing MixinInventory from architectury.mixins.json into net.minecraft.world.entity.player.Inventory
[279월2026 22:33:34.331] [pool-12-thread-1/DEBUG] [mixin/]: architectury.mixins.json:MixinInventory from mod architectury: Class version 65 required is higher than the class version supported by the current version of Mixin (JAVA_16 supports class version 60)
[279월2026 22:33:34.331] [pool-12-thread-1/DEBUG] [mixin/]: epicfight.mixins.json:client.MixinInventory from mod epicfight->@Inject::onCycleHotbarSlot(DLorg/spongepowered/asm/mixin/injection/callback/CallbackInfo;)V does use it's CallbackInfo
[279월2026 22:33:34.331] [pool-12-thread-1/DEBUG] [mixin/]: architectury.mixins.json:MixinInventory from mod architectury->@Inject::updateItems(Lorg/spongepowered/asm/mixin/injection/callback/CallbackInfo;)V doesn't use it's CallbackInfo
[279월2026 22:33:34.331] [pool-12-thread-1/DEBUG] [mixin/]: architectury.mixins.json:MixinInventory from mod architectury->@Inject::updateItems(Lorg/spongepowered/asm/mixin/injection/callback/CallbackInfo;)V has 0 override(s) in child classes
[279월2026 22:33:34.331] [pool-12-thread-1/DEBUG] [mixin/]: architectury.mixins.json:MixinInventory from mod architectury->@Inject::updateItems(Lorg/spongepowered/asm/mixin/injection/callback/CallbackInfo;)V won't be passed a CallbackInfo as a result
[279월2026 22:33:34.871] [main/DEBUG] [mixin/]: Mixing MixinLevelEvent from architectury.mixins.json into net.neoforged.neoforge.event.level.LevelEvent
[279월2026 22:33:34.871] [main/DEBUG] [mixin/]: architectury.mixins.json:MixinLevelEvent from mod architectury: Class version 65 required is higher than the class version supported by the current version of Mixin (JAVA_16 supports class version 60)
[279월2026 22:33:35.011] [main/DEBUG] [mixin/]: Mixing client.MixinCommandSourceStack from architectury.mixins.json into net.minecraft.commands.CommandSourceStack
[279월2026 22:33:35.011] [main/DEBUG] [mixin/]: architectury.mixins.json:client.MixinCommandSourceStack from mod architectury: Class version 65 required is higher than the class version supported by the current version of Mixin (JAVA_16 supports class version 60)
[279월2026 22:33:35.124] [main/WARN] [net.minecraft.commands.Commands/]: Ambiguity between arguments [teleport, location] and [teleport, destination] with inputs: [0.1 -0.5 .9, 0 0 0]
[279월2026 22:33:35.124] [main/WARN] [net.minecraft.commands.Commands/]: Ambiguity between arguments [teleport, location] and [teleport, targets] with inputs: [0.1 -0.5 .9, 0 0 0]
[279월2026 22:33:35.124] [main/WARN] [net.minecraft.commands.Commands/]: Ambiguity between arguments [teleport, destination] and [teleport, targets] with inputs: [Player, 0123, @e, dd12be42-52a9-4a91-a8a1-11c01849e498]
[279월2026 22:33:35.124] [main/WARN] [net.minecraft.commands.Commands/]: Ambiguity between arguments [teleport, targets] and [teleport, destination] with inputs: [Player, 0123, dd12be42-52a9-4a91-a8a1-11c01849e498]
[279월2026 22:33:35.124] [main/WARN] [net.minecraft.commands.Commands/]: Ambiguity between arguments [teleport, targets, location] and [teleport, targets, destination] with inputs: [0.1 -0.5 .9, 0 0 0]
[279월2026 22:33:35.142] [Render thread/DEBUG] [mixin/]: Mixing client.MixinAbstractContainerEventHandler from epicfight.mixins.json into net.minecraft.client.gui.components.events.AbstractContainerEventHandler
[279월2026 22:33:35.143] [Render thread/DEBUG] [mixin/]: epicfight.mixins.json:client.MixinAbstractContainerEventHandler from mod epicfight->@Inject::epicfight_setFocused(Lnet/minecraft/client/gui/components/events/GuiEventListener;Lorg/spongepowered/asm/mixin/injection/callback/CallbackInfo;)V does use it's CallbackInfo
[279월2026 22:33:35.147] [Render thread/DEBUG] [mixin/]: Mixing MixinClientLevel from epicfight-platform.neoforge.mixins.json into net.minecraft.client.multiplayer.ClientLevel
[279월2026 22:33:35.147] [Render thread/DEBUG] [mixin/]: Mixing MixinClientLevel from architectury.mixins.json into net.minecraft.client.multiplayer.ClientLevel
[279월2026 22:33:35.147] [Render thread/DEBUG] [mixin/]: architectury.mixins.json:MixinClientLevel from mod architectury: Class version 65 required is higher than the class version supported by the current version of Mixin (JAVA_16 supports class version 60)
[279월2026 22:33:35.149] [Render thread/DEBUG] [mixin/]: architectury.mixins.json:MixinClientLevel from mod architectury->@Inject::tickEntities(Lorg/spongepowered/asm/mixin/injection/callback/CallbackInfo;)V doesn't use it's CallbackInfo
[279월2026 22:33:35.149] [Render thread/DEBUG] [mixin/]: architectury.mixins.json:MixinClientLevel from mod architectury->@Inject::tickEntities(Lorg/spongepowered/asm/mixin/injection/callback/CallbackInfo;)V has 0 override(s) in child classes
[279월2026 22:33:35.149] [Render thread/DEBUG] [mixin/]: architectury.mixins.json:MixinClientLevel from mod architectury->@Inject::tickEntities(Lorg/spongepowered/asm/mixin/injection/callback/CallbackInfo;)V won't be passed a CallbackInfo as a result
[279월2026 22:33:35.149] [Render thread/DEBUG] [mixin/]: architectury.mixins.json:MixinClientLevel from mod architectury->@Inject::tickEntitiesPost(Lorg/spongepowered/asm/mixin/injection/callback/CallbackInfo;)V doesn't use it's CallbackInfo
[279월2026 22:33:35.149] [Render thread/DEBUG] [mixin/]: architectury.mixins.json:MixinClientLevel from mod architectury->@Inject::tickEntitiesPost(Lorg/spongepowered/asm/mixin/injection/callback/CallbackInfo;)V has 0 override(s) in child classes
[279월2026 22:33:35.149] [Render thread/DEBUG] [mixin/]: architectury.mixins.json:MixinClientLevel from mod architectury->@Inject::tickEntitiesPost(Lorg/spongepowered/asm/mixin/injection/callback/CallbackInfo;)V won't be passed a CallbackInfo as a result
[279월2026 22:33:35.153] [Render thread/DEBUG] [mixin/]: Mixing client.MixinLocalPlayer from epicfight.mixins.json into net.minecraft.client.player.LocalPlayer
[279월2026 22:33:35.155] [Render thread/DEBUG] [mixin/]: epicfight.mixins.json:client.MixinLocalPlayer from mod epicfight->@Inject::epicfight$tick(Lorg/spongepowered/asm/mixin/injection/callback/CallbackInfo;)V doesn't use it's CallbackInfo
[279월2026 22:33:35.155] [Render thread/DEBUG] [mixin/]: epicfight.mixins.json:client.MixinLocalPlayer from mod epicfight->@Inject::epicfight$tick(Lorg/spongepowered/asm/mixin/injection/callback/CallbackInfo;)V has 0 override(s) in child classes
[279월2026 22:33:35.155] [Render thread/DEBUG] [mixin/]: epicfight.mixins.json:client.MixinLocalPlayer from mod epicfight->@Inject::epicfight$tick(Lorg/spongepowered/asm/mixin/injection/callback/CallbackInfo;)V won't be passed a CallbackInfo as a result
[279월2026 22:33:35.155] [Render thread/DEBUG] [mixin/]: epicfight.mixins.json:client.MixinLocalPlayer from mod epicfight->@Inject::epicfight$onDrop(ZLorg/spongepowered/asm/mixin/injection/callback/CallbackInfoReturnable;)V does use it's CallbackInfoReturnable
[279월2026 22:33:35.201] [Render thread/WARN] [net.minecraft.server.packs.VanillaPackResourcesBuilder/]: Assets URL 'union:/C:/Users/hanjw/Downloads/gourmet2-main/gourmet2-main/build/moddev/artifacts/neoforge-21.1.250.jar%23189!/assets/.mcassetsroot' uses unexpected schema
[279월2026 22:33:35.201] [Render thread/WARN] [net.minecraft.server.packs.VanillaPackResourcesBuilder/]: Assets URL 'union:/C:/Users/hanjw/Downloads/gourmet2-main/gourmet2-main/build/moddev/artifacts/neoforge-21.1.250.jar%23189!/data/.mcassetsroot' uses unexpected schema
[279월2026 22:33:35.207] [Render thread/DEBUG] [mixin/]: Mixing MixinFileUtil from aaa_particles-common.mixins.json into net.minecraft.FileUtil
[279월2026 22:33:35.207] [Render thread/DEBUG] [mixin/]: aaa_particles-common.mixins.json:MixinFileUtil from mod aaa_particles: Class version 65 required is higher than the class version supported by the current version of Mixin (JAVA_17 supports class version 61)
[279월2026 22:33:35.215] [Render thread/INFO] [com.mojang.authlib.yggdrasil.YggdrasilAuthenticationService/]: Environment: Environment[sessionHost=https://sessionserver.mojang.com, servicesHost=https://api.minecraftservices.com, name=PROD]
[279월2026 22:33:35.219] [Render thread/INFO] [net.minecraft.client.Minecraft/]: Setting user: Dev
[279월2026 22:33:35.221] [Render thread/DEBUG] [mixin/]: Mixing client.MixinOptions from epicfight.mixins.json into net.minecraft.client.Options
[279월2026 22:33:35.223] [Render thread/DEBUG] [mixin/]: epicfight.mixins.json:client.MixinOptions from mod epicfight->@Inject::onSetCameraType(Lnet/minecraft/client/CameraType;Lorg/spongepowered/asm/mixin/injection/callback/CallbackInfo;)V does use it's CallbackInfo
[279월2026 22:33:35.270] [Render thread/INFO] [net.minecraft.client.Minecraft/]: Backend library: LWJGL version 3.3.3+5
[279월2026 22:33:35.311] [Render thread/DEBUG] [mixin/]: Mixing client.MixinMouseHandler from epicfight.mixins.json into net.minecraft.client.MouseHandler
[279월2026 22:33:35.314] [Render thread/DEBUG] [mixin/]: Mixing client.MixinKeyboardHandler from epicfight.mixins.json into net.minecraft.client.KeyboardHandler
[279월2026 22:33:35.316] [Render thread/DEBUG] [mixin/]: epicfight.mixins.json:client.MixinKeyboardHandler from mod epicfight->@Inject::epicfight$handleDebugKeys(ILorg/spongepowered/asm/mixin/injection/callback/CallbackInfoReturnable;)V does use it's CallbackInfoReturnable
[279월2026 22:33:35.372] [Render thread/DEBUG] [net.neoforged.fml.ModWorkManager/LOADING]: Using 20 threads for parallel mod-loading
[279월2026 22:33:35.382] [Render thread/DEBUG] [net.neoforged.fml.javafmlmod.FMLModContainer/LOADING]: Creating FMLModContainer instance for [mod.chloeprime.aaaparticles.forge.AAAParticlesForge]
[279월2026 22:33:35.385] [Render thread/DEBUG] [net.neoforged.fml.javafmlmod.FMLModContainer/LOADING]: Creating FMLModContainer instance for [software.bernie.geckolib.GeckoLib]
[279월2026 22:33:35.385] [Render thread/DEBUG] [net.neoforged.fml.javafmlmod.FMLModContainer/LOADING]: Creating FMLModContainer instance for [yesman.epicfight.main.EpicFightMod]
[279월2026 22:33:35.387] [Render thread/DEBUG] [net.neoforged.fml.javafmlmod.FMLModContainer/LOADING]: Creating FMLModContainer instance for [org.example.hanjinwoo.gourmet2.Gourmet2]
[279월2026 22:33:35.387] [Render thread/DEBUG] [net.neoforged.fml.javafmlmod.FMLModContainer/LOADING]: Creating FMLModContainer instance for [dev.architectury.neoforge.ArchitecturyNeoForge]
[279월2026 22:33:35.389] [Render thread/DEBUG] [net.neoforged.fml.javafmlmod.FMLModContainer/LOADING]: Creating FMLModContainer instance for [net.neoforged.neoforge.common.NeoForgeMod, net.neoforged.neoforge.client.ClientNeoForgeMod]
[279월2026 22:33:35.391] [Render thread/DEBUG] [net.neoforged.fml.javafmlmod.FMLModContainer/LOADING]: Creating FMLModContainer instance for [de.maxhenkel.corelib.dev.Main]
[279월2026 22:33:35.396] [modloading-worker-0/DEBUG] [net.neoforged.fml.javafmlmod.AutomaticEventSubscriber/LOADING]: Attempting to inject @EventBusSubscriber classes into the eventbus for corelib
[279월2026 22:33:35.407] [modloading-worker-0/DEBUG] [mixin/]: Mixing common.MixinServerEntity from epicfight.mixins.json into net.minecraft.server.level.ServerEntity
[279월2026 22:33:35.407] [modloading-worker-0/DEBUG] [mixin/]: Renaming synthetic method lambda$epicfight$sendDirtyEntityData$1(Lyesman/epicfight/world/capabilities/entitypatch/LivingEntityPatch;)V to md57a2c9$epicfight$lambda$epicfight$sendDirtyEntityData$1$0 in epicfight.mixins.json:common.MixinServerEntity from mod epicfight
[279월2026 22:33:35.407] [modloading-worker-0/DEBUG] [mixin/]: Renaming synthetic method lambda$epicfight$sendDirtyEntityData$0(Lyesman/epicfight/world/capabilities/entitypatch/LivingEntityPatch;Lnet/minecraft/network/protocol/common/custom/CustomPacketPayload;[Lnet/minecraft/network/protocol/common/custom/CustomPacketPayload;)V to md57a2c9$epicfight$lambda$epicfight$sendDirtyEntityData$0$1 in epicfight.mixins.json:common.MixinServerEntity from mod epicfight
[279월2026 22:33:35.408] [modloading-worker-0/DEBUG] [mixin/]: epicfight.mixins.json:common.MixinServerEntity from mod epicfight->@Inject::epicfight$sendDirtyEntityData(Lorg/spongepowered/asm/mixin/injection/callback/CallbackInfo;)V doesn't use it's CallbackInfo
[279월2026 22:33:35.408] [modloading-worker-0/DEBUG] [mixin/]: epicfight.mixins.json:common.MixinServerEntity from mod epicfight->@Inject::epicfight$sendDirtyEntityData(Lorg/spongepowered/asm/mixin/injection/callback/CallbackInfo;)V has 0 override(s) in child classes
[279월2026 22:33:35.410] [modloading-worker-0/DEBUG] [mixin/]: epicfight.mixins.json:common.MixinServerEntity from mod epicfight->@Inject::epicfight$sendDirtyEntityData(Lorg/spongepowered/asm/mixin/injection/callback/CallbackInfo;)V won't be passed a CallbackInfo as a result
[279월2026 22:33:35.411] [modloading-worker-0/DEBUG] [GeckoLib/]: Loaded software.bernie.geckolib.platform.GeckoLibNeoForge@41a6b2ef for service interface software.bernie.geckolib.service.GeckoLibPlatform
[279월2026 22:33:35.412] [modloading-worker-0/DEBUG] [GeckoLib/]: Loaded software.bernie.geckolib.network.GeckoLibNetworkingNeoForge@51b4c85b for service interface software.bernie.geckolib.service.GeckoLibNetworking
[279월2026 22:33:35.418] [modloading-worker-0/DEBUG] [net.neoforged.fml.javafmlmod.AutomaticEventSubscriber/LOADING]: Attempting to inject @EventBusSubscriber classes into the eventbus for geckolib
[279월2026 22:33:35.422] [modloading-worker-0/DEBUG] [net.neoforged.neoforge.internal.versions.neoforge.NeoForgeVersion/CORE]: Found NeoForge version 21.1.250
[279월2026 22:33:35.422] [modloading-worker-0/DEBUG] [net.neoforged.neoforge.internal.versions.neoforge.NeoForgeVersion/CORE]: Found FML version 4.0.44
[279월2026 22:33:35.422] [modloading-worker-0/INFO] [net.neoforged.neoforge.common.NeoForgeMod/NEOFORGE-MOD]: NeoForge mod loading, version 21.1.250, for MC 1.21.1
[279월2026 22:33:35.439] [modloading-worker-0/DEBUG] [net.neoforged.fml.config.ConfigTracker/CONFIG]: Config file neoforge-client.toml for neoforge tracking
[279월2026 22:33:35.439] [modloading-worker-0/DEBUG] [net.neoforged.fml.config.ConfigTracker/CONFIG]: Config file neoforge-server.toml for neoforge tracking
[279월2026 22:33:35.439] [modloading-worker-0/DEBUG] [net.neoforged.fml.config.ConfigTracker/CONFIG]: Config file neoforge-common.toml for neoforge tracking
[279월2026 22:33:35.440] [modloading-worker-0/INFO] [mod.chloeprime.aaaparticles.AAAParticles/]: Loading Effekseer native library at C:\Users\hanjw\Downloads\gourmet2-main\gourmet2-main\run\EffekseerNativeForJava.dll
[279월2026 22:33:35.451] [modloading-worker-0/DEBUG] [net.neoforged.fml.config.ConfigTracker/CONFIG]: Config file epicfight-client.toml for epicfight tracking
[279월2026 22:33:35.455] [modloading-worker-0/DEBUG] [net.neoforged.fml.javafmlmod.AutomaticEventSubscriber/LOADING]: Attempting to inject @EventBusSubscriber classes into the eventbus for aaa_particles
[279월2026 22:33:35.462] [modloading-worker-0/DEBUG] [mixin/]: Mixing client.MixinEntityRenderer from epicfight.mixins.json into net.minecraft.client.renderer.entity.EntityRenderer
[279월2026 22:33:35.462] [modloading-worker-0/DEBUG] [net.neoforged.fml.javafmlmod.AutomaticEventSubscriber/LOADING]: Attempting to inject @EventBusSubscriber classes into the eventbus for architectury
[279월2026 22:33:35.463] [modloading-worker-0/DEBUG] [mixin/]: Mixing client.MixinLivingEntityRenderer from epicfight.mixins.json into net.minecraft.client.renderer.entity.LivingEntityRenderer
[279월2026 22:33:35.465] [modloading-worker-0/DEBUG] [mixin/]: Mixing client.MixinEnderDragonRenderer from epicfight.mixins.json into net.minecraft.client.renderer.entity.EnderDragonRenderer
[279월2026 22:33:35.467] [modloading-worker-0/DEBUG] [mixin/]: epicfight.mixins.json:client.MixinEnderDragonRenderer from mod epicfight->@Inject::epicfight$render(Lnet/minecraft/world/entity/boss/enderdragon/EnderDragon;FFLcom/mojang/blaze3d/vertex/PoseStack;Lnet/minecraft/client/renderer/MultiBufferSource;ILorg/spongepowered/asm/mixin/injection/callback/CallbackInfo;)V does use it's CallbackInfo
[279월2026 22:33:35.480] [modloading-worker-0/DEBUG] [net.neoforged.fml.javafmlmod.AutomaticEventSubscriber/LOADING]: Attempting to inject @EventBusSubscriber classes into the eventbus for neoforge
[279월2026 22:33:35.480] [modloading-worker-0/DEBUG] [net.neoforged.fml.javafmlmod.AutomaticEventSubscriber/LOADING]: Scanning class net.neoforged.neoforge.server.command.ConfigCommand for @SubscribeEvent-annotated methods
[279월2026 22:33:35.480] [modloading-worker-0/DEBUG] [net.neoforged.fml.javafmlmod.AutomaticEventSubscriber/]: Subscribing @EventBusSubscriber class Lnet/neoforged/neoforge/server/command/ConfigCommand; to the game event bus
[279월2026 22:33:35.481] [modloading-worker-0/DEBUG] [net.neoforged.fml.javafmlmod.AutomaticEventSubscriber/LOADING]: Scanning class net.neoforged.neoforge.network.filters.GenericPacketSplitter for @SubscribeEvent-annotated methods
[279월2026 22:33:35.487] [modloading-worker-0/DEBUG] [net.neoforged.fml.config.ConfigTracker/CONFIG]: Config file epicfight-common.toml for epicfight tracking
[279월2026 22:33:35.490] [modloading-worker-0/DEBUG] [epicfight/]: Registered Extensible Enum living_motion in 
[279월2026 22:33:35.490] [modloading-worker-0/DEBUG] [epicfight/]: Registered Extensible Enum skill_category in 
[279월2026 22:33:35.491] [modloading-worker-0/DEBUG] [epicfight/]: Registered Extensible Enum skill_slot in 
[279월2026 22:33:35.491] [modloading-worker-0/DEBUG] [epicfight/]: Registered Extensible Enum style in 
[279월2026 22:33:35.491] [modloading-worker-0/DEBUG] [io.netty.buffer.AbstractByteBuf/]: -Dio.netty.buffer.checkAccessible: true
[279월2026 22:33:35.491] [modloading-worker-0/DEBUG] [io.netty.buffer.AbstractByteBuf/]: -Dio.netty.buffer.checkBounds: true
[279월2026 22:33:35.491] [modloading-worker-0/DEBUG] [epicfight/]: Registered Extensible Enum weapon_category in 
[279월2026 22:33:35.491] [modloading-worker-0/DEBUG] [io.netty.util.ResourceLeakDetectorFactory/]: Loaded default ResourceLeakDetector: io.netty.util.ResourceLeakDetector@45742781
[279월2026 22:33:35.491] [modloading-worker-0/DEBUG] [epicfight/]: Registered Extensible Enum faction in 
[279월2026 22:33:35.492] [modloading-worker-0/DEBUG] [epicfight/]: Registered Extensible Enum entity_pairing_packet_type in 
[279월2026 22:33:35.492] [modloading-worker-0/DEBUG] [epicfight/]: Registered Extensible Enum input_action in 
[279월2026 22:33:35.492] [modloading-worker-0/DEBUG] [epicfight/]: Registered Extensible Enum input_action in 
[279월2026 22:33:35.492] [modloading-worker-0/DEBUG] [epicfight/]: Registered Extensible Enum widget_theme in 
[279월2026 22:33:35.492] [modloading-worker-0/DEBUG] [epicfight/]: Registered Extensible Enum widget_theme in 
[279월2026 22:33:35.494] [modloading-worker-0/DEBUG] [io.netty.util.internal.InternalThreadLocalMap/]: -Dio.netty.threadLocalMap.stringBuilder.initialSize: 1024
[279월2026 22:33:35.495] [modloading-worker-0/DEBUG] [io.netty.util.internal.InternalThreadLocalMap/]: -Dio.netty.threadLocalMap.stringBuilder.maxSize: 4096
[279월2026 22:33:35.496] [modloading-worker-0/DEBUG] [io.netty.buffer.PooledByteBufAllocator/]: -Dio.netty.allocator.numHeapArenas: 40
[279월2026 22:33:35.496] [modloading-worker-0/DEBUG] [io.netty.buffer.PooledByteBufAllocator/]: -Dio.netty.allocator.numDirectArenas: 40
[279월2026 22:33:35.496] [modloading-worker-0/DEBUG] [io.netty.buffer.PooledByteBufAllocator/]: -Dio.netty.allocator.pageSize: 8192
[279월2026 22:33:35.496] [modloading-worker-0/DEBUG] [io.netty.buffer.PooledByteBufAllocator/]: -Dio.netty.allocator.maxOrder: 9
[279월2026 22:33:35.496] [modloading-worker-0/DEBUG] [io.netty.buffer.PooledByteBufAllocator/]: -Dio.netty.allocator.chunkSize: 4194304
[279월2026 22:33:35.496] [modloading-worker-0/DEBUG] [io.netty.buffer.PooledByteBufAllocator/]: -Dio.netty.allocator.smallCacheSize: 256
[279월2026 22:33:35.496] [modloading-worker-0/DEBUG] [io.netty.buffer.PooledByteBufAllocator/]: -Dio.netty.allocator.normalCacheSize: 64
[279월2026 22:33:35.496] [modloading-worker-0/DEBUG] [io.netty.buffer.PooledByteBufAllocator/]: -Dio.netty.allocator.maxCachedBufferCapacity: 32768
[279월2026 22:33:35.496] [modloading-worker-0/DEBUG] [io.netty.buffer.PooledByteBufAllocator/]: -Dio.netty.allocator.cacheTrimInterval: 8192
[279월2026 22:33:35.496] [modloading-worker-0/DEBUG] [io.netty.buffer.PooledByteBufAllocator/]: -Dio.netty.allocator.cacheTrimIntervalMillis: 0
[279월2026 22:33:35.496] [modloading-worker-0/DEBUG] [io.netty.buffer.PooledByteBufAllocator/]: -Dio.netty.allocator.useCacheForAllThreads: false
[279월2026 22:33:35.496] [modloading-worker-0/DEBUG] [io.netty.buffer.PooledByteBufAllocator/]: -Dio.netty.allocator.maxCachedByteBuffersPerChunk: 1023
[279월2026 22:33:35.500] [modloading-worker-0/DEBUG] [io.netty.buffer.ByteBufUtil/]: -Dio.netty.allocator.type: pooled
[279월2026 22:33:35.500] [modloading-worker-0/DEBUG] [io.netty.buffer.ByteBufUtil/]: -Dio.netty.threadLocalDirectBufferSize: 0
[279월2026 22:33:35.500] [modloading-worker-0/DEBUG] [io.netty.buffer.ByteBufUtil/]: -Dio.netty.maxThreadLocalCharBufferSize: 16384
[279월2026 22:33:35.504] [modloading-worker-0/DEBUG] [net.neoforged.fml.javafmlmod.AutomaticEventSubscriber/]: Subscribing @EventBusSubscriber class Lnet/neoforged/neoforge/network/filters/GenericPacketSplitter; to the mod event bus of mod neoforge
[279월2026 22:33:35.505] [modloading-worker-0/DEBUG] [net.neoforged.fml.javafmlmod.AutomaticEventSubscriber/LOADING]: Scanning class net.neoforged.neoforge.network.NetworkInitialization for @SubscribeEvent-annotated methods
[279월2026 22:33:35.505] [modloading-worker-0/DEBUG] [net.neoforged.fml.javafmlmod.AutomaticEventSubscriber/]: Subscribing @EventBusSubscriber class Lnet/neoforged/neoforge/network/NetworkInitialization; to the mod event bus of mod neoforge
[279월2026 22:33:35.505] [modloading-worker-0/DEBUG] [net.neoforged.fml.javafmlmod.AutomaticEventSubscriber/LOADING]: Scanning class net.neoforged.neoforge.network.ConfigurationInitialization for @SubscribeEvent-annotated methods
[279월2026 22:33:35.506] [modloading-worker-0/DEBUG] [net.neoforged.fml.javafmlmod.AutomaticEventSubscriber/]: Subscribing @EventBusSubscriber class Lnet/neoforged/neoforge/network/ConfigurationInitialization; to the mod event bus of mod neoforge
[279월2026 22:33:35.506] [modloading-worker-0/DEBUG] [net.neoforged.fml.javafmlmod.AutomaticEventSubscriber/LOADING]: Scanning class net.neoforged.neoforge.common.MonsterRoomHooks for @SubscribeEvent-annotated methods
[279월2026 22:33:35.507] [modloading-worker-0/DEBUG] [net.neoforged.fml.javafmlmod.AutomaticEventSubscriber/]: Subscribing @EventBusSubscriber class Lnet/neoforged/neoforge/common/MonsterRoomHooks; to the game event bus
[279월2026 22:33:35.507] [modloading-worker-0/DEBUG] [net.neoforged.fml.javafmlmod.AutomaticEventSubscriber/LOADING]: Scanning class net.neoforged.neoforge.common.DeferredSpawnEggItem$CommonHandler for @SubscribeEvent-annotated methods
[279월2026 22:33:35.507] [modloading-worker-0/DEBUG] [net.neoforged.fml.javafmlmod.AutomaticEventSubscriber/]: Subscribing @EventBusSubscriber class Lnet/neoforged/neoforge/common/DeferredSpawnEggItem$CommonHandler; to the mod event bus of mod neoforge
[279월2026 22:33:35.507] [modloading-worker-0/DEBUG] [net.neoforged.fml.javafmlmod.AutomaticEventSubscriber/LOADING]: Scanning class net.neoforged.neoforge.common.DeferredSpawnEggItem$ColorRegisterHandler for @SubscribeEvent-annotated methods
[279월2026 22:33:35.507] [modloading-worker-0/DEBUG] [net.neoforged.fml.javafmlmod.AutomaticEventSubscriber/]: Subscribing @EventBusSubscriber class Lnet/neoforged/neoforge/common/DeferredSpawnEggItem$ColorRegisterHandler; to the mod event bus of mod neoforge
[279월2026 22:33:35.508] [modloading-worker-0/DEBUG] [net.neoforged.fml.javafmlmod.AutomaticEventSubscriber/LOADING]: Scanning class net.neoforged.neoforge.client.model.data.ModelDataManager for @SubscribeEvent-annotated methods
[279월2026 22:33:35.508] [modloading-worker-0/DEBUG] [net.neoforged.fml.javafmlmod.AutomaticEventSubscriber/]: Subscribing @EventBusSubscriber class Lnet/neoforged/neoforge/client/model/data/ModelDataManager; to the game event bus
[279월2026 22:33:35.508] [modloading-worker-0/DEBUG] [net.neoforged.fml.javafmlmod.AutomaticEventSubscriber/LOADING]: Scanning class net.neoforged.neoforge.client.ParticleBoundsDebugRenderer for @SubscribeEvent-annotated methods
[279월2026 22:33:35.509] [modloading-worker-0/DEBUG] [net.neoforged.fml.javafmlmod.AutomaticEventSubscriber/]: Subscribing @EventBusSubscriber class Lnet/neoforged/neoforge/client/ParticleBoundsDebugRenderer; to the game event bus
[279월2026 22:33:35.511] [modloading-worker-0/DEBUG] [net.neoforged.fml.javafmlmod.AutomaticEventSubscriber/LOADING]: Scanning class net.neoforged.neoforge.client.ClientHooks$ClientEvents for @SubscribeEvent-annotated methods
[279월2026 22:33:35.511] [modloading-worker-0/DEBUG] [net.neoforged.fml.javafmlmod.AutomaticEventSubscriber/]: Subscribing @EventBusSubscriber class Lnet/neoforged/neoforge/client/ClientHooks$ClientEvents; to the mod event bus of mod neoforge
[279월2026 22:33:35.512] [modloading-worker-0/DEBUG] [net.neoforged.fml.javafmlmod.AutomaticEventSubscriber/LOADING]: Scanning class net.neoforged.neoforge.client.BlockEntityRenderBoundsDebugRenderer for @SubscribeEvent-annotated methods
[279월2026 22:33:35.512] [modloading-worker-0/DEBUG] [net.neoforged.fml.javafmlmod.AutomaticEventSubscriber/]: Subscribing @EventBusSubscriber class Lnet/neoforged/neoforge/client/BlockEntityRenderBoundsDebugRenderer; to the game event bus
[279월2026 22:33:35.512] [modloading-worker-0/DEBUG] [net.neoforged.fml.javafmlmod.AutomaticEventSubscriber/LOADING]: Scanning class net.neoforged.neoforge.attachment.AttachmentSync for @SubscribeEvent-annotated methods
[279월2026 22:33:35.513] [modloading-worker-0/DEBUG] [net.neoforged.fml.javafmlmod.AutomaticEventSubscriber/]: Subscribing @EventBusSubscriber class Lnet/neoforged/neoforge/attachment/AttachmentSync; to the game event bus
[279월2026 22:33:35.513] [modloading-worker-0/DEBUG] [net.neoforged.fml.javafmlmod.AutomaticEventSubscriber/LOADING]: Scanning class net.neoforged.neoforge.attachment.AttachmentInternals for @SubscribeEvent-annotated methods
[279월2026 22:33:35.514] [modloading-worker-0/DEBUG] [net.neoforged.fml.javafmlmod.AutomaticEventSubscriber/]: Subscribing @EventBusSubscriber class Lnet/neoforged/neoforge/attachment/AttachmentInternals; to the game event bus
[279월2026 22:33:35.535] [modloading-worker-0/INFO] [epicfight/]: Loaded mod compatibility module: GeckolibCompat
[279월2026 22:33:35.536] [modloading-worker-0/DEBUG] [net.neoforged.fml.javafmlmod.AutomaticEventSubscriber/LOADING]: Attempting to inject @EventBusSubscriber classes into the eventbus for epicfight
[279월2026 22:33:35.536] [modloading-worker-0/DEBUG] [net.neoforged.fml.javafmlmod.AutomaticEventSubscriber/LOADING]: Scanning class yesman.epicfight.registry.entries.EpicFightAttributes$EventBus for @SubscribeEvent-annotated methods
[279월2026 22:33:35.536] [modloading-worker-0/DEBUG] [net.neoforged.fml.javafmlmod.AutomaticEventSubscriber/]: Subscribing @EventBusSubscriber class Lyesman/epicfight/registry/entries/EpicFightAttributes$EventBus; to the mod event bus of mod epicfight
[279월2026 22:33:35.537] [modloading-worker-0/DEBUG] [net.neoforged.fml.javafmlmod.AutomaticEventSubscriber/LOADING]: Scanning class yesman.epicfight.registry.EpicFightRegistries for @SubscribeEvent-annotated methods
[279월2026 22:33:35.537] [modloading-worker-0/DEBUG] [net.neoforged.fml.javafmlmod.AutomaticEventSubscriber/]: Subscribing @EventBusSubscriber class Lyesman/epicfight/registry/EpicFightRegistries; to the mod event bus of mod epicfight
[279월2026 22:33:35.537] [modloading-worker-0/DEBUG] [net.neoforged.fml.javafmlmod.AutomaticEventSubscriber/LOADING]: Scanning class yesman.epicfight.platform.neoforge.event.NeoForgeWorldEvent for @SubscribeEvent-annotated methods
[279월2026 22:33:35.538] [modloading-worker-0/DEBUG] [net.neoforged.fml.javafmlmod.AutomaticEventSubscriber/]: Subscribing @EventBusSubscriber class Lyesman/epicfight/platform/neoforge/event/NeoForgeWorldEvent; to the game event bus
[279월2026 22:33:35.538] [modloading-worker-0/DEBUG] [net.neoforged.fml.javafmlmod.AutomaticEventSubscriber/LOADING]: Scanning class yesman.epicfight.platform.neoforge.event.NeoForgeWorldEvent$WorldEventsClient for @SubscribeEvent-annotated methods
[279월2026 22:33:35.538] [modloading-worker-0/DEBUG] [net.neoforged.fml.javafmlmod.AutomaticEventSubscriber/]: Subscribing @EventBusSubscriber class Lyesman/epicfight/platform/neoforge/event/NeoForgeWorldEvent$WorldEventsClient; to the game event bus
[279월2026 22:33:35.539] [modloading-worker-0/DEBUG] [net.neoforged.fml.javafmlmod.AutomaticEventSubscriber/LOADING]: Scanning class yesman.epicfight.platform.neoforge.event.NeoForgePlayerEvent for @SubscribeEvent-annotated methods
[279월2026 22:33:35.539] [modloading-worker-0/DEBUG] [net.neoforged.fml.javafmlmod.AutomaticEventSubscriber/]: Subscribing @EventBusSubscriber class Lyesman/epicfight/platform/neoforge/event/NeoForgePlayerEvent; to the game event bus
[279월2026 22:33:35.540] [modloading-worker-0/DEBUG] [net.neoforged.fml.javafmlmod.AutomaticEventSubscriber/LOADING]: Scanning class yesman.epicfight.platform.neoforge.event.NeoForgeEntityEvent for @SubscribeEvent-annotated methods
[279월2026 22:33:35.541] [modloading-worker-0/DEBUG] [net.neoforged.fml.javafmlmod.AutomaticEventSubscriber/]: Subscribing @EventBusSubscriber class Lyesman/epicfight/platform/neoforge/event/NeoForgeEntityEvent; to the game event bus
[279월2026 22:33:35.542] [modloading-worker-0/DEBUG] [net.neoforged.fml.javafmlmod.AutomaticEventSubscriber/LOADING]: Scanning class yesman.epicfight.network.EpicFightNetworkManager for @SubscribeEvent-annotated methods
[279월2026 22:33:35.542] [modloading-worker-0/DEBUG] [net.neoforged.fml.javafmlmod.AutomaticEventSubscriber/]: Subscribing @EventBusSubscriber class Lyesman/epicfight/network/EpicFightNetworkManager; to the mod event bus of mod epicfight
[279월2026 22:33:35.542] [modloading-worker-0/DEBUG] [net.neoforged.fml.javafmlmod.AutomaticEventSubscriber/LOADING]: Scanning class yesman.epicfight.main.EpicFightMod$ClientModEvents for @SubscribeEvent-annotated methods
[279월2026 22:33:35.543] [modloading-worker-0/DEBUG] [net.neoforged.fml.javafmlmod.AutomaticEventSubscriber/]: Subscribing @EventBusSubscriber class Lyesman/epicfight/main/EpicFightMod$ClientModEvents; to the mod event bus of mod epicfight
[279월2026 22:33:35.543] [modloading-worker-0/DEBUG] [net.neoforged.fml.javafmlmod.AutomaticEventSubscriber/LOADING]: Scanning class yesman.epicfight.gameasset.Animations for @SubscribeEvent-annotated methods
[279월2026 22:33:35.560] [modloading-worker-0/DEBUG] [net.neoforged.fml.javafmlmod.AutomaticEventSubscriber/]: Subscribing @EventBusSubscriber class Lyesman/epicfight/gameasset/Animations; to the mod event bus of mod epicfight
[279월2026 22:33:35.561] [modloading-worker-0/DEBUG] [net.neoforged.fml.javafmlmod.AutomaticEventSubscriber/LOADING]: Scanning class yesman.epicfight.epicskins.animation.EpicSkinsAnimations for @SubscribeEvent-annotated methods
[279월2026 22:33:35.561] [modloading-worker-0/DEBUG] [net.neoforged.fml.javafmlmod.AutomaticEventSubscriber/]: Subscribing @EventBusSubscriber class Lyesman/epicfight/epicskins/animation/EpicSkinsAnimations; to the mod event bus of mod epicfight
[279월2026 22:33:35.561] [modloading-worker-0/DEBUG] [net.neoforged.fml.javafmlmod.AutomaticEventSubscriber/LOADING]: Scanning class yesman.epicfight.data.loot.EpicFightLootTables for @SubscribeEvent-annotated methods
[279월2026 22:33:35.561] [modloading-worker-0/DEBUG] [net.neoforged.fml.javafmlmod.AutomaticEventSubscriber/]: Subscribing @EventBusSubscriber class Lyesman/epicfight/data/loot/EpicFightLootTables; to the game event bus
[279월2026 22:33:35.562] [modloading-worker-0/DEBUG] [net.neoforged.fml.javafmlmod.AutomaticEventSubscriber/LOADING]: Scanning class yesman.epicfight.data.DataEvents for @SubscribeEvent-annotated methods
[279월2026 22:33:35.562] [modloading-worker-0/DEBUG] [net.neoforged.fml.javafmlmod.AutomaticEventSubscriber/]: Subscribing @EventBusSubscriber class Lyesman/epicfight/data/DataEvents; to the mod event bus of mod epicfight
[279월2026 22:33:35.562] [modloading-worker-0/DEBUG] [net.neoforged.fml.javafmlmod.AutomaticEventSubscriber/LOADING]: Scanning class yesman.epicfight.config.CommonConfig for @SubscribeEvent-annotated methods
[279월2026 22:33:35.562] [modloading-worker-0/DEBUG] [net.neoforged.fml.javafmlmod.AutomaticEventSubscriber/]: Subscribing @EventBusSubscriber class Lyesman/epicfight/config/CommonConfig; to the mod event bus of mod epicfight
[279월2026 22:33:35.562] [modloading-worker-0/DEBUG] [net.neoforged.fml.javafmlmod.AutomaticEventSubscriber/LOADING]: Scanning class yesman.epicfight.config.ClientConfig for @SubscribeEvent-annotated methods
[279월2026 22:33:35.564] [modloading-worker-0/DEBUG] [net.neoforged.fml.javafmlmod.AutomaticEventSubscriber/]: Subscribing @EventBusSubscriber class Lyesman/epicfight/config/ClientConfig; to the mod event bus of mod epicfight
[279월2026 22:33:35.564] [modloading-worker-0/DEBUG] [net.neoforged.fml.javafmlmod.AutomaticEventSubscriber/LOADING]: Scanning class yesman.epicfight.client.renderer.EpicFightShaders for @SubscribeEvent-annotated methods
[279월2026 22:33:35.564] [modloading-worker-0/DEBUG] [net.neoforged.fml.javafmlmod.AutomaticEventSubscriber/]: Subscribing @EventBusSubscriber class Lyesman/epicfight/client/renderer/EpicFightShaders; to the mod event bus of mod epicfight
[279월2026 22:33:35.564] [modloading-worker-0/DEBUG] [net.neoforged.fml.javafmlmod.AutomaticEventSubscriber/LOADING]: Scanning class yesman.epicfight.client.platform.neoforge.event.ClientModBusEvent for @SubscribeEvent-annotated methods
[279월2026 22:33:35.566] [modloading-worker-0/DEBUG] [net.neoforged.fml.javafmlmod.AutomaticEventSubscriber/]: Subscribing @EventBusSubscriber class Lyesman/epicfight/client/platform/neoforge/event/ClientModBusEvent; to the mod event bus of mod epicfight
[279월2026 22:33:35.568] [modloading-worker-0/DEBUG] [net.neoforged.fml.javafmlmod.AutomaticEventSubscriber/LOADING]: Scanning class yesman.epicfight.client.platform.neoforge.event.ClientEvents for @SubscribeEvent-annotated methods
[279월2026 22:33:35.568] [modloading-worker-0/DEBUG] [net.neoforged.fml.javafmlmod.AutomaticEventSubscriber/]: Subscribing @EventBusSubscriber class Lyesman/epicfight/client/platform/neoforge/event/ClientEvents; to the game event bus
[279월2026 22:33:35.577] [modloading-worker-0/DEBUG] [net.neoforged.fml.config.ConfigTracker/CONFIG]: Config file gourmet2-common.toml for gourmet2 tracking
[279월2026 22:33:35.577] [modloading-worker-0/DEBUG] [net.neoforged.fml.javafmlmod.AutomaticEventSubscriber/LOADING]: Attempting to inject @EventBusSubscriber classes into the eventbus for gourmet2
[279월2026 22:33:35.577] [modloading-worker-0/DEBUG] [net.neoforged.fml.javafmlmod.AutomaticEventSubscriber/LOADING]: Scanning class org.example.hanjinwoo.gourmet2.client.ClientEvents for @SubscribeEvent-annotated methods
[279월2026 22:33:35.580] [modloading-worker-0/DEBUG] [net.neoforged.fml.javafmlmod.AutomaticEventSubscriber/]: Subscribing @EventBusSubscriber class Lorg/example/hanjinwoo/gourmet2/client/ClientEvents; to the game event bus
[279월2026 22:33:35.581] [modloading-worker-0/DEBUG] [net.neoforged.fml.javafmlmod.AutomaticEventSubscriber/LOADING]: Scanning class org.example.hanjinwoo.gourmet2.client.ClientMinorityWorld for @SubscribeEvent-annotated methods
[279월2026 22:33:35.583] [modloading-worker-0/DEBUG] [net.neoforged.fml.javafmlmod.AutomaticEventSubscriber/]: Subscribing @EventBusSubscriber class Lorg/example/hanjinwoo/gourmet2/client/ClientMinorityWorld; to the game event bus
[279월2026 22:33:35.583] [modloading-worker-0/DEBUG] [net.neoforged.fml.javafmlmod.AutomaticEventSubscriber/LOADING]: Scanning class org.example.hanjinwoo.gourmet2.client.ClientSetup for @SubscribeEvent-annotated methods
[279월2026 22:33:35.584] [modloading-worker-0/DEBUG] [net.neoforged.fml.javafmlmod.AutomaticEventSubscriber/]: Subscribing @EventBusSubscriber class Lorg/example/hanjinwoo/gourmet2/client/ClientSetup; to the mod event bus of mod gourmet2
[279월2026 22:33:35.585] [modloading-worker-0/DEBUG] [net.neoforged.fml.javafmlmod.AutomaticEventSubscriber/LOADING]: Scanning class org.example.hanjinwoo.gourmet2.Config for @SubscribeEvent-annotated methods
[279월2026 22:33:35.585] [modloading-worker-0/DEBUG] [net.neoforged.fml.javafmlmod.AutomaticEventSubscriber/]: Subscribing @EventBusSubscriber class Lorg/example/hanjinwoo/gourmet2/Config; to the mod event bus of mod gourmet2
[279월2026 22:33:35.585] [modloading-worker-0/DEBUG] [net.neoforged.fml.javafmlmod.AutomaticEventSubscriber/LOADING]: Scanning class org.example.hanjinwoo.gourmet2.event.CommonEvents for @SubscribeEvent-annotated methods
[279월2026 22:33:35.586] [modloading-worker-0/DEBUG] [net.neoforged.fml.javafmlmod.AutomaticEventSubscriber/]: Subscribing @EventBusSubscriber class Lorg/example/hanjinwoo/gourmet2/event/CommonEvents; to the game event bus
[279월2026 22:33:35.586] [modloading-worker-0/DEBUG] [net.neoforged.fml.javafmlmod.AutomaticEventSubscriber/LOADING]: Scanning class org.example.hanjinwoo.gourmet2.event.MinorityWorldEvents for @SubscribeEvent-annotated methods
[279월2026 22:33:35.587] [modloading-worker-0/DEBUG] [net.neoforged.fml.javafmlmod.AutomaticEventSubscriber/]: Subscribing @EventBusSubscriber class Lorg/example/hanjinwoo/gourmet2/event/MinorityWorldEvents; to the game event bus
[279월2026 22:33:35.588] [modloading-sync-worker/DEBUG] [net.neoforged.fml.DeferredWorkQueue/LOADING]: Dispatching synchronous work for work queue Mod Construction: 10 jobs
[279월2026 22:33:35.590] [modloading-sync-worker/DEBUG] [epicfight/]: Loaded enums in class yesman.epicfight.api.animation.LivingMotions
[279월2026 22:33:35.590] [modloading-sync-worker/DEBUG] [epicfight/]: All enums are loaded: living_motion [ALL, INACTION, IDLE, CONFRONT, ANGRY, FLOAT, WALK, RUN, SWIM, FLY, SNEAK, KNEEL, FALL, SIT, MOUNT, DEATH, CHASE, SPELLCAST, JUMP, CELEBRATE, LANDING_RECOVERY, CREATIVE_FLY, CREATIVE_IDLE, SLEEP, DIGGING, ADMIRE, CLIMB, DRINK, EAT, NONE, AIM, BLOCK, BLOCK_SHIELD, RELOAD, SHOT, SPECTATE]
[279월2026 22:33:35.590] [modloading-sync-worker/DEBUG] [epicfight/]: Loaded enums in class yesman.epicfight.skill.SkillCategories
[279월2026 22:33:35.590] [modloading-sync-worker/DEBUG] [epicfight/]: All enums are loaded: skill_category [BASIC_ATTACK, DODGE, PASSIVE, WEAPON_PASSIVE, WEAPON_INNATE, GUARD, KNOCKDOWN_WAKEUP, MOVER, IDENTITY, EMPTY]
[279월2026 22:33:35.591] [modloading-sync-worker/DEBUG] [epicfight/]: Loaded enums in class yesman.epicfight.skill.SkillSlots
[279월2026 22:33:35.591] [modloading-sync-worker/DEBUG] [epicfight/]: All enums are loaded: skill_slot [COMBO_ATTACKS, DODGE, PASSIVE1, PASSIVE2, PASSIVE3, PASSIVE4, PASSIVE5, PASSIVE6, PASSIVE7, PASSIVE8, PASSIVE9, PASSIVE10, PASSIVE11, PASSIVE12, PASSIVE13, PASSIVE14, PASSIVE15, PASSIVE16, WEAPON_PASSIVE, WEAPON_INNATE, GUARD, KNOCKDOWN_WAKEUP, MOVER, IDENTITY]
[279월2026 22:33:35.591] [modloading-sync-worker/DEBUG] [epicfight/]: Loaded enums in class yesman.epicfight.world.capabilities.item.CapabilityItem$Styles
[279월2026 22:33:35.591] [modloading-sync-worker/DEBUG] [epicfight/]: All enums are loaded: style [COMMON, ONE_HAND, TWO_HAND, MOUNT, RANGED, SHEATH, OCHS]
[279월2026 22:33:35.591] [modloading-sync-worker/DEBUG] [epicfight/]: Loaded enums in class yesman.epicfight.world.capabilities.item.CapabilityItem$WeaponCategories
[279월2026 22:33:35.591] [modloading-sync-worker/DEBUG] [epicfight/]: All enums are loaded: weapon_category [NOT_WEAPON, AXE, FIST, GREATSWORD, HOE, PICKAXE, SHOVEL, SWORD, UCHIGATANA, SPEAR, TACHI, TRIDENT, LONGSWORD, DAGGER, SHIELD, RANGED]
[279월2026 22:33:35.591] [modloading-sync-worker/DEBUG] [epicfight/]: Loaded enums in class yesman.epicfight.world.capabilities.entitypatch.Factions
[279월2026 22:33:35.592] [modloading-sync-worker/DEBUG] [epicfight/]: All enums are loaded: faction [NEUTRAL, UNDEAD, BLAZE, ENDERMAN, ILLAGER, PIGLINS, WITHER, VILLAGER, ZOMBIFIED_PIGLIN]
[279월2026 22:33:35.592] [modloading-sync-worker/DEBUG] [epicfight/]: Loaded enums in class yesman.epicfight.network.EntityPairingPacketTypes
[279월2026 22:33:35.592] [modloading-sync-worker/DEBUG] [epicfight/]: All enums are loaded: entity_pairing_packet_type [ADRENALINE_ACTIVATED, BONEBREAKER_BEGIN, BONEBREAKER_MAX_STACK, BONEBREAKER_CLEAR, STAMINA_PILLAGER_BODY_ASHES, EMERGENCY_ESCAPE_ACTIVATED, ENDERMAN_RAGE, FLASH_WHITE, PIGLIN_BABY_SPAWN, SET_BOSS_EVENT_OWNER, TECHNICIAN_ACTIVATED, TRIDENT_THROWN, VENGEANCE_OVERLAY, VENGEANCE_TARGET_CANCEL, ZOMBIE_SPAWN]
[279월2026 22:33:35.594] [modloading-sync-worker/DEBUG] [epicfight/]: Loaded enums in class yesman.epicfight.client.gui.widgets.AnchoredButton$BuiltInTheme
[279월2026 22:33:35.595] [modloading-sync-worker/DEBUG] [epicfight/]: Loaded enums in class yesman.epicfight.client.gui.widgets.ColorDeterminator$Theme
[279월2026 22:33:35.595] [modloading-sync-worker/DEBUG] [epicfight/]: All enums are loaded: widget_theme [VANILLA, BLACK, NUMBERED_TAB, UPSIDE_EMOTE_WHEEL, DOWNSIDE_EMOTE_WHEEL, TRANSPARENT, CLASSIC, SIMPLE]
[279월2026 22:33:35.595] [modloading-sync-worker/DEBUG] [epicfight/]: Loaded enums in class yesman.epicfight.api.client.input.action.EpicFightInputAction
[279월2026 22:33:35.595] [modloading-sync-worker/DEBUG] [epicfight/]: Loaded enums in class yesman.epicfight.api.client.input.action.MinecraftInputAction
[279월2026 22:33:35.595] [modloading-sync-worker/DEBUG] [epicfight/]: All enums are loaded: input_action [ATTACK, MOBILITY, GUARD, DODGE, LOCK_ON, LOCK_ON_SHIFT_LEFT, LOCK_ON_SHIFT_RIGHT, LOCK_ON_SHIFT_FREELY, SWITCH_MODE, WEAPON_INNATE_SKILL, WEAPON_INNATE_SKILL_TOOLTIP, OPEN_SKILL_SCREEN, OPEN_CONFIG_SCREEN, OPEN_EMOTE_WHEEL_SCREEN, SWITCH_VANILLA_MODEL_DEBUGGING, JUMP, ATTACK_DESTROY, USE, SWAP_OFF_HAND, DROP, TOGGLE_PERSPECTIVE, MOVE_FORWARD, MOVE_BACKWARD, MOVE_LEFT, MOVE_RIGHT, SPRINT, SNEAK]
[279월2026 22:33:35.611] [modloading-sync-worker/DEBUG] [net.neoforged.fml.DeferredWorkQueue/LOADING]: Synchronous work queue completed in 22.27 ms
[279월2026 22:33:35.744] [modloading-sync-worker/INFO] [epicfight/]: Data keys [epicfight:combo_counter] for epicfight:combo_attacks
[279월2026 22:33:35.745] [modloading-sync-worker/INFO] [epicfight/]: Data keys [epicfight:penalty_restore_counter, epicfight:penalty] for epicfight:guard
[279월2026 22:33:35.745] [modloading-sync-worker/INFO] [epicfight/]: Data keys [epicfight:penalty_restore_counter, epicfight:penalty] for epicfight:impact_guard
[279월2026 22:33:35.745] [modloading-sync-worker/INFO] [epicfight/]: Data keys [epicfight:penalty_restore_counter, epicfight:parry_motion_counter, epicfight:penalty, epicfight:last_active] for epicfight:parrying
[279월2026 22:33:35.745] [modloading-sync-worker/INFO] [epicfight/]: Data keys [epicfight:tick_record, epicfight:resisting_damage_type, epicfight:stacks] for epicfight:adaptive_skin
[279월2026 22:33:35.745] [modloading-sync-worker/INFO] [epicfight/]: Data keys [epicfight:tick_record] for epicfight:adrenaline_fiend
[279월2026 22:33:35.745] [modloading-sync-worker/INFO] [epicfight/]: Data keys [epicfight:stacks, epicfight:entity_id] for epicfight:bonebreaker
[279월2026 22:33:35.745] [modloading-sync-worker/INFO] [epicfight/]: Data keys [epicfight:tick_record, epicfight:entity_id] for epicfight:vengeance
[279월2026 22:33:35.745] [modloading-sync-worker/INFO] [epicfight/]: Data keys [epicfight:fall_distance, epicfight:slam_protect_next_fall] for epicfight:meteor_slam
[279월2026 22:33:35.745] [modloading-sync-worker/INFO] [epicfight/]: Data keys [epicfight:stacks] for epicfight:revelation
[279월2026 22:33:35.745] [modloading-sync-worker/INFO] [epicfight/]: Data keys [epicfight:slam_protect_next_fall] for epicfight:demolition_leap
[279월2026 22:33:35.745] [modloading-sync-worker/INFO] [epicfight/]: Data keys [epicfight:jump_key_pressed_last_tick, epicfight:slam_protect_next_fall, epicfight:jump_count] for epicfight:phantom_ascent
[279월2026 22:33:35.745] [modloading-sync-worker/INFO] [epicfight/]: Data keys [epicfight:last_hit_count] for epicfight:grasping_spire
[279월2026 22:33:35.745] [modloading-sync-worker/INFO] [epicfight/]: Data keys [epicfight:sheath] for epicfight:battojutsu
[279월2026 22:33:35.745] [modloading-sync-worker/INFO] [epicfight/]: Data keys [epicfight:combo_counter] for epicfight:blade_rush
[279월2026 22:33:35.745] [modloading-sync-worker/INFO] [epicfight/]: Data keys [epicfight:thrown_trident_entity_id] for epicfight:everlasting_allegiance
[279월2026 22:33:35.745] [modloading-sync-worker/INFO] [epicfight/]: Data keys [epicfight:sheath] for epicfight:battojutsu_passive
[279월2026 22:33:35.748] [modloading-sync-worker/DEBUG] [net.neoforged.fml.config.ConfigTracker/CONFIG]: Loading configs type CLIENT
[279월2026 22:33:35.754] [modloading-sync-worker/DEBUG] [net.neoforged.neoforge.common.NeoForgeConfig/FORGEMOD]: Loaded NeoForge config file neoforge-client.toml
[279월2026 22:33:35.754] [modloading-sync-worker/DEBUG] [net.neoforged.fml.config.ConfigTracker/CONFIG]: Loaded TOML config file C:\Users\hanjw\Downloads\gourmet2-main\gourmet2-main\run\config\neoforge-client.toml
[279월2026 22:33:35.757] [modloading-sync-worker/DEBUG] [net.neoforged.fml.config.ConfigTracker/CONFIG]: Watching TOML config file C:\Users\hanjw\Downloads\gourmet2-main\gourmet2-main\run\config\neoforge-client.toml for changes
[279월2026 22:33:35.759] [modloading-sync-worker/INFO] [epicfight/]: Epic Fight web server connection helper: Initialize
[279월2026 22:33:35.780] [modloading-sync-worker/INFO] [epicfight/]: Epic Fight web server connection helper: supported
[279월2026 22:33:35.783] [modloading-sync-worker/DEBUG] [net.neoforged.fml.config.ConfigTracker/CONFIG]: Loaded TOML config file C:\Users\hanjw\Downloads\gourmet2-main\gourmet2-main\run\config\epicfight-client.toml
[279월2026 22:33:35.783] [modloading-sync-worker/DEBUG] [net.neoforged.fml.config.ConfigTracker/CONFIG]: Watching TOML config file C:\Users\hanjw\Downloads\gourmet2-main\gourmet2-main\run\config\epicfight-client.toml for changes
[279월2026 22:33:35.783] [modloading-sync-worker/DEBUG] [net.neoforged.fml.config.ConfigTracker/CONFIG]: Loading configs type COMMON
[279월2026 22:33:35.784] [modloading-sync-worker/DEBUG] [net.neoforged.neoforge.common.NeoForgeConfig/FORGEMOD]: Loaded NeoForge config file neoforge-common.toml
[279월2026 22:33:35.784] [modloading-sync-worker/DEBUG] [net.neoforged.fml.config.ConfigTracker/CONFIG]: Loaded TOML config file C:\Users\hanjw\Downloads\gourmet2-main\gourmet2-main\run\config\neoforge-common.toml
[279월2026 22:33:35.784] [modloading-sync-worker/DEBUG] [net.neoforged.fml.config.ConfigTracker/CONFIG]: Watching TOML config file C:\Users\hanjw\Downloads\gourmet2-main\gourmet2-main\run\config\neoforge-common.toml for changes
[279월2026 22:33:35.785] [modloading-sync-worker/DEBUG] [net.neoforged.fml.config.ConfigTracker/CONFIG]: Loaded TOML config file C:\Users\hanjw\Downloads\gourmet2-main\gourmet2-main\run\config\epicfight-common.toml
[279월2026 22:33:35.785] [modloading-sync-worker/DEBUG] [net.neoforged.fml.config.ConfigTracker/CONFIG]: Watching TOML config file C:\Users\hanjw\Downloads\gourmet2-main\gourmet2-main\run\config\epicfight-common.toml for changes
[279월2026 22:33:35.786] [modloading-sync-worker/DEBUG] [net.neoforged.fml.config.ConfigTracker/CONFIG]: Loaded TOML config file C:\Users\hanjw\Downloads\gourmet2-main\gourmet2-main\run\config\gourmet2-common.toml
[279월2026 22:33:35.786] [modloading-sync-worker/DEBUG] [net.neoforged.fml.config.ConfigTracker/CONFIG]: Watching TOML config file C:\Users\hanjw\Downloads\gourmet2-main\gourmet2-main\run\config\gourmet2-common.toml for changes
[279월2026 22:33:35.812] [Render thread/DEBUG] [mixin/]: Mixing client.TextureManagerMixin from geckolib.mixins.json into net.minecraft.client.renderer.texture.TextureManager
[279월2026 22:33:35.812] [Render thread/DEBUG] [mixin/]: geckolib.mixins.json:client.TextureManagerMixin from mod geckolib: Class version 65 required is higher than the class version supported by the current version of Mixin (JAVA_17 supports class version 61)
[279월2026 22:33:35.859] [Render thread/DEBUG] [mixin/]: Mixing client.MixinCompositeRenderType from epicfight.mixins.json into net.minecraft.client.renderer.RenderType$CompositeRenderType
[279월2026 22:33:35.862] [Render thread/DEBUG] [mixin/]: epicfight.mixins.json:client.MixinCompositeRenderType from mod epicfight->@Inject::epicfight_renderTypeInit(Lorg/spongepowered/asm/mixin/injection/callback/CallbackInfo;)V doesn't use it's CallbackInfo
[279월2026 22:33:35.865] [Render thread/DEBUG] [mixin/]: Mixing client.MixinGameRenderer from aaa_particles-common.mixins.json into net.minecraft.client.renderer.GameRenderer
[279월2026 22:33:35.865] [Render thread/DEBUG] [mixin/]: aaa_particles-common.mixins.json:client.MixinGameRenderer from mod aaa_particles: Class version 65 required is higher than the class version supported by the current version of Mixin (JAVA_17 supports class version 61)
[279월2026 22:33:35.865] [Render thread/DEBUG] [mixin/]: Mixing client.MixinGameRenderer from epicfight.mixins.json into net.minecraft.client.renderer.GameRenderer
[279월2026 22:33:35.868] [Render thread/DEBUG] [mixin/]: aaa_particles-common.mixins.json:client.MixinGameRenderer from mod aaa_particles->@Inject::beforeRenderHand(Lnet/minecraft/client/DeltaTracker;Lorg/spongepowered/asm/mixin/injection/callback/CallbackInfo;)V doesn't use it's CallbackInfo
[279월2026 22:33:35.868] [Render thread/DEBUG] [mixin/]: aaa_particles-common.mixins.json:client.MixinGameRenderer from mod aaa_particles->@Inject::beforeRenderHand(Lnet/minecraft/client/DeltaTracker;Lorg/spongepowered/asm/mixin/injection/callback/CallbackInfo;)V has 0 override(s) in child classes
[279월2026 22:33:35.868] [Render thread/DEBUG] [mixin/]: aaa_particles-common.mixins.json:client.MixinGameRenderer from mod aaa_particles->@Inject::beforeRenderHand(Lnet/minecraft/client/DeltaTracker;Lorg/spongepowered/asm/mixin/injection/callback/CallbackInfo;)V won't be passed a CallbackInfo as a result
[279월2026 22:33:35.868] [Render thread/DEBUG] [mixin/]: aaa_particles-common.mixins.json:client.MixinGameRenderer from mod aaa_particles->@Inject::renderLevelTail(Lnet/minecraft/client/DeltaTracker;Lorg/spongepowered/asm/mixin/injection/callback/CallbackInfo;)V doesn't use it's CallbackInfo
[279월2026 22:33:35.868] [Render thread/DEBUG] [mixin/]: aaa_particles-common.mixins.json:client.MixinGameRenderer from mod aaa_particles->@Inject::renderLevelTail(Lnet/minecraft/client/DeltaTracker;Lorg/spongepowered/asm/mixin/injection/callback/CallbackInfo;)V has 0 override(s) in child classes
[279월2026 22:33:35.868] [Render thread/DEBUG] [mixin/]: aaa_particles-common.mixins.json:client.MixinGameRenderer from mod aaa_particles->@Inject::renderLevelTail(Lnet/minecraft/client/DeltaTracker;Lorg/spongepowered/asm/mixin/injection/callback/CallbackInfo;)V won't be passed a CallbackInfo as a result
[279월2026 22:33:35.887] [Render thread/DEBUG] [mixin/]: Mixing client.MixinLevelRenderer from aaa_particles-common.mixins.json into net.minecraft.client.renderer.LevelRenderer
[279월2026 22:33:35.887] [Render thread/DEBUG] [mixin/]: aaa_particles-common.mixins.json:client.MixinLevelRenderer from mod aaa_particles: Class version 65 required is higher than the class version supported by the current version of Mixin (JAVA_17 supports class version 61)
[279월2026 22:33:35.890] [Render thread/DEBUG] [mixin/]: Mixing client.LevelRendererMixin from geckolib.mixins.json into net.minecraft.client.renderer.LevelRenderer
[279월2026 22:33:35.890] [Render thread/DEBUG] [mixin/]: geckolib.mixins.json:client.LevelRendererMixin from mod geckolib: Class version 65 required is higher than the class version supported by the current version of Mixin (JAVA_17 supports class version 61)
[279월2026 22:33:35.890] [Render thread/DEBUG] [mixin/]: Renaming synthetic method lambda$geckolib$captureRenderedEntities$0(I)D to md57a2c9$geckolib$lambda$geckolib$captureRenderedEntities$0$0 in geckolib.mixins.json:client.LevelRendererMixin from mod geckolib
[279월2026 22:33:35.891] [Render thread/DEBUG] [mixin/]: Mixing client.MixinLevelRenderer from epicfight.mixins.json into net.minecraft.client.renderer.LevelRenderer
[279월2026 22:33:35.901] [Render thread/DEBUG] [mixin/]: aaa_particles-common.mixins.json:client.MixinLevelRenderer from mod aaa_particles->@Inject::onRenderLevelLast(Lnet/minecraft/client/DeltaTracker;ZLnet/minecraft/client/Camera;Lnet/minecraft/client/renderer/GameRenderer;Lnet/minecraft/client/renderer/LightTexture;Lorg/joml/Matrix4f;Lorg/joml/Matrix4f;Lorg/spongepowered/asm/mixin/injection/callback/CallbackInfo;)V doesn't use it's CallbackInfo
[279월2026 22:33:35.901] [Render thread/DEBUG] [mixin/]: aaa_particles-common.mixins.json:client.MixinLevelRenderer from mod aaa_particles->@Inject::onRenderLevelLast(Lnet/minecraft/client/DeltaTracker;ZLnet/minecraft/client/Camera;Lnet/minecraft/client/renderer/GameRenderer;Lnet/minecraft/client/renderer/LightTexture;Lorg/joml/Matrix4f;Lorg/joml/Matrix4f;Lorg/spongepowered/asm/mixin/injection/callback/CallbackInfo;)V has 0 override(s) in child classes
[279월2026 22:33:35.901] [Render thread/DEBUG] [mixin/]: aaa_particles-common.mixins.json:client.MixinLevelRenderer from mod aaa_particles->@Inject::onRenderLevelLast(Lnet/minecraft/client/DeltaTracker;ZLnet/minecraft/client/Camera;Lnet/minecraft/client/renderer/GameRenderer;Lnet/minecraft/client/renderer/LightTexture;Lorg/joml/Matrix4f;Lorg/joml/Matrix4f;Lorg/spongepowered/asm/mixin/injection/callback/CallbackInfo;)V won't be passed a CallbackInfo as a result
[279월2026 22:33:35.901] [Render thread/DEBUG] [mixin/]: geckolib.mixins.json:client.LevelRendererMixin from mod geckolib->@Inject::geckolib$captureRenderedEntities(Lnet/minecraft/client/DeltaTracker;ZLnet/minecraft/client/Camera;Lnet/minecraft/client/renderer/GameRenderer;Lnet/minecraft/client/renderer/LightTexture;Lorg/joml/Matrix4f;Lorg/joml/Matrix4f;Lorg/spongepowered/asm/mixin/injection/callback/CallbackInfo;)V doesn't use it's CallbackInfo
[279월2026 22:33:35.901] [Render thread/DEBUG] [mixin/]: geckolib.mixins.json:client.LevelRendererMixin from mod geckolib->@Inject::geckolib$captureRenderedEntities(Lnet/minecraft/client/DeltaTracker;ZLnet/minecraft/client/Camera;Lnet/minecraft/client/renderer/GameRenderer;Lnet/minecraft/client/renderer/LightTexture;Lorg/joml/Matrix4f;Lorg/joml/Matrix4f;Lorg/spongepowered/asm/mixin/injection/callback/CallbackInfo;)V has 0 override(s) in child classes
[279월2026 22:33:35.901] [Render thread/DEBUG] [mixin/]: geckolib.mixins.json:client.LevelRendererMixin from mod geckolib->@Inject::geckolib$captureRenderedEntities(Lnet/minecraft/client/DeltaTracker;ZLnet/minecraft/client/Camera;Lnet/minecraft/client/renderer/GameRenderer;Lnet/minecraft/client/renderer/LightTexture;Lorg/joml/Matrix4f;Lorg/joml/Matrix4f;Lorg/spongepowered/asm/mixin/injection/callback/CallbackInfo;)V won't be passed a CallbackInfo as a result
[279월2026 22:33:35.901] [Render thread/DEBUG] [mixin/]: epicfight.mixins.json:client.MixinLevelRenderer from mod epicfight->@Inject::epicfight$renderLevel(Lnet/minecraft/client/DeltaTracker;ZLnet/minecraft/client/Camera;Lnet/minecraft/client/renderer/GameRenderer;Lnet/minecraft/client/renderer/LightTexture;Lorg/joml/Matrix4f;Lorg/joml/Matrix4f;Lorg/spongepowered/asm/mixin/injection/callback/CallbackInfo;Lnet/minecraft/world/TickRateManager;FLnet/minecraft/util/profiling/ProfilerFiller;Lnet/minecraft/world/phys/Vec3;DDDZLnet/minecraft/client/renderer/culling/Frustum;FZLorg/joml/Matrix4fStack;ZLcom/mojang/blaze3d/vertex/PoseStack;Lnet/minecraft/client/renderer/MultiBufferSource$BufferSource;Ljava/util/Iterator;Lnet/minecraft/world/entity/Entity;Lnet/minecraft/core/BlockPos;Lnet/minecraft/client/renderer/MultiBufferSource;Lnet/minecraft/client/renderer/OutlineBufferSource;I)V doesn't use it's CallbackInfo
[279월2026 22:33:35.901] [Render thread/DEBUG] [mixin/]: epicfight.mixins.json:client.MixinLevelRenderer from mod epicfight->@Inject::epicfight$renderLevel(Lnet/minecraft/client/DeltaTracker;ZLnet/minecraft/client/Camera;Lnet/minecraft/client/renderer/GameRenderer;Lnet/minecraft/client/renderer/LightTexture;Lorg/joml/Matrix4f;Lorg/joml/Matrix4f;Lorg/spongepowered/asm/mixin/injection/callback/CallbackInfo;Lnet/minecraft/world/TickRateManager;FLnet/minecraft/util/profiling/ProfilerFiller;Lnet/minecraft/world/phys/Vec3;DDDZLnet/minecraft/client/renderer/culling/Frustum;FZLorg/joml/Matrix4fStack;ZLcom/mojang/blaze3d/vertex/PoseStack;Lnet/minecraft/client/renderer/MultiBufferSource$BufferSource;Ljava/util/Iterator;Lnet/minecraft/world/entity/Entity;Lnet/minecraft/core/BlockPos;Lnet/minecraft/client/renderer/MultiBufferSource;Lnet/minecraft/client/renderer/OutlineBufferSource;I)V has 0 override(s) in child classes
[279월2026 22:33:35.901] [Render thread/DEBUG] [mixin/]: epicfight.mixins.json:client.MixinLevelRenderer from mod epicfight->@Inject::epicfight$renderLevel(Lnet/minecraft/client/DeltaTracker;ZLnet/minecraft/client/Camera;Lnet/minecraft/client/renderer/GameRenderer;Lnet/minecraft/client/renderer/LightTexture;Lorg/joml/Matrix4f;Lorg/joml/Matrix4f;Lorg/spongepowered/asm/mixin/injection/callback/CallbackInfo;Lnet/minecraft/world/TickRateManager;FLnet/minecraft/util/profiling/ProfilerFiller;Lnet/minecraft/world/phys/Vec3;DDDZLnet/minecraft/client/renderer/culling/Frustum;FZLorg/joml/Matrix4fStack;ZLcom/mojang/blaze3d/vertex/PoseStack;Lnet/minecraft/client/renderer/MultiBufferSource$BufferSource;Ljava/util/Iterator;Lnet/minecraft/world/entity/Entity;Lnet/minecraft/core/BlockPos;Lnet/minecraft/client/renderer/MultiBufferSource;Lnet/minecraft/client/renderer/OutlineBufferSource;I)V won't be passed a CallbackInfo as a result
[279월2026 22:33:35.930] [Render thread/DEBUG] [mixin/]: Mixing client.BlockEntityWithoutLevelRendererMixin from geckolib.mixins.json into net.minecraft.client.renderer.BlockEntityWithoutLevelRenderer
[279월2026 22:33:35.930] [Render thread/DEBUG] [mixin/]: geckolib.mixins.json:client.BlockEntityWithoutLevelRendererMixin from mod geckolib: Class version 65 required is higher than the class version supported by the current version of Mixin (JAVA_17 supports class version 61)
[279월2026 22:33:35.932] [Render thread/DEBUG] [mixin/]: geckolib.mixins.json:client.BlockEntityWithoutLevelRendererMixin from mod geckolib->@Inject::geckolib$renderGeckolibItem(Lnet/minecraft/world/item/ItemStack;Lnet/minecraft/world/item/ItemDisplayContext;Lcom/mojang/blaze3d/vertex/PoseStack;Lnet/minecraft/client/renderer/MultiBufferSource;IILorg/spongepowered/asm/mixin/injection/callback/CallbackInfo;)V does use it's CallbackInfo
[279월2026 22:33:35.953] [Render thread/DEBUG] [mixin/]: Mixing client.MixinItemInHandRenderer from aaa_particles-common.mixins.json into net.minecraft.client.renderer.ItemInHandRenderer
[279월2026 22:33:35.953] [Render thread/DEBUG] [mixin/]: aaa_particles-common.mixins.json:client.MixinItemInHandRenderer from mod aaa_particles: Class version 65 required is higher than the class version supported by the current version of Mixin (JAVA_17 supports class version 61)
[279월2026 22:33:35.953] [Render thread/DEBUG] [mixin/]: Renaming synthetic method lambda$aaaParticles$renderFpvEffek$1(Lcom/mojang/blaze3d/vertex/VertexSorting;Lnet/minecraft/client/player/LocalPlayer;FLnet/minecraft/client/Camera;Lnet/minecraft/world/InteractionHand;Lmod/chloeprime/aaaparticles/client/internal/RenderStateCapture;)V to md57a2c9$aaa_particles$lambda$aaaParticles$renderFpvEffek$1$0 in aaa_particles-common.mixins.json:client.MixinItemInHandRenderer from mod aaa_particles
[279월2026 22:33:35.953] [Render thread/DEBUG] [mixin/]: Renaming synthetic method lambda$resetCaptureState$0(Lnet/minecraft/world/InteractionHand;)Lmod/chloeprime/aaaparticles/client/internal/RenderStateCapture; to md57a2c9$aaa_particles$lambda$resetCaptureState$0$1 in aaa_particles-common.mixins.json:client.MixinItemInHandRenderer from mod aaa_particles
[279월2026 22:33:35.959] [Render thread/DEBUG] [mixin/]: aaa_particles-common.mixins.json:client.MixinItemInHandRenderer from mod aaa_particles->@Inject::resetCaptureState(Lnet/minecraft/client/player/AbstractClientPlayer;FFLnet/minecraft/world/InteractionHand;FLnet/minecraft/world/item/ItemStack;FLcom/mojang/blaze3d/vertex/PoseStack;Lnet/minecraft/client/renderer/MultiBufferSource;ILorg/spongepowered/asm/mixin/injection/callback/CallbackInfo;)V doesn't use it's CallbackInfo
[279월2026 22:33:35.959] [Render thread/DEBUG] [mixin/]: aaa_particles-common.mixins.json:client.MixinItemInHandRenderer from mod aaa_particles->@Inject::resetCaptureState(Lnet/minecraft/client/player/AbstractClientPlayer;FFLnet/minecraft/world/InteractionHand;FLnet/minecraft/world/item/ItemStack;FLcom/mojang/blaze3d/vertex/PoseStack;Lnet/minecraft/client/renderer/MultiBufferSource;ILorg/spongepowered/asm/mixin/injection/callback/CallbackInfo;)V has 0 override(s) in child classes
[279월2026 22:33:35.959] [Render thread/DEBUG] [mixin/]: aaa_particles-common.mixins.json:client.MixinItemInHandRenderer from mod aaa_particles->@Inject::resetCaptureState(Lnet/minecraft/client/player/AbstractClientPlayer;FFLnet/minecraft/world/InteractionHand;FLnet/minecraft/world/item/ItemStack;FLcom/mojang/blaze3d/vertex/PoseStack;Lnet/minecraft/client/renderer/MultiBufferSource;ILorg/spongepowered/asm/mixin/injection/callback/CallbackInfo;)V won't be passed a CallbackInfo as a result
[279월2026 22:33:35.959] [Render thread/DEBUG] [mixin/]: aaa_particles-common.mixins.json:client.MixinItemInHandRenderer from mod aaa_particles->@Inject::setFpvRenderState(Lnet/minecraft/client/player/AbstractClientPlayer;FFLnet/minecraft/world/InteractionHand;FLnet/minecraft/world/item/ItemStack;FLcom/mojang/blaze3d/vertex/PoseStack;Lnet/minecraft/client/renderer/MultiBufferSource;ILorg/spongepowered/asm/mixin/injection/callback/CallbackInfo;)V doesn't use it's CallbackInfo
[279월2026 22:33:35.959] [Render thread/DEBUG] [mixin/]: aaa_particles-common.mixins.json:client.MixinItemInHandRenderer from mod aaa_particles->@Inject::setFpvRenderState(Lnet/minecraft/client/player/AbstractClientPlayer;FFLnet/minecraft/world/InteractionHand;FLnet/minecraft/world/item/ItemStack;FLcom/mojang/blaze3d/vertex/PoseStack;Lnet/minecraft/client/renderer/MultiBufferSource;ILorg/spongepowered/asm/mixin/injection/callback/CallbackInfo;)V has 0 override(s) in child classes
[279월2026 22:33:35.959] [Render thread/DEBUG] [mixin/]: aaa_particles-common.mixins.json:client.MixinItemInHandRenderer from mod aaa_particles->@Inject::setFpvRenderState(Lnet/minecraft/client/player/AbstractClientPlayer;FFLnet/minecraft/world/InteractionHand;FLnet/minecraft/world/item/ItemStack;FLcom/mojang/blaze3d/vertex/PoseStack;Lnet/minecraft/client/renderer/MultiBufferSource;ILorg/spongepowered/asm/mixin/injection/callback/CallbackInfo;)V won't be passed a CallbackInfo as a result
[279월2026 22:33:35.959] [Render thread/DEBUG] [mixin/]: aaa_particles-common.mixins.json:client.MixinItemInHandRenderer from mod aaa_particles->@Inject::setFpvRenderState(Lnet/minecraft/client/player/AbstractClientPlayer;FFLnet/minecraft/world/InteractionHand;FLnet/minecraft/world/item/ItemStack;FLcom/mojang/blaze3d/vertex/PoseStack;Lnet/minecraft/client/renderer/MultiBufferSource;ILorg/spongepowered/asm/mixin/injection/callback/CallbackInfo;)V doesn't use it's CallbackInfo
[279월2026 22:33:35.959] [Render thread/DEBUG] [mixin/]: aaa_particles-common.mixins.json:client.MixinItemInHandRenderer from mod aaa_particles->@Inject::setFpvRenderState(Lnet/minecraft/client/player/AbstractClientPlayer;FFLnet/minecraft/world/InteractionHand;FLnet/minecraft/world/item/ItemStack;FLcom/mojang/blaze3d/vertex/PoseStack;Lnet/minecraft/client/renderer/MultiBufferSource;ILorg/spongepowered/asm/mixin/injection/callback/CallbackInfo;)V has 0 override(s) in child classes
[279월2026 22:33:35.959] [Render thread/DEBUG] [mixin/]: aaa_particles-common.mixins.json:client.MixinItemInHandRenderer from mod aaa_particles->@Inject::setFpvRenderState(Lnet/minecraft/client/player/AbstractClientPlayer;FFLnet/minecraft/world/InteractionHand;FLnet/minecraft/world/item/ItemStack;FLcom/mojang/blaze3d/vertex/PoseStack;Lnet/minecraft/client/renderer/MultiBufferSource;ILorg/spongepowered/asm/mixin/injection/callback/CallbackInfo;)V won't be passed a CallbackInfo as a result
[279월2026 22:33:35.959] [Render thread/DEBUG] [mixin/]: aaa_particles-common.mixins.json:client.MixinItemInHandRenderer from mod aaa_particles->@Inject::captureHandDepth(FLcom/mojang/blaze3d/vertex/PoseStack;Lnet/minecraft/client/renderer/MultiBufferSource$BufferSource;Lnet/minecraft/client/player/LocalPlayer;ILorg/spongepowered/asm/mixin/injection/callback/CallbackInfo;)V doesn't use it's CallbackInfo
[279월2026 22:33:35.959] [Render thread/DEBUG] [mixin/]: aaa_particles-common.mixins.json:client.MixinItemInHandRenderer from mod aaa_particles->@Inject::captureHandDepth(FLcom/mojang/blaze3d/vertex/PoseStack;Lnet/minecraft/client/renderer/MultiBufferSource$BufferSource;Lnet/minecraft/client/player/LocalPlayer;ILorg/spongepowered/asm/mixin/injection/callback/CallbackInfo;)V has 0 override(s) in child classes
[279월2026 22:33:35.959] [Render thread/DEBUG] [mixin/]: aaa_particles-common.mixins.json:client.MixinItemInHandRenderer from mod aaa_particles->@Inject::captureHandDepth(FLcom/mojang/blaze3d/vertex/PoseStack;Lnet/minecraft/client/renderer/MultiBufferSource$BufferSource;Lnet/minecraft/client/player/LocalPlayer;ILorg/spongepowered/asm/mixin/injection/callback/CallbackInfo;)V won't be passed a CallbackInfo as a result
[279월2026 22:33:35.962] [Render thread/DEBUG] [mixin/]: Mixing client.MixinParticleEngine from epicfight.mixins.json into net.minecraft.client.particle.ParticleEngine
[279월2026 22:33:35.962] [Render thread/DEBUG] [mixin/]: epicfight.mixins.json:client.MixinParticleEngine from mod epicfight->@Inject::epicfight$constructor(Lnet/minecraft/client/multiplayer/ClientLevel;Lnet/minecraft/client/renderer/texture/TextureManager;Lorg/spongepowered/asm/mixin/injection/callback/CallbackInfo;)V doesn't use it's CallbackInfo
[279월2026 22:33:35.962] [Render thread/DEBUG] [mixin/]: epicfight.mixins.json:client.MixinParticleEngine from mod epicfight->@Inject::epicfight$constructor(Lnet/minecraft/client/multiplayer/ClientLevel;Lnet/minecraft/client/renderer/texture/TextureManager;Lorg/spongepowered/asm/mixin/injection/callback/CallbackInfo;)V has 0 override(s) in child classes
[279월2026 22:33:35.962] [Render thread/DEBUG] [mixin/]: epicfight.mixins.json:client.MixinParticleEngine from mod epicfight->@Inject::epicfight$constructor(Lnet/minecraft/client/multiplayer/ClientLevel;Lnet/minecraft/client/renderer/texture/TextureManager;Lorg/spongepowered/asm/mixin/injection/callback/CallbackInfo;)V won't be passed a CallbackInfo as a result
[279월2026 22:33:36.001] [Render thread/DEBUG] [mixin/]: Mixing client.MixinCamera from epicfight.mixins.json into net.minecraft.client.Camera
[279월2026 22:33:36.002] [Render thread/DEBUG] [mixin/]: epicfight.mixins.json:client.MixinCamera from mod epicfight->@Inject::epicfight$setup(Lnet/minecraft/world/level/BlockGetter;Lnet/minecraft/world/entity/Entity;ZZFLorg/spongepowered/asm/mixin/injection/callback/CallbackInfo;)V does use it's CallbackInfo
[279월2026 22:33:36.003] [Render thread/DEBUG] [mixin/]: Mixing client.MixinLightTexture from epicfight.mixins.json into net.minecraft.client.renderer.LightTexture
[279월2026 22:33:36.005] [Render thread/DEBUG] [mixin/]: epicfight.mixins.json:client.MixinLightTexture from mod epicfight->@Inject::epicfight$head_updateLightTexture(Lorg/spongepowered/asm/mixin/injection/callback/CallbackInfo;)V doesn't use it's CallbackInfo
[279월2026 22:33:36.005] [Render thread/DEBUG] [mixin/]: epicfight.mixins.json:client.MixinLightTexture from mod epicfight->@Inject::epicfight$head_updateLightTexture(Lorg/spongepowered/asm/mixin/injection/callback/CallbackInfo;)V has 0 override(s) in child classes
[279월2026 22:33:36.005] [Render thread/DEBUG] [mixin/]: epicfight.mixins.json:client.MixinLightTexture from mod epicfight->@Inject::epicfight$head_updateLightTexture(Lorg/spongepowered/asm/mixin/injection/callback/CallbackInfo;)V won't be passed a CallbackInfo as a result
[279월2026 22:33:36.005] [Render thread/DEBUG] [mixin/]: epicfight.mixins.json:client.MixinLightTexture from mod epicfight->@Inject::epicfight$tail_updateLightTexture(Lorg/spongepowered/asm/mixin/injection/callback/CallbackInfo;)V doesn't use it's CallbackInfo
[279월2026 22:33:36.005] [Render thread/DEBUG] [mixin/]: epicfight.mixins.json:client.MixinLightTexture from mod epicfight->@Inject::epicfight$tail_updateLightTexture(Lorg/spongepowered/asm/mixin/injection/callback/CallbackInfo;)V has 0 override(s) in child classes
[279월2026 22:33:36.005] [Render thread/DEBUG] [mixin/]: epicfight.mixins.json:client.MixinLightTexture from mod epicfight->@Inject::epicfight$tail_updateLightTexture(Lorg/spongepowered/asm/mixin/injection/callback/CallbackInfo;)V won't be passed a CallbackInfo as a result
[279월2026 22:33:36.011] [Render thread/DEBUG] [mixin/]: Mixing client.MixinMeshData from epicfight.mixins.json into com.mojang.blaze3d.vertex.MeshData
[279월2026 22:33:36.012] [Render thread/DEBUG] [mixin/]: Renaming synthetic method lambda$indexWriter$1(Lorg/apache/commons/lang3/mutable/MutableLong;I)V to md57a2c9$epicfight$lambda$indexWriter$1$0 in epicfight.mixins.json:client.MixinMeshData from mod epicfight
[279월2026 22:33:36.012] [Render thread/DEBUG] [mixin/]: Renaming synthetic method lambda$indexWriter$0(Lorg/apache/commons/lang3/mutable/MutableLong;I)V to md57a2c9$epicfight$lambda$indexWriter$0$1 in epicfight.mixins.json:client.MixinMeshData from mod epicfight
[279월2026 22:33:36.019] [Render thread/DEBUG] [mixin/]: epicfight.mixins.json:client.MixinMeshData from mod epicfight->@Inject::epicfight$sortQuads(Lcom/mojang/blaze3d/vertex/ByteBufferBuilder;Lcom/mojang/blaze3d/vertex/VertexSorting;Lorg/spongepowered/asm/mixin/injection/callback/CallbackInfoReturnable;)V does use it's CallbackInfoReturnable
[279월2026 22:33:36.026] [Render thread/DEBUG] [mixin/]: Mixing client.MixinGui from epicfight.mixins.json into net.minecraft.client.gui.Gui
[279월2026 22:33:36.026] [Render thread/DEBUG] [mixin/]: Renaming synthetic method lambda$epicfight$renderCrosshair$2(Lorg/apache/commons/lang3/mutable/MutableBoolean;Lyesman/epicfight/client/world/capabilites/entitypatch/player/LocalPlayerPatch;)V to md57a2c9$epicfight$lambda$epicfight$renderCrosshair$2$0 in epicfight.mixins.json:client.MixinGui from mod epicfight
[279월2026 22:33:36.026] [Render thread/DEBUG] [mixin/]: Renaming synthetic method lambda$renderCrosshairREDIRECT$1(Lcom/llamalad7/mixinextras/injector/wrapoperation/Operation;Lnet/minecraft/client/gui/GuiGraphics;Lnet/minecraft/resources/ResourceLocation;IIII)V to md57a2c9$epicfight$lambda$renderCrosshairREDIRECT$1$1 in epicfight.mixins.json:client.MixinGui from mod epicfight
[279월2026 22:33:36.026] [Render thread/DEBUG] [mixin/]: Renaming synthetic method lambda$renderCrosshairINJECT$0(Lnet/minecraft/client/gui/GuiGraphics;)V to md57a2c9$epicfight$lambda$renderCrosshairINJECT$0$2 in epicfight.mixins.json:client.MixinGui from mod epicfight
[279월2026 22:33:36.029] [Render thread/DEBUG] [mixin/]: epicfight.mixins.json:client.MixinGui from mod epicfight->@Inject::renderCrosshairINJECT(Lnet/minecraft/client/gui/GuiGraphics;Lnet/minecraft/client/DeltaTracker;Lorg/spongepowered/asm/mixin/injection/callback/CallbackInfo;)V doesn't use it's CallbackInfo
[279월2026 22:33:36.029] [Render thread/DEBUG] [mixin/]: epicfight.mixins.json:client.MixinGui from mod epicfight->@Inject::renderCrosshairINJECT(Lnet/minecraft/client/gui/GuiGraphics;Lnet/minecraft/client/DeltaTracker;Lorg/spongepowered/asm/mixin/injection/callback/CallbackInfo;)V has 0 override(s) in child classes
[279월2026 22:33:36.029] [Render thread/DEBUG] [mixin/]: epicfight.mixins.json:client.MixinGui from mod epicfight->@Inject::renderCrosshairINJECT(Lnet/minecraft/client/gui/GuiGraphics;Lnet/minecraft/client/DeltaTracker;Lorg/spongepowered/asm/mixin/injection/callback/CallbackInfo;)V won't be passed a CallbackInfo as a result
[279월2026 22:33:36.053] [Render thread/INFO] [net.neoforged.neoforge.gametest.GameTestHooks/]: Enabled Gametest Namespaces: [gourmet2]
[279월2026 22:33:36.093] [Render thread/DEBUG] [mixin/]: Mixing client.MixinAgeableListModel from epicfight.mixins.json into net.minecraft.client.model.AgeableListModel
[279월2026 22:33:36.094] [Render thread/DEBUG] [mixin/]: Mixing client.HumanoidArmorLayerMixin from geckolib.mixins.json into net.minecraft.client.renderer.entity.layers.HumanoidArmorLayer
[279월2026 22:33:36.094] [Render thread/DEBUG] [mixin/]: geckolib.mixins.json:client.HumanoidArmorLayerMixin from mod geckolib: Class version 65 required is higher than the class version supported by the current version of Mixin (JAVA_17 supports class version 61)
[279월2026 22:33:36.129] [Render thread/DEBUG] [mixin/]: Mixing client.MixinThrownTridentRenderer from epicfight.mixins.json into net.minecraft.client.renderer.entity.ThrownTridentRenderer
[279월2026 22:33:36.131] [Render thread/DEBUG] [mixin/]: epicfight.mixins.json:client.MixinThrownTridentRenderer from mod epicfight->@Inject::epicfight$render(Lnet/minecraft/world/entity/projectile/ThrownTrident;FFLcom/mojang/blaze3d/vertex/PoseStack;Lnet/minecraft/client/renderer/MultiBufferSource;ILorg/spongepowered/asm/mixin/injection/callback/CallbackInfo;)V doesn't use it's CallbackInfo
[279월2026 22:33:36.131] [Render thread/DEBUG] [mixin/]: epicfight.mixins.json:client.MixinThrownTridentRenderer from mod epicfight->@Inject::epicfight$render(Lnet/minecraft/world/entity/projectile/ThrownTrident;FFLcom/mojang/blaze3d/vertex/PoseStack;Lnet/minecraft/client/renderer/MultiBufferSource;ILorg/spongepowered/asm/mixin/injection/callback/CallbackInfo;)V has 0 override(s) in child classes
[279월2026 22:33:36.131] [Render thread/DEBUG] [mixin/]: epicfight.mixins.json:client.MixinThrownTridentRenderer from mod epicfight->@Inject::epicfight$render(Lnet/minecraft/world/entity/projectile/ThrownTrident;FFLcom/mojang/blaze3d/vertex/PoseStack;Lnet/minecraft/client/renderer/MultiBufferSource;ILorg/spongepowered/asm/mixin/injection/callback/CallbackInfo;)V won't be passed a CallbackInfo as a result
[279월2026 22:33:36.131] [Render thread/DEBUG] [mixin/]: epicfight.mixins.json:client.MixinThrownTridentRenderer from mod epicfight->@Inject::epicfight$renderPost(Lnet/minecraft/world/entity/projectile/ThrownTrident;FFLcom/mojang/blaze3d/vertex/PoseStack;Lnet/minecraft/client/renderer/MultiBufferSource;ILorg/spongepowered/asm/mixin/injection/callback/CallbackInfo;)V doesn't use it's CallbackInfo
[279월2026 22:33:36.131] [Render thread/DEBUG] [mixin/]: epicfight.mixins.json:client.MixinThrownTridentRenderer from mod epicfight->@Inject::epicfight$renderPost(Lnet/minecraft/world/entity/projectile/ThrownTrident;FFLcom/mojang/blaze3d/vertex/PoseStack;Lnet/minecraft/client/renderer/MultiBufferSource;ILorg/spongepowered/asm/mixin/injection/callback/CallbackInfo;)V has 0 override(s) in child classes
[279월2026 22:33:36.131] [Render thread/DEBUG] [mixin/]: epicfight.mixins.json:client.MixinThrownTridentRenderer from mod epicfight->@Inject::epicfight$renderPost(Lnet/minecraft/world/entity/projectile/ThrownTrident;FFLcom/mojang/blaze3d/vertex/PoseStack;Lnet/minecraft/client/renderer/MultiBufferSource;ILorg/spongepowered/asm/mixin/injection/callback/CallbackInfo;)V won't be passed a CallbackInfo as a result
[279월2026 22:33:36.214] [Render thread/INFO] [net.minecraft.server.packs.resources.ReloadableResourceManager/]: Reloading ResourceManager: vanilla, mod_resources, mod/aaa_particles, mod/geckolib, mod/epicfight, mod/gourmet2, mod/architectury, mod/neoforge, mod/corelib
[279월2026 22:33:36.290] [Render thread/DEBUG] [net.neoforged.fml.DeferredWorkQueue/LOADING]: Dispatching synchronous work for work queue Common setup: 11 jobs
[279월2026 22:33:36.294] [Worker-Main-19/INFO] [net.minecraft.client.gui.font.providers.UnihexProvider/]: Found unifont_all_no_pua-15.1.05.hex, loading
[279월2026 22:33:36.294] [Worker-Main-7/INFO] [net.minecraft.client.gui.font.providers.UnihexProvider/]: Found unifont_jp_patch-15.1.05.hex, loading
[279월2026 22:33:36.336] [Render thread/DEBUG] [net.neoforged.fml.DeferredWorkQueue/LOADING]: Synchronous work queue completed in 45.74 ms
[279월2026 22:33:36.372] [Render thread/INFO] [mod.chloeprime.aaaparticles.AAAParticles/]: Initializing framebuffers of RenderStateCapture
[279월2026 22:33:36.386] [Worker-Main-11/WARN] [net.minecraft.client.renderer.texture.SpriteLoader/]: Texture epicfight:item/wooden_tachi with size 30x30 limits mip level from 4 to 1
[279월2026 22:33:36.446] [Render thread/DEBUG] [net.neoforged.fml.DeferredWorkQueue/LOADING]: Dispatching synchronous work for work queue Sided setup: 8 jobs
[279월2026 22:33:36.447] [Render thread/INFO] [mod.chloeprime.aaaparticles.AAAParticles/]: Initialized framebuffers of RenderStateCapture
[279월2026 22:33:36.454] [Render thread/WARN] [epicfight/]: [Computer Shader Acceleration] OpenGL Version: 4.6.0 NVIDIA 591.86
[279월2026 22:33:36.454] [Render thread/WARN] [epicfight/]: [Computer Shader Acceleration] Compute Shader: Supported
[279월2026 22:33:36.498] [Render thread/DEBUG] [net.neoforged.fml.DeferredWorkQueue/LOADING]: Synchronous work queue completed in 50.67 ms
[279월2026 22:33:38.024] [Render thread/ERROR] [net.minecraft.server.packs.PathPackResources/]: Invalid path gourmet2:effeks/03_Hanmado01/Effect/../Texture/black.png: Invalid segment '..' in path 'effeks/03_Hanmado01/Effect/../Texture/black.png'
[279월2026 22:33:38.024] [Render thread/ERROR] [net.minecraft.server.packs.PathPackResources/]: Invalid path gourmet2:effeks/03_Hanmado01/Effect/hit_hanmado_0409/../Texture/black.png: Invalid segment '..' in path 'effeks/03_Hanmado01/Effect/hit_hanmado_0409/../Texture/black.png'
[279월2026 22:33:38.024] [Render thread/ERROR] [mod.chloeprime.aaaparticles.client.loader.EffekAssetLoader/]: Failed to load gourmet2:03_Hanmado01/Effect/hit_hanmado_0409
java.io.FileNotFoundException: Failed to load gourmet2:effeks/03_Hanmado01/Effect/../Texture/black.png or gourmet2:effeks/03_Hanmado01/Effect/hit_hanmado_0409/../Texture/black.png
	at TRANSFORMER/aaa_particles@1.21-1.4.15/mod.chloeprime.aaaparticles.client.loader.EffekAssetLoader.lambda$load$2(EffekAssetLoader.java:111) ~[aaa-particles-neoforge-1.21-1.4.15.jar%23193!/:?]
	at java.base/java.util.Optional.orElseThrow(Optional.java:403) ~[?:?]
	at TRANSFORMER/aaa_particles@1.21-1.4.15/mod.chloeprime.aaaparticles.client.loader.EffekAssetLoader.load(EffekAssetLoader.java:111) ~[aaa-particles-neoforge-1.21-1.4.15.jar%23193!/:?]
	at TRANSFORMER/aaa_particles@1.21-1.4.15/mod.chloeprime.aaaparticles.client.loader.EffekAssetLoader.loadEffect(EffekAssetLoader.java:64) ~[aaa-particles-neoforge-1.21-1.4.15.jar%23193!/:?]
	at TRANSFORMER/aaa_particles@1.21-1.4.15/mod.chloeprime.aaaparticles.client.loader.EffekAssetLoader.lambda$apply$6(EffekAssetLoader.java:169) ~[aaa-particles-neoforge-1.21-1.4.15.jar%23193!/:?]
	at java.base/java.util.TreeMap.forEach(TreeMap.java:1317) ~[?:?]
	at TRANSFORMER/aaa_particles@1.21-1.4.15/mod.chloeprime.aaaparticles.client.loader.EffekAssetLoader.lambda$apply$7(EffekAssetLoader.java:167) ~[aaa-particles-neoforge-1.21-1.4.15.jar%23193!/:?]
	at TRANSFORMER/aaa_particles@1.21-1.4.15/mod.chloeprime.aaaparticles.client.render.RenderUtil.lambda$runPixelStoreCodeHealthily$0(RenderUtil.java:112) ~[aaa-particles-neoforge-1.21-1.4.15.jar%23193!/:?]
	at TRANSFORMER/aaa_particles@1.21-1.4.15/mod.chloeprime.aaaparticles.client.render.RenderUtil.runPixelStoreCodeSafely(RenderUtil.java:99) ~[aaa-particles-neoforge-1.21-1.4.15.jar%23193!/:?]
	at TRANSFORMER/aaa_particles@1.21-1.4.15/mod.chloeprime.aaaparticles.client.render.RenderUtil.runPixelStoreCodeHealthily(RenderUtil.java:108) ~[aaa-particles-neoforge-1.21-1.4.15.jar%23193!/:?]
	at TRANSFORMER/aaa_particles@1.21-1.4.15/mod.chloeprime.aaaparticles.client.loader.EffekAssetLoader.apply(EffekAssetLoader.java:165) ~[aaa-particles-neoforge-1.21-1.4.15.jar%23193!/:?]
	at TRANSFORMER/aaa_particles@1.21-1.4.15/mod.chloeprime.aaaparticles.client.loader.EffekAssetLoader.apply(EffekAssetLoader.java:33) ~[aaa-particles-neoforge-1.21-1.4.15.jar%23193!/:?]
	at TRANSFORMER/minecraft@1.21.1/net.minecraft.server.packs.resources.SimplePreparableReloadListener.lambda$reload$1(SimplePreparableReloadListener.java:19) ~[neoforge-21.1.250.jar%23189!/:?]
	at java.base/java.util.concurrent.CompletableFuture$UniAccept.tryFire(CompletableFuture.java:718) ~[?:?]
	at java.base/java.util.concurrent.CompletableFuture$Completion.run(CompletableFuture.java:482) ~[?:?]
	at TRANSFORMER/minecraft@1.21.1/net.minecraft.server.packs.resources.SimpleReloadInstance.lambda$new$3(SimpleReloadInstance.java:86) ~[neoforge-21.1.250.jar%23189!/:?]
	at TRANSFORMER/minecraft@1.21.1/net.minecraft.util.thread.BlockableEventLoop.doRunTask(BlockableEventLoop.java:151) ~[neoforge-21.1.250.jar%23189!/:?]
	at TRANSFORMER/minecraft@1.21.1/net.minecraft.util.thread.ReentrantBlockableEventLoop.doRunTask(ReentrantBlockableEventLoop.java:24) ~[neoforge-21.1.250.jar%23189!/:?]
	at TRANSFORMER/minecraft@1.21.1/net.minecraft.util.thread.BlockableEventLoop.pollTask(BlockableEventLoop.java:122) ~[neoforge-21.1.250.jar%23189!/:?]
	at TRANSFORMER/minecraft@1.21.1/net.minecraft.util.thread.BlockableEventLoop.runAllTasks(BlockableEventLoop.java:111) ~[neoforge-21.1.250.jar%23189!/:?]
	at TRANSFORMER/minecraft@1.21.1/net.minecraft.client.Minecraft.runTick(Minecraft.java:1161) ~[neoforge-21.1.250.jar%23189!/:?]
	at TRANSFORMER/minecraft@1.21.1/net.minecraft.client.Minecraft.run(Minecraft.java:813) ~[neoforge-21.1.250.jar%23189!/:?]
	at TRANSFORMER/minecraft@1.21.1/net.minecraft.client.main.Main.main(Main.java:230) ~[neoforge-21.1.250.jar%23189!/:?]
	at java.base/jdk.internal.reflect.DirectMethodHandleAccessor.invoke(DirectMethodHandleAccessor.java:103) ~[?:?]
	at java.base/java.lang.reflect.Method.invoke(Method.java:580) ~[?:?]
	at MC-BOOTSTRAP/fml_loader@4.0.44/net.neoforged.fml.loading.targets.CommonLaunchHandler.runTarget(CommonLaunchHandler.java:136) ~[loader-4.0.44.jar%23146!/:4.0]
	at MC-BOOTSTRAP/fml_loader@4.0.44/net.neoforged.fml.loading.targets.CommonLaunchHandler.clientService(CommonLaunchHandler.java:124) ~[loader-4.0.44.jar%23146!/:4.0]
	at MC-BOOTSTRAP/fml_loader@4.0.44/net.neoforged.fml.loading.targets.NeoForgeClientDevLaunchHandler.runService(NeoForgeClientDevLaunchHandler.java:23) ~[loader-4.0.44.jar%23146!/:4.0]
	at MC-BOOTSTRAP/fml_loader@4.0.44/net.neoforged.fml.loading.targets.CommonLaunchHandler.lambda$launchService$4(CommonLaunchHandler.java:118) ~[loader-4.0.44.jar%23146!/:4.0]
	at MC-BOOTSTRAP/cpw.mods.modlauncher@11.0.5/cpw.mods.modlauncher.LaunchServiceHandlerDecorator.launch(LaunchServiceHandlerDecorator.java:30) [modlauncher-11.0.5.jar%23128!/:?]
	at MC-BOOTSTRAP/cpw.mods.modlauncher@11.0.5/cpw.mods.modlauncher.LaunchServiceHandler.launch(LaunchServiceHandler.java:53) [modlauncher-11.0.5.jar%23128!/:?]
	at MC-BOOTSTRAP/cpw.mods.modlauncher@11.0.5/cpw.mods.modlauncher.LaunchServiceHandler.launch(LaunchServiceHandler.java:71) [modlauncher-11.0.5.jar%23128!/:?]
	at MC-BOOTSTRAP/cpw.mods.modlauncher@11.0.5/cpw.mods.modlauncher.Launcher.run(Launcher.java:103) [modlauncher-11.0.5.jar%23128!/:?]
	at MC-BOOTSTRAP/cpw.mods.modlauncher@11.0.5/cpw.mods.modlauncher.Launcher.main(Launcher.java:74) [modlauncher-11.0.5.jar%23128!/:?]
	at MC-BOOTSTRAP/cpw.mods.modlauncher@11.0.5/cpw.mods.modlauncher.BootstrapLaunchConsumer.accept(BootstrapLaunchConsumer.java:26) [modlauncher-11.0.5.jar%23128!/:?]
	at MC-BOOTSTRAP/cpw.mods.modlauncher@11.0.5/cpw.mods.modlauncher.BootstrapLaunchConsumer.accept(BootstrapLaunchConsumer.java:23) [modlauncher-11.0.5.jar%23128!/:?]
	at cpw.mods.bootstraplauncher@2.0.2/cpw.mods.bootstraplauncher.BootstrapLauncher.run(BootstrapLauncher.java:210) [bootstraplauncher-2.0.2.jar:?]
	at cpw.mods.bootstraplauncher@2.0.2/cpw.mods.bootstraplauncher.BootstrapLauncher.main(BootstrapLauncher.java:69) [bootstraplauncher-2.0.2.jar:?]
	at java.base/jdk.internal.reflect.DirectMethodHandleAccessor.invoke(DirectMethodHandleAccessor.java:103) ~[?:?]
	at java.base/java.lang.reflect.Method.invoke(Method.java:580) ~[?:?]
	at net.neoforged.devlaunch.Main.main(Main.java:57) [DevLaunch-1.0.2.jar:?]
[279월2026 22:33:38.047] [Render thread/ERROR] [net.minecraft.server.packs.PathPackResources/]: Invalid path gourmet2:effeks/toriko/03_Hanmado01/Effect/../Texture/black.png: Invalid segment '..' in path 'effeks/toriko/03_Hanmado01/Effect/../Texture/black.png'
[279월2026 22:33:38.047] [Render thread/ERROR] [net.minecraft.server.packs.PathPackResources/]: Invalid path gourmet2:effeks/toriko/03_Hanmado01/Effect/hit_hanmado_0409/../Texture/black.png: Invalid segment '..' in path 'effeks/toriko/03_Hanmado01/Effect/hit_hanmado_0409/../Texture/black.png'
[279월2026 22:33:38.047] [Render thread/ERROR] [mod.chloeprime.aaaparticles.client.loader.EffekAssetLoader/]: Failed to load gourmet2:toriko/03_Hanmado01/Effect/hit_hanmado_0409
java.io.FileNotFoundException: Failed to load gourmet2:effeks/toriko/03_Hanmado01/Effect/../Texture/black.png or gourmet2:effeks/toriko/03_Hanmado01/Effect/hit_hanmado_0409/../Texture/black.png
	at TRANSFORMER/aaa_particles@1.21-1.4.15/mod.chloeprime.aaaparticles.client.loader.EffekAssetLoader.lambda$load$2(EffekAssetLoader.java:111) ~[aaa-particles-neoforge-1.21-1.4.15.jar%23193!/:?]
	at java.base/java.util.Optional.orElseThrow(Optional.java:403) ~[?:?]
	at TRANSFORMER/aaa_particles@1.21-1.4.15/mod.chloeprime.aaaparticles.client.loader.EffekAssetLoader.load(EffekAssetLoader.java:111) ~[aaa-particles-neoforge-1.21-1.4.15.jar%23193!/:?]
	at TRANSFORMER/aaa_particles@1.21-1.4.15/mod.chloeprime.aaaparticles.client.loader.EffekAssetLoader.loadEffect(EffekAssetLoader.java:64) ~[aaa-particles-neoforge-1.21-1.4.15.jar%23193!/:?]
	at TRANSFORMER/aaa_particles@1.21-1.4.15/mod.chloeprime.aaaparticles.client.loader.EffekAssetLoader.lambda$apply$6(EffekAssetLoader.java:169) ~[aaa-particles-neoforge-1.21-1.4.15.jar%23193!/:?]
	at java.base/java.util.TreeMap.forEach(TreeMap.java:1317) ~[?:?]
	at TRANSFORMER/aaa_particles@1.21-1.4.15/mod.chloeprime.aaaparticles.client.loader.EffekAssetLoader.lambda$apply$7(EffekAssetLoader.java:167) ~[aaa-particles-neoforge-1.21-1.4.15.jar%23193!/:?]
	at TRANSFORMER/aaa_particles@1.21-1.4.15/mod.chloeprime.aaaparticles.client.render.RenderUtil.lambda$runPixelStoreCodeHealthily$0(RenderUtil.java:112) ~[aaa-particles-neoforge-1.21-1.4.15.jar%23193!/:?]
	at TRANSFORMER/aaa_particles@1.21-1.4.15/mod.chloeprime.aaaparticles.client.render.RenderUtil.runPixelStoreCodeSafely(RenderUtil.java:99) ~[aaa-particles-neoforge-1.21-1.4.15.jar%23193!/:?]
	at TRANSFORMER/aaa_particles@1.21-1.4.15/mod.chloeprime.aaaparticles.client.render.RenderUtil.runPixelStoreCodeHealthily(RenderUtil.java:108) ~[aaa-particles-neoforge-1.21-1.4.15.jar%23193!/:?]
	at TRANSFORMER/aaa_particles@1.21-1.4.15/mod.chloeprime.aaaparticles.client.loader.EffekAssetLoader.apply(EffekAssetLoader.java:165) ~[aaa-particles-neoforge-1.21-1.4.15.jar%23193!/:?]
	at TRANSFORMER/aaa_particles@1.21-1.4.15/mod.chloeprime.aaaparticles.client.loader.EffekAssetLoader.apply(EffekAssetLoader.java:33) ~[aaa-particles-neoforge-1.21-1.4.15.jar%23193!/:?]
	at TRANSFORMER/minecraft@1.21.1/net.minecraft.server.packs.resources.SimplePreparableReloadListener.lambda$reload$1(SimplePreparableReloadListener.java:19) ~[neoforge-21.1.250.jar%23189!/:?]
	at java.base/java.util.concurrent.CompletableFuture$UniAccept.tryFire(CompletableFuture.java:718) ~[?:?]
	at java.base/java.util.concurrent.CompletableFuture$Completion.run(CompletableFuture.java:482) ~[?:?]
	at TRANSFORMER/minecraft@1.21.1/net.minecraft.server.packs.resources.SimpleReloadInstance.lambda$new$3(SimpleReloadInstance.java:86) ~[neoforge-21.1.250.jar%23189!/:?]
	at TRANSFORMER/minecraft@1.21.1/net.minecraft.util.thread.BlockableEventLoop.doRunTask(BlockableEventLoop.java:151) ~[neoforge-21.1.250.jar%23189!/:?]
	at TRANSFORMER/minecraft@1.21.1/net.minecraft.util.thread.ReentrantBlockableEventLoop.doRunTask(ReentrantBlockableEventLoop.java:24) ~[neoforge-21.1.250.jar%23189!/:?]
	at TRANSFORMER/minecraft@1.21.1/net.minecraft.util.thread.BlockableEventLoop.pollTask(BlockableEventLoop.java:122) ~[neoforge-21.1.250.jar%23189!/:?]
	at TRANSFORMER/minecraft@1.21.1/net.minecraft.util.thread.BlockableEventLoop.runAllTasks(BlockableEventLoop.java:111) ~[neoforge-21.1.250.jar%23189!/:?]
	at TRANSFORMER/minecraft@1.21.1/net.minecraft.client.Minecraft.runTick(Minecraft.java:1161) ~[neoforge-21.1.250.jar%23189!/:?]
	at TRANSFORMER/minecraft@1.21.1/net.minecraft.client.Minecraft.run(Minecraft.java:813) ~[neoforge-21.1.250.jar%23189!/:?]
	at TRANSFORMER/minecraft@1.21.1/net.minecraft.client.main.Main.main(Main.java:230) ~[neoforge-21.1.250.jar%23189!/:?]
	at java.base/jdk.internal.reflect.DirectMethodHandleAccessor.invoke(DirectMethodHandleAccessor.java:103) ~[?:?]
	at java.base/java.lang.reflect.Method.invoke(Method.java:580) ~[?:?]
	at MC-BOOTSTRAP/fml_loader@4.0.44/net.neoforged.fml.loading.targets.CommonLaunchHandler.runTarget(CommonLaunchHandler.java:136) ~[loader-4.0.44.jar%23146!/:4.0]
	at MC-BOOTSTRAP/fml_loader@4.0.44/net.neoforged.fml.loading.targets.CommonLaunchHandler.clientService(CommonLaunchHandler.java:124) ~[loader-4.0.44.jar%23146!/:4.0]
	at MC-BOOTSTRAP/fml_loader@4.0.44/net.neoforged.fml.loading.targets.NeoForgeClientDevLaunchHandler.runService(NeoForgeClientDevLaunchHandler.java:23) ~[loader-4.0.44.jar%23146!/:4.0]
	at MC-BOOTSTRAP/fml_loader@4.0.44/net.neoforged.fml.loading.targets.CommonLaunchHandler.lambda$launchService$4(CommonLaunchHandler.java:118) ~[loader-4.0.44.jar%23146!/:4.0]
	at MC-BOOTSTRAP/cpw.mods.modlauncher@11.0.5/cpw.mods.modlauncher.LaunchServiceHandlerDecorator.launch(LaunchServiceHandlerDecorator.java:30) [modlauncher-11.0.5.jar%23128!/:?]
	at MC-BOOTSTRAP/cpw.mods.modlauncher@11.0.5/cpw.mods.modlauncher.LaunchServiceHandler.launch(LaunchServiceHandler.java:53) [modlauncher-11.0.5.jar%23128!/:?]
	at MC-BOOTSTRAP/cpw.mods.modlauncher@11.0.5/cpw.mods.modlauncher.LaunchServiceHandler.launch(LaunchServiceHandler.java:71) [modlauncher-11.0.5.jar%23128!/:?]
	at MC-BOOTSTRAP/cpw.mods.modlauncher@11.0.5/cpw.mods.modlauncher.Launcher.run(Launcher.java:103) [modlauncher-11.0.5.jar%23128!/:?]
	at MC-BOOTSTRAP/cpw.mods.modlauncher@11.0.5/cpw.mods.modlauncher.Launcher.main(Launcher.java:74) [modlauncher-11.0.5.jar%23128!/:?]
	at MC-BOOTSTRAP/cpw.mods.modlauncher@11.0.5/cpw.mods.modlauncher.BootstrapLaunchConsumer.accept(BootstrapLaunchConsumer.java:26) [modlauncher-11.0.5.jar%23128!/:?]
	at MC-BOOTSTRAP/cpw.mods.modlauncher@11.0.5/cpw.mods.modlauncher.BootstrapLaunchConsumer.accept(BootstrapLaunchConsumer.java:23) [modlauncher-11.0.5.jar%23128!/:?]
	at cpw.mods.bootstraplauncher@2.0.2/cpw.mods.bootstraplauncher.BootstrapLauncher.run(BootstrapLauncher.java:210) [bootstraplauncher-2.0.2.jar:?]
	at cpw.mods.bootstraplauncher@2.0.2/cpw.mods.bootstraplauncher.BootstrapLauncher.main(BootstrapLauncher.java:69) [bootstraplauncher-2.0.2.jar:?]
	at java.base/jdk.internal.reflect.DirectMethodHandleAccessor.invoke(DirectMethodHandleAccessor.java:103) ~[?:?]
	at java.base/java.lang.reflect.Method.invoke(Method.java:580) ~[?:?]
	at net.neoforged.devlaunch.Main.main(Main.java:57) [DevLaunch-1.0.2.jar:?]
[279월2026 22:33:38.048] [Render thread/ERROR] [mod.chloeprime.aaaparticles.client.loader.EffekAssetLoader/]: Failed to load gourmet2:toriko/Texture/fork_impact
java.io.FileNotFoundException: Failed to load gourmet2:effeks/toriko/Texture/01_NextSoft01/Line01.png or gourmet2:effeks/toriko/Texture/fork_impact/01_NextSoft01/Line01.png
	at TRANSFORMER/aaa_particles@1.21-1.4.15/mod.chloeprime.aaaparticles.client.loader.EffekAssetLoader.lambda$load$2(EffekAssetLoader.java:111) ~[aaa-particles-neoforge-1.21-1.4.15.jar%23193!/:?]
	at java.base/java.util.Optional.orElseThrow(Optional.java:403) ~[?:?]
	at TRANSFORMER/aaa_particles@1.21-1.4.15/mod.chloeprime.aaaparticles.client.loader.EffekAssetLoader.load(EffekAssetLoader.java:111) ~[aaa-particles-neoforge-1.21-1.4.15.jar%23193!/:?]
	at TRANSFORMER/aaa_particles@1.21-1.4.15/mod.chloeprime.aaaparticles.client.loader.EffekAssetLoader.loadEffect(EffekAssetLoader.java:64) ~[aaa-particles-neoforge-1.21-1.4.15.jar%23193!/:?]
	at TRANSFORMER/aaa_particles@1.21-1.4.15/mod.chloeprime.aaaparticles.client.loader.EffekAssetLoader.lambda$apply$6(EffekAssetLoader.java:169) ~[aaa-particles-neoforge-1.21-1.4.15.jar%23193!/:?]
	at java.base/java.util.TreeMap.forEach(TreeMap.java:1317) ~[?:?]
	at TRANSFORMER/aaa_particles@1.21-1.4.15/mod.chloeprime.aaaparticles.client.loader.EffekAssetLoader.lambda$apply$7(EffekAssetLoader.java:167) ~[aaa-particles-neoforge-1.21-1.4.15.jar%23193!/:?]
	at TRANSFORMER/aaa_particles@1.21-1.4.15/mod.chloeprime.aaaparticles.client.render.RenderUtil.lambda$runPixelStoreCodeHealthily$0(RenderUtil.java:112) ~[aaa-particles-neoforge-1.21-1.4.15.jar%23193!/:?]
	at TRANSFORMER/aaa_particles@1.21-1.4.15/mod.chloeprime.aaaparticles.client.render.RenderUtil.runPixelStoreCodeSafely(RenderUtil.java:99) ~[aaa-particles-neoforge-1.21-1.4.15.jar%23193!/:?]
	at TRANSFORMER/aaa_particles@1.21-1.4.15/mod.chloeprime.aaaparticles.client.render.RenderUtil.runPixelStoreCodeHealthily(RenderUtil.java:108) ~[aaa-particles-neoforge-1.21-1.4.15.jar%23193!/:?]
	at TRANSFORMER/aaa_particles@1.21-1.4.15/mod.chloeprime.aaaparticles.client.loader.EffekAssetLoader.apply(EffekAssetLoader.java:165) ~[aaa-particles-neoforge-1.21-1.4.15.jar%23193!/:?]
	at TRANSFORMER/aaa_particles@1.21-1.4.15/mod.chloeprime.aaaparticles.client.loader.EffekAssetLoader.apply(EffekAssetLoader.java:33) ~[aaa-particles-neoforge-1.21-1.4.15.jar%23193!/:?]
	at TRANSFORMER/minecraft@1.21.1/net.minecraft.server.packs.resources.SimplePreparableReloadListener.lambda$reload$1(SimplePreparableReloadListener.java:19) ~[neoforge-21.1.250.jar%23189!/:?]
	at java.base/java.util.concurrent.CompletableFuture$UniAccept.tryFire(CompletableFuture.java:718) ~[?:?]
	at java.base/java.util.concurrent.CompletableFuture$Completion.run(CompletableFuture.java:482) ~[?:?]
	at TRANSFORMER/minecraft@1.21.1/net.minecraft.server.packs.resources.SimpleReloadInstance.lambda$new$3(SimpleReloadInstance.java:86) ~[neoforge-21.1.250.jar%23189!/:?]
	at TRANSFORMER/minecraft@1.21.1/net.minecraft.util.thread.BlockableEventLoop.doRunTask(BlockableEventLoop.java:151) ~[neoforge-21.1.250.jar%23189!/:?]
	at TRANSFORMER/minecraft@1.21.1/net.minecraft.util.thread.ReentrantBlockableEventLoop.doRunTask(ReentrantBlockableEventLoop.java:24) ~[neoforge-21.1.250.jar%23189!/:?]
	at TRANSFORMER/minecraft@1.21.1/net.minecraft.util.thread.BlockableEventLoop.pollTask(BlockableEventLoop.java:122) ~[neoforge-21.1.250.jar%23189!/:?]
	at TRANSFORMER/minecraft@1.21.1/net.minecraft.util.thread.BlockableEventLoop.runAllTasks(BlockableEventLoop.java:111) ~[neoforge-21.1.250.jar%23189!/:?]
	at TRANSFORMER/minecraft@1.21.1/net.minecraft.client.Minecraft.runTick(Minecraft.java:1161) ~[neoforge-21.1.250.jar%23189!/:?]
	at TRANSFORMER/minecraft@1.21.1/net.minecraft.client.Minecraft.run(Minecraft.java:813) ~[neoforge-21.1.250.jar%23189!/:?]
	at TRANSFORMER/minecraft@1.21.1/net.minecraft.client.main.Main.main(Main.java:230) ~[neoforge-21.1.250.jar%23189!/:?]
	at java.base/jdk.internal.reflect.DirectMethodHandleAccessor.invoke(DirectMethodHandleAccessor.java:103) ~[?:?]
	at java.base/java.lang.reflect.Method.invoke(Method.java:580) ~[?:?]
	at MC-BOOTSTRAP/fml_loader@4.0.44/net.neoforged.fml.loading.targets.CommonLaunchHandler.runTarget(CommonLaunchHandler.java:136) ~[loader-4.0.44.jar%23146!/:4.0]
	at MC-BOOTSTRAP/fml_loader@4.0.44/net.neoforged.fml.loading.targets.CommonLaunchHandler.clientService(CommonLaunchHandler.java:124) ~[loader-4.0.44.jar%23146!/:4.0]
	at MC-BOOTSTRAP/fml_loader@4.0.44/net.neoforged.fml.loading.targets.NeoForgeClientDevLaunchHandler.runService(NeoForgeClientDevLaunchHandler.java:23) ~[loader-4.0.44.jar%23146!/:4.0]
	at MC-BOOTSTRAP/fml_loader@4.0.44/net.neoforged.fml.loading.targets.CommonLaunchHandler.lambda$launchService$4(CommonLaunchHandler.java:118) ~[loader-4.0.44.jar%23146!/:4.0]
	at MC-BOOTSTRAP/cpw.mods.modlauncher@11.0.5/cpw.mods.modlauncher.LaunchServiceHandlerDecorator.launch(LaunchServiceHandlerDecorator.java:30) [modlauncher-11.0.5.jar%23128!/:?]
	at MC-BOOTSTRAP/cpw.mods.modlauncher@11.0.5/cpw.mods.modlauncher.LaunchServiceHandler.launch(LaunchServiceHandler.java:53) [modlauncher-11.0.5.jar%23128!/:?]
	at MC-BOOTSTRAP/cpw.mods.modlauncher@11.0.5/cpw.mods.modlauncher.LaunchServiceHandler.launch(LaunchServiceHandler.java:71) [modlauncher-11.0.5.jar%23128!/:?]
	at MC-BOOTSTRAP/cpw.mods.modlauncher@11.0.5/cpw.mods.modlauncher.Launcher.run(Launcher.java:103) [modlauncher-11.0.5.jar%23128!/:?]
	at MC-BOOTSTRAP/cpw.mods.modlauncher@11.0.5/cpw.mods.modlauncher.Launcher.main(Launcher.java:74) [modlauncher-11.0.5.jar%23128!/:?]
	at MC-BOOTSTRAP/cpw.mods.modlauncher@11.0.5/cpw.mods.modlauncher.BootstrapLaunchConsumer.accept(BootstrapLaunchConsumer.java:26) [modlauncher-11.0.5.jar%23128!/:?]
	at MC-BOOTSTRAP/cpw.mods.modlauncher@11.0.5/cpw.mods.modlauncher.BootstrapLaunchConsumer.accept(BootstrapLaunchConsumer.java:23) [modlauncher-11.0.5.jar%23128!/:?]
	at cpw.mods.bootstraplauncher@2.0.2/cpw.mods.bootstraplauncher.BootstrapLauncher.run(BootstrapLauncher.java:210) [bootstraplauncher-2.0.2.jar:?]
	at cpw.mods.bootstraplauncher@2.0.2/cpw.mods.bootstraplauncher.BootstrapLauncher.main(BootstrapLauncher.java:69) [bootstraplauncher-2.0.2.jar:?]
	at java.base/jdk.internal.reflect.DirectMethodHandleAccessor.invoke(DirectMethodHandleAccessor.java:103) ~[?:?]
	at java.base/java.lang.reflect.Method.invoke(Method.java:580) ~[?:?]
	at net.neoforged.devlaunch.Main.main(Main.java:57) [DevLaunch-1.0.2.jar:?]
[279월2026 22:33:38.217] [Render thread/ERROR] [net.minecraft.server.packs.PathPackResources/]: Invalid path gourmet2:effeks/toriko/../Texture/black.png: Invalid segment '..' in path 'effeks/toriko/../Texture/black.png'
[279월2026 22:33:38.217] [Render thread/ERROR] [net.minecraft.server.packs.PathPackResources/]: Invalid path gourmet2:effeks/toriko/hit_hanmado_0409/../Texture/black.png: Invalid segment '..' in path 'effeks/toriko/hit_hanmado_0409/../Texture/black.png'
[279월2026 22:33:38.217] [Render thread/ERROR] [mod.chloeprime.aaaparticles.client.loader.EffekAssetLoader/]: Failed to load gourmet2:toriko/hit_hanmado_0409
java.io.FileNotFoundException: Failed to load gourmet2:effeks/toriko/../Texture/black.png or gourmet2:effeks/toriko/hit_hanmado_0409/../Texture/black.png
	at TRANSFORMER/aaa_particles@1.21-1.4.15/mod.chloeprime.aaaparticles.client.loader.EffekAssetLoader.lambda$load$2(EffekAssetLoader.java:111) ~[aaa-particles-neoforge-1.21-1.4.15.jar%23193!/:?]
	at java.base/java.util.Optional.orElseThrow(Optional.java:403) ~[?:?]
	at TRANSFORMER/aaa_particles@1.21-1.4.15/mod.chloeprime.aaaparticles.client.loader.EffekAssetLoader.load(EffekAssetLoader.java:111) ~[aaa-particles-neoforge-1.21-1.4.15.jar%23193!/:?]
	at TRANSFORMER/aaa_particles@1.21-1.4.15/mod.chloeprime.aaaparticles.client.loader.EffekAssetLoader.loadEffect(EffekAssetLoader.java:64) ~[aaa-particles-neoforge-1.21-1.4.15.jar%23193!/:?]
	at TRANSFORMER/aaa_particles@1.21-1.4.15/mod.chloeprime.aaaparticles.client.loader.EffekAssetLoader.lambda$apply$6(EffekAssetLoader.java:169) ~[aaa-particles-neoforge-1.21-1.4.15.jar%23193!/:?]
	at java.base/java.util.TreeMap.forEach(TreeMap.java:1317) ~[?:?]
	at TRANSFORMER/aaa_particles@1.21-1.4.15/mod.chloeprime.aaaparticles.client.loader.EffekAssetLoader.lambda$apply$7(EffekAssetLoader.java:167) ~[aaa-particles-neoforge-1.21-1.4.15.jar%23193!/:?]
	at TRANSFORMER/aaa_particles@1.21-1.4.15/mod.chloeprime.aaaparticles.client.render.RenderUtil.lambda$runPixelStoreCodeHealthily$0(RenderUtil.java:112) ~[aaa-particles-neoforge-1.21-1.4.15.jar%23193!/:?]
	at TRANSFORMER/aaa_particles@1.21-1.4.15/mod.chloeprime.aaaparticles.client.render.RenderUtil.runPixelStoreCodeSafely(RenderUtil.java:99) ~[aaa-particles-neoforge-1.21-1.4.15.jar%23193!/:?]
	at TRANSFORMER/aaa_particles@1.21-1.4.15/mod.chloeprime.aaaparticles.client.render.RenderUtil.runPixelStoreCodeHealthily(RenderUtil.java:108) ~[aaa-particles-neoforge-1.21-1.4.15.jar%23193!/:?]
	at TRANSFORMER/aaa_particles@1.21-1.4.15/mod.chloeprime.aaaparticles.client.loader.EffekAssetLoader.apply(EffekAssetLoader.java:165) ~[aaa-particles-neoforge-1.21-1.4.15.jar%23193!/:?]
	at TRANSFORMER/aaa_particles@1.21-1.4.15/mod.chloeprime.aaaparticles.client.loader.EffekAssetLoader.apply(EffekAssetLoader.java:33) ~[aaa-particles-neoforge-1.21-1.4.15.jar%23193!/:?]
	at TRANSFORMER/minecraft@1.21.1/net.minecraft.server.packs.resources.SimplePreparableReloadListener.lambda$reload$1(SimplePreparableReloadListener.java:19) ~[neoforge-21.1.250.jar%23189!/:?]
	at java.base/java.util.concurrent.CompletableFuture$UniAccept.tryFire(CompletableFuture.java:718) ~[?:?]
	at java.base/java.util.concurrent.CompletableFuture$Completion.run(CompletableFuture.java:482) ~[?:?]
	at TRANSFORMER/minecraft@1.21.1/net.minecraft.server.packs.resources.SimpleReloadInstance.lambda$new$3(SimpleReloadInstance.java:86) ~[neoforge-21.1.250.jar%23189!/:?]
	at TRANSFORMER/minecraft@1.21.1/net.minecraft.util.thread.BlockableEventLoop.doRunTask(BlockableEventLoop.java:151) ~[neoforge-21.1.250.jar%23189!/:?]
	at TRANSFORMER/minecraft@1.21.1/net.minecraft.util.thread.ReentrantBlockableEventLoop.doRunTask(ReentrantBlockableEventLoop.java:24) ~[neoforge-21.1.250.jar%23189!/:?]
	at TRANSFORMER/minecraft@1.21.1/net.minecraft.util.thread.BlockableEventLoop.pollTask(BlockableEventLoop.java:122) ~[neoforge-21.1.250.jar%23189!/:?]
	at TRANSFORMER/minecraft@1.21.1/net.minecraft.util.thread.BlockableEventLoop.runAllTasks(BlockableEventLoop.java:111) ~[neoforge-21.1.250.jar%23189!/:?]
	at TRANSFORMER/minecraft@1.21.1/net.minecraft.client.Minecraft.runTick(Minecraft.java:1161) ~[neoforge-21.1.250.jar%23189!/:?]
	at TRANSFORMER/minecraft@1.21.1/net.minecraft.client.Minecraft.run(Minecraft.java:813) ~[neoforge-21.1.250.jar%23189!/:?]
	at TRANSFORMER/minecraft@1.21.1/net.minecraft.client.main.Main.main(Main.java:230) ~[neoforge-21.1.250.jar%23189!/:?]
	at java.base/jdk.internal.reflect.DirectMethodHandleAccessor.invoke(DirectMethodHandleAccessor.java:103) ~[?:?]
	at java.base/java.lang.reflect.Method.invoke(Method.java:580) ~[?:?]
	at MC-BOOTSTRAP/fml_loader@4.0.44/net.neoforged.fml.loading.targets.CommonLaunchHandler.runTarget(CommonLaunchHandler.java:136) ~[loader-4.0.44.jar%23146!/:4.0]
	at MC-BOOTSTRAP/fml_loader@4.0.44/net.neoforged.fml.loading.targets.CommonLaunchHandler.clientService(CommonLaunchHandler.java:124) ~[loader-4.0.44.jar%23146!/:4.0]
	at MC-BOOTSTRAP/fml_loader@4.0.44/net.neoforged.fml.loading.targets.NeoForgeClientDevLaunchHandler.runService(NeoForgeClientDevLaunchHandler.java:23) ~[loader-4.0.44.jar%23146!/:4.0]
	at MC-BOOTSTRAP/fml_loader@4.0.44/net.neoforged.fml.loading.targets.CommonLaunchHandler.lambda$launchService$4(CommonLaunchHandler.java:118) ~[loader-4.0.44.jar%23146!/:4.0]
	at MC-BOOTSTRAP/cpw.mods.modlauncher@11.0.5/cpw.mods.modlauncher.LaunchServiceHandlerDecorator.launch(LaunchServiceHandlerDecorator.java:30) [modlauncher-11.0.5.jar%23128!/:?]
	at MC-BOOTSTRAP/cpw.mods.modlauncher@11.0.5/cpw.mods.modlauncher.LaunchServiceHandler.launch(LaunchServiceHandler.java:53) [modlauncher-11.0.5.jar%23128!/:?]
	at MC-BOOTSTRAP/cpw.mods.modlauncher@11.0.5/cpw.mods.modlauncher.LaunchServiceHandler.launch(LaunchServiceHandler.java:71) [modlauncher-11.0.5.jar%23128!/:?]
	at MC-BOOTSTRAP/cpw.mods.modlauncher@11.0.5/cpw.mods.modlauncher.Launcher.run(Launcher.java:103) [modlauncher-11.0.5.jar%23128!/:?]
	at MC-BOOTSTRAP/cpw.mods.modlauncher@11.0.5/cpw.mods.modlauncher.Launcher.main(Launcher.java:74) [modlauncher-11.0.5.jar%23128!/:?]
	at MC-BOOTSTRAP/cpw.mods.modlauncher@11.0.5/cpw.mods.modlauncher.BootstrapLaunchConsumer.accept(BootstrapLaunchConsumer.java:26) [modlauncher-11.0.5.jar%23128!/:?]
	at MC-BOOTSTRAP/cpw.mods.modlauncher@11.0.5/cpw.mods.modlauncher.BootstrapLaunchConsumer.accept(BootstrapLaunchConsumer.java:23) [modlauncher-11.0.5.jar%23128!/:?]
	at cpw.mods.bootstraplauncher@2.0.2/cpw.mods.bootstraplauncher.BootstrapLauncher.run(BootstrapLauncher.java:210) [bootstraplauncher-2.0.2.jar:?]
	at cpw.mods.bootstraplauncher@2.0.2/cpw.mods.bootstraplauncher.BootstrapLauncher.main(BootstrapLauncher.java:69) [bootstraplauncher-2.0.2.jar:?]
	at java.base/jdk.internal.reflect.DirectMethodHandleAccessor.invoke(DirectMethodHandleAccessor.java:103) ~[?:?]
	at java.base/java.lang.reflect.Method.invoke(Method.java:580) ~[?:?]
	at net.neoforged.devlaunch.Main.main(Main.java:57) [DevLaunch-1.0.2.jar:?]
[279월2026 22:33:38.566] [Render thread/ERROR] [net.minecraft.client.sounds.SoundManager/]: Missing subtitle translation{key='sfx.slam_light', args=[]} for sound event: epicfight:sfx.slam_light
[279월2026 22:33:38.566] [Render thread/ERROR] [net.minecraft.client.sounds.SoundManager/]: Missing subtitle translation{key='skill.adrenaline', args=[]} for sound event: epicfight:skill.adrenaline
[279월2026 22:33:38.566] [Render thread/ERROR] [net.minecraft.client.sounds.SoundManager/]: Missing subtitle translation{key='skill.endurance', args=[]} for sound event: epicfight:skill.endurance
[279월2026 22:33:38.566] [Render thread/ERROR] [net.minecraft.client.sounds.SoundManager/]: Missing subtitle translation{key='skill.adaptive_skin_increase', args=[]} for sound event: epicfight:skill.adaptive_skin_increase
[279월2026 22:33:38.566] [Render thread/ERROR] [net.minecraft.client.sounds.SoundManager/]: Missing subtitle translation{key='skill.stamina_pillager_death', args=[]} for sound event: epicfight:skill.stamina_pillager_death
[279월2026 22:33:38.566] [Render thread/ERROR] [net.minecraft.client.sounds.SoundManager/]: Missing subtitle translation{key='ui.hover', args=[]} for sound event: epicfight:ui.hover
[279월2026 22:33:38.566] [Render thread/ERROR] [net.minecraft.client.sounds.SoundManager/]: Missing subtitle translation{key='skill.swordmaster', args=[]} for sound event: epicfight:skill.swordmaster
[279월2026 22:33:38.566] [Render thread/ERROR] [net.minecraft.client.sounds.SoundManager/]: Missing subtitle translation{key='skill.vengeance', args=[]} for sound event: epicfight:skill.vengeance
[279월2026 22:33:38.566] [Render thread/ERROR] [net.minecraft.client.sounds.SoundManager/]: Missing subtitle translation{key='skill.emergency_escape', args=[]} for sound event: epicfight:skill.emergency_escape
[279월2026 22:33:38.566] [Render thread/ERROR] [net.minecraft.client.sounds.SoundManager/]: Missing subtitle translation{key='skill.technician', args=[]} for sound event: epicfight:skill.technician
[279월2026 22:33:38.566] [Render thread/ERROR] [net.minecraft.client.sounds.SoundManager/]: Missing subtitle translation{key='skill.catharsis', args=[]} for sound event: epicfight:skill.catharsis
[279월2026 22:33:38.566] [Render thread/ERROR] [net.minecraft.client.sounds.SoundManager/]: Missing subtitle translation{key='entity.hit.old_fall', args=[]} for sound event: epicfight:entity.hit.old_fall
[279월2026 22:33:38.566] [Render thread/ERROR] [net.minecraft.client.sounds.SoundManager/]: Missing subtitle translation{key='sfx.slam_heavy', args=[]} for sound event: epicfight:sfx.slam_heavy
[279월2026 22:33:38.566] [Render thread/ERROR] [net.minecraft.client.sounds.SoundManager/]: Missing subtitle translation{key='skill.adaptive_skin_decrease', args=[]} for sound event: epicfight:skill.adaptive_skin_decrease
[279월2026 22:33:38.566] [Render thread/ERROR] [net.minecraft.client.sounds.SoundManager/]: Missing subtitle translation{key='entity.wither.wither_spell_armor', args=[]} for sound event: epicfight:entity.wither.wither_spell_armor
[279월2026 22:33:38.566] [Render thread/ERROR] [net.minecraft.client.sounds.SoundManager/]: Missing subtitle translation{key='skill.hypervitality', args=[]} for sound event: epicfight:skill.hypervitality
[279월2026 22:33:38.566] [Render thread/WARN] [net.minecraft.client.sounds.SoundEngine/]: Missing sound for event: minecraft:item.goat_horn.play
[279월2026 22:33:38.566] [Render thread/WARN] [net.minecraft.client.sounds.SoundEngine/]: Missing sound for event: minecraft:entity.goat.screaming.horn_break
[279월2026 22:33:38.567] [Render thread/WARN] [net.minecraft.client.sounds.SoundEngine/]: Missing sound for event: epicfight:sfx.no_sound
[279월2026 22:33:38.620] [Render thread/INFO] [com.mojang.blaze3d.audio.Library/]: OpenAL initialized on device OpenAL Soft on 스피커(High Definition Audio Device)
[279월2026 22:33:38.620] [Render thread/INFO] [net.minecraft.client.sounds.SoundEngine/SOUNDS]: Sound engine started
[279월2026 22:33:38.662] [Render thread/INFO] [net.minecraft.client.renderer.texture.TextureAtlas/]: Created: 1024x512x4 minecraft:textures/atlas/blocks.png-atlas
[279월2026 22:33:38.665] [Render thread/INFO] [net.minecraft.client.renderer.texture.TextureAtlas/]: Created: 256x256x4 minecraft:textures/atlas/signs.png-atlas
[279월2026 22:33:38.665] [Render thread/INFO] [net.minecraft.client.renderer.texture.TextureAtlas/]: Created: 512x512x4 minecraft:textures/atlas/shield_patterns.png-atlas
[279월2026 22:33:38.667] [Render thread/INFO] [net.minecraft.client.renderer.texture.TextureAtlas/]: Created: 512x512x4 minecraft:textures/atlas/banner_patterns.png-atlas
[279월2026 22:33:38.667] [Render thread/INFO] [net.minecraft.client.renderer.texture.TextureAtlas/]: Created: 1024x1024x4 minecraft:textures/atlas/armor_trims.png-atlas
[279월2026 22:33:38.668] [Render thread/INFO] [net.minecraft.client.renderer.texture.TextureAtlas/]: Created: 256x256x4 minecraft:textures/atlas/chest.png-atlas
[279월2026 22:33:38.668] [Render thread/INFO] [net.minecraft.client.renderer.texture.TextureAtlas/]: Created: 128x64x4 minecraft:textures/atlas/decorated_pot.png-atlas
[279월2026 22:33:38.668] [Render thread/INFO] [net.minecraft.client.renderer.texture.TextureAtlas/]: Created: 512x256x4 minecraft:textures/atlas/shulker_boxes.png-atlas
[279월2026 22:33:38.668] [Render thread/INFO] [net.minecraft.client.renderer.texture.TextureAtlas/]: Created: 512x256x4 minecraft:textures/atlas/beds.png-atlas
[279월2026 22:33:38.703] [Render thread/ERROR] [epicfight/]: Can't load layer file minecraft:animated_layers/player/waveycapes.json for entity.minecraft.player: dev.tr7zw.waveycapes.renderlayers.CustomCapeRenderLayer (This is develop-only message and neglectable if the resource is not belong to you)
[279월2026 22:33:38.704] [Render thread/ERROR] [epicfight/]: Can't load layer file minecraft:animated_layers/player/waveycapes.json for entity.minecraft.player: dev.tr7zw.waveycapes.renderlayers.CustomCapeRenderLayer (This is develop-only message and neglectable if the resource is not belong to you)
[279월2026 22:33:38.707] [Render thread/ERROR] [epicfight/]: Can't load layer file minecraft:animated_layers/player/waveycapes.json for entity.minecraft.player: dev.tr7zw.waveycapes.renderlayers.CustomCapeRenderLayer (This is develop-only message and neglectable if the resource is not belong to you)
[279월2026 22:33:38.712] [Render thread/INFO] [net.minecraft.client.renderer.texture.TextureAtlas/]: Created: 2048x1024x0 minecraft:textures/atlas/particles.png-atlas
[279월2026 22:33:38.715] [Render thread/INFO] [net.minecraft.client.renderer.texture.TextureAtlas/]: Created: 512x256x0 minecraft:textures/atlas/paintings.png-atlas
[279월2026 22:33:38.715] [Render thread/INFO] [net.minecraft.client.renderer.texture.TextureAtlas/]: Created: 256x128x0 minecraft:textures/atlas/mob_effects.png-atlas
[279월2026 22:33:38.715] [Render thread/INFO] [net.minecraft.client.renderer.texture.TextureAtlas/]: Created: 64x64x0 minecraft:textures/atlas/map_decorations.png-atlas
[279월2026 22:33:38.717] [Render thread/INFO] [net.minecraft.client.renderer.texture.TextureAtlas/]: Created: 1024x512x0 minecraft:textures/atlas/gui.png-atlas
[279월2026 22:33:38.727] [Render thread/WARN] [net.minecraft.client.renderer.ShaderInstance/]: Shader rendertype_entity_translucent_emissive could not find sampler named Sampler2 in the specified shader program.
[279월2026 22:33:39.017] [Render thread/ERROR] [epicfight/]: Datapack animation reading failed: No constructor information has provided: gourmet2:combat/heavy
[279월2026 22:33:39.017] [Render thread/ERROR] [epicfight/]: Datapack animation reading failed: No constructor information has provided: gourmet2:combat_acrobatic/heavy
[279월2026 22:33:39.018] [Render thread/ERROR] [epicfight/]: Datapack animation reading failed: No constructor information has provided: gourmet2:combat_swift/heavy
[279월2026 22:33:39.039] [Render thread/INFO] [net.neoforged.neoforge.client.entity.animation.json.AnimationLoader/]: Loaded 0 entity animations
[279월2026 22:33:43.153] [Worker-Main-7/INFO] [epicfight/]: Generated conditional modifier: epicfight:bokken/generated/modifier/ochs
[279월2026 22:33:43.158] [Worker-Main-7/INFO] [epicfight/]: Generated moveset modifier: epicfight:bokken/generated/modifier/ochs
[279월2026 22:33:43.211] [Render thread/INFO] [net.minecraft.world.item.crafting.RecipeManager/]: Loaded 1321 recipes
[279월2026 22:33:43.278] [Render thread/INFO] [net.minecraft.advancements.AdvancementTree/]: Loaded 1430 advancements
[279월2026 22:33:43.281] [Render thread/WARN] [epicfight/]: Skill epicfight:air_slash doesn't exist in the registry.
[279월2026 22:33:43.281] [Render thread/INFO] [epicfight/]: Pulling epicfight:trident from register
[279월2026 22:33:43.282] [Render thread/INFO] [epicfight/]: Pulling epicfight:spear from register
[279월2026 22:33:43.282] [Render thread/INFO] [epicfight/]: Pulling epicfight:dagger from register
[279월2026 22:33:43.282] [Render thread/INFO] [epicfight/]: Pulling epicfight:hoe from register
[279월2026 22:33:43.282] [Render thread/INFO] [epicfight/]: Pulling epicfight:longsword from register
[279월2026 22:33:43.282] [Render thread/INFO] [epicfight/]: Pulling epicfight:sword from register
[279월2026 22:33:43.282] [Render thread/INFO] [epicfight/]: Pulling epicfight:uchigatana from register
[279월2026 22:33:43.282] [Render thread/INFO] [epicfight/]: Pulling epicfight:crossbow from register
[279월2026 22:33:43.282] [Render thread/INFO] [epicfight/]: Pulling epicfight:greatsword from register
[279월2026 22:33:43.282] [Render thread/INFO] [epicfight/]: Pulling epicfight:shield from register
[279월2026 22:33:43.282] [Render thread/INFO] [epicfight/]: Pulling epicfight:armor from register
[279월2026 22:33:43.282] [Render thread/INFO] [epicfight/]: Pulling epicfight:bow from register
[279월2026 22:33:43.282] [Render thread/INFO] [epicfight/]: Pulling epicfight:shovel from register
[279월2026 22:33:43.282] [Render thread/INFO] [epicfight/]: Pulling epicfight:pickaxe from register
[279월2026 22:33:43.282] [Render thread/INFO] [epicfight/]: Pulling epicfight:map from register
[279월2026 22:33:43.282] [Render thread/INFO] [epicfight/]: Pulling epicfight:tachi from register
[279월2026 22:33:43.282] [Render thread/INFO] [epicfight/]: Pulling epicfight:fist from register
[279월2026 22:33:43.282] [Render thread/INFO] [epicfight/]: Pulling epicfight:axe from register
[279월2026 22:33:43.282] [Render thread/INFO] [epicfight/]: Pulling epicfight:bokken from register
[279월2026 22:33:43.288] [Render thread/WARN] [epicfight/]: Error while deserializing datapack for minecraft:wooden_sword: No value present
[279월2026 22:33:43.544] [Render thread/DEBUG] [net.neoforged.neoforge.common.CommonHooks/WP]: Gathered mod list to write to world save New World
[279월2026 22:33:43.567] [Server thread/INFO] [net.minecraft.client.server.IntegratedServer/]: Starting integrated minecraft server version 1.21.1
[279월2026 22:33:43.567] [Server thread/INFO] [net.minecraft.server.MinecraftServer/]: Generating keypair
[279월2026 22:33:43.603] [Server thread/DEBUG] [net.neoforged.fml.config.ConfigTracker/CONFIG]: Loading configs type SERVER
[279월2026 22:33:43.603] [Server thread/DEBUG] [net.neoforged.neoforge.common.NeoForgeConfig/FORGEMOD]: Loaded NeoForge config file neoforge-server.toml
[279월2026 22:33:43.603] [Server thread/DEBUG] [net.neoforged.fml.config.ConfigTracker/CONFIG]: Loaded TOML config file C:\Users\hanjw\Downloads\gourmet2-main\gourmet2-main\run\config\neoforge-server.toml
[279월2026 22:33:43.605] [Server thread/DEBUG] [net.neoforged.fml.config.ConfigTracker/CONFIG]: Watching TOML config file C:\Users\hanjw\Downloads\gourmet2-main\gourmet2-main\run\config\neoforge-server.toml for changes
[279월2026 22:33:43.629] [Server thread/DEBUG] [mixin/]: Mixing common.MixinDamageSources from epicfight.mixins.json into net.minecraft.world.damagesource.DamageSources
[279월2026 22:33:43.630] [Server thread/DEBUG] [mixin/]: epicfight.mixins.json:common.MixinDamageSources from mod epicfight->@Inject::epicfight$mobAttack(Lnet/minecraft/world/entity/LivingEntity;Lorg/spongepowered/asm/mixin/injection/callback/CallbackInfoReturnable;)V does use it's CallbackInfoReturnable
[279월2026 22:33:43.630] [Server thread/DEBUG] [mixin/]: epicfight.mixins.json:common.MixinDamageSources from mod epicfight->@Inject::epicfight$playerAttack(Lnet/minecraft/world/entity/player/Player;Lorg/spongepowered/asm/mixin/injection/callback/CallbackInfoReturnable;)V does use it's CallbackInfoReturnable
[279월2026 22:33:43.630] [Server thread/DEBUG] [mixin/]: epicfight.mixins.json:common.MixinDamageSources from mod epicfight->@Inject::epicfight$arrow(Lnet/minecraft/world/entity/projectile/AbstractArrow;Lnet/minecraft/world/entity/Entity;Lorg/spongepowered/asm/mixin/injection/callback/CallbackInfoReturnable;)V does use it's CallbackInfoReturnable
[279월2026 22:33:43.630] [Server thread/DEBUG] [mixin/]: epicfight.mixins.json:common.MixinDamageSources from mod epicfight->@Inject::epicfight$witherSkull(Lnet/minecraft/world/entity/projectile/WitherSkull;Lnet/minecraft/world/entity/Entity;Lorg/spongepowered/asm/mixin/injection/callback/CallbackInfoReturnable;)V does use it's CallbackInfoReturnable
[279월2026 22:33:43.632] [Server thread/DEBUG] [mixin/]: epicfight.mixins.json:common.MixinDamageSources from mod epicfight->@Inject::epicfight$trident(Lnet/minecraft/world/entity/Entity;Lnet/minecraft/world/entity/Entity;Lorg/spongepowered/asm/mixin/injection/callback/CallbackInfoReturnable;)V does use it's CallbackInfoReturnable
[279월2026 22:33:44.010] [Server thread/INFO] [net.minecraft.server.MinecraftServer/]: Preparing start region for dimension minecraft:overworld
[279월2026 22:33:44.034] [Server thread/DEBUG] [mixin/]: Mixing neoforge.MixinChunkSerializer from architectury.mixins.json into net.minecraft.world.level.chunk.storage.ChunkSerializer
[279월2026 22:33:44.036] [Server thread/DEBUG] [mixin/]: architectury.mixins.json:neoforge.MixinChunkSerializer from mod architectury: Class version 65 required is higher than the class version supported by the current version of Mixin (JAVA_16 supports class version 60)
[279월2026 22:33:44.040] [Server thread/DEBUG] [mixin/]: architectury.mixins.json:neoforge.MixinChunkSerializer from mod architectury->@Inject::read(Lnet/minecraft/server/level/ServerLevel;Lnet/minecraft/world/entity/ai/village/poi/PoiManager;Lnet/minecraft/world/level/chunk/storage/RegionStorageInfo;Lnet/minecraft/world/level/ChunkPos;Lnet/minecraft/nbt/CompoundTag;Lorg/spongepowered/asm/mixin/injection/callback/CallbackInfoReturnable;)V doesn't use it's CallbackInfoReturnable
[279월2026 22:33:44.158] [progressListener/INFO] [net.minecraft.server.level.progress.LoggerChunkProgressListener/]: Preparing spawn area: 0%
[279월2026 22:33:44.211] [Server thread/INFO] [net.neoforged.neoforge.server.permission.PermissionAPI/]: Successfully initialized permission handler neoforge:default_handler
[279월2026 22:33:44.214] [progressListener/INFO] [net.minecraft.server.level.progress.LoggerChunkProgressListener/]: Time elapsed: 200 ms
[279월2026 22:33:44.260] [Server thread/INFO] [net.minecraft.client.server.IntegratedServer/]: Changing view distance to 12, from 10
[279월2026 22:33:44.260] [Server thread/INFO] [net.minecraft.client.server.IntegratedServer/]: Changing simulation distance to 12, from 0
[279월2026 22:33:44.272] [Render thread/DEBUG] [io.netty.channel.MultithreadEventLoopGroup/]: -Dio.netty.eventLoopThreads: 40
[279월2026 22:33:44.284] [Render thread/DEBUG] [io.netty.util.concurrent.GlobalEventExecutor/]: -Dio.netty.globalEventExecutor.quietPeriodSeconds: 1
[279월2026 22:33:44.298] [Render thread/DEBUG] [io.netty.channel.nio.NioEventLoop/]: -Dio.netty.noKeySetOptimization: false
[279월2026 22:33:44.298] [Render thread/DEBUG] [io.netty.channel.nio.NioEventLoop/]: -Dio.netty.selectorAutoRebuildThreshold: 512
[279월2026 22:33:44.305] [Render thread/DEBUG] [io.netty.util.internal.PlatformDependent/]: org.jctools-core.MpscChunkedArrayQueue: available
[279월2026 22:33:44.344] [Render thread/DEBUG] [io.netty.channel.DefaultChannelId/]: -Dio.netty.processId: 11188 (auto-detected)
[279월2026 22:33:44.346] [Render thread/DEBUG] [io.netty.util.NetUtil/]: -Djava.net.preferIPv4Stack: false
[279월2026 22:33:44.346] [Render thread/DEBUG] [io.netty.util.NetUtil/]: -Djava.net.preferIPv6Addresses: system
[279월2026 22:33:44.347] [Render thread/DEBUG] [io.netty.util.NetUtilInitializations/]: Loopback interface: loopback_0 (Software Loopback Interface 1, 0:0:0:0:0:0:0:1)
[279월2026 22:33:44.349] [Render thread/DEBUG] [io.netty.util.NetUtil/]: Failed to get SOMAXCONN from sysctl and file \proc\sys\net\core\somaxconn. Default: 200
[279월2026 22:33:44.350] [Render thread/DEBUG] [io.netty.channel.DefaultChannelId/]: -Dio.netty.machineId: 74:56:3c:ff:fe:d3:ef:84 (auto-detected)
[279월2026 22:33:44.398] [Render thread/DEBUG] [io.netty.util.Recycler/]: -Dio.netty.recycler.maxCapacityPerThread: 4096
[279월2026 22:33:44.398] [Render thread/DEBUG] [io.netty.util.Recycler/]: -Dio.netty.recycler.ratio: 8
[279월2026 22:33:44.398] [Render thread/DEBUG] [io.netty.util.Recycler/]: -Dio.netty.recycler.chunkSize: 32
[279월2026 22:33:44.398] [Render thread/DEBUG] [io.netty.util.Recycler/]: -Dio.netty.recycler.blocking: false
[279월2026 22:33:44.398] [Render thread/DEBUG] [io.netty.util.Recycler/]: -Dio.netty.recycler.batchFastThreadLocalOnly: true
[279월2026 22:33:44.444] [Netty Local Client IO #0/DEBUG] [mixin/]: Mixing client.MixinClientCommonPacketListenerImpl from epicfight.mixins.json into net.minecraft.client.multiplayer.ClientCommonPacketListenerImpl
[279월2026 22:33:44.445] [Netty Local Client IO #0/DEBUG] [mixin/]: epicfight.mixins.json:client.MixinClientCommonPacketListenerImpl from mod epicfight->@Inject::onBeforeSendPacket(Lnet/minecraft/network/protocol/Packet;Lorg/spongepowered/asm/mixin/injection/callback/CallbackInfo;)V does use it's CallbackInfo
[279월2026 22:33:44.452] [Netty Server IO #1/DEBUG] [mixin/]: Mixing common.MixinServerCommonPacketListenerImpl from epicfight.mixins.json into net.minecraft.server.network.ServerCommonPacketListenerImpl
[279월2026 22:33:44.452] [Netty Server IO #1/DEBUG] [mixin/]: Renaming synthetic method lambda$epicfight$handleResourcePackResponse$0(Lyesman/epicfight/world/capabilities/entitypatch/player/ServerPlayerPatch;)V to md57a2c9$epicfight$lambda$epicfight$handleResourcePackResponse$0$0 in epicfight.mixins.json:common.MixinServerCommonPacketListenerImpl from mod epicfight
[279월2026 22:33:44.458] [Netty Server IO #1/DEBUG] [mixin/]: epicfight.mixins.json:common.MixinServerCommonPacketListenerImpl from mod epicfight->@Inject::epicfight$handleResourcePackResponse(Lnet/minecraft/network/protocol/common/ServerboundResourcePackPacket;Lorg/spongepowered/asm/mixin/injection/callback/CallbackInfo;)V doesn't use it's CallbackInfo
[279월2026 22:33:44.458] [Netty Server IO #1/DEBUG] [mixin/]: epicfight.mixins.json:common.MixinServerCommonPacketListenerImpl from mod epicfight->@Inject::epicfight$handleResourcePackResponse(Lnet/minecraft/network/protocol/common/ServerboundResourcePackPacket;Lorg/spongepowered/asm/mixin/injection/callback/CallbackInfo;)V has 0 override(s) in child classes
[279월2026 22:33:44.458] [Netty Server IO #1/DEBUG] [mixin/]: epicfight.mixins.json:common.MixinServerCommonPacketListenerImpl from mod epicfight->@Inject::epicfight$handleResourcePackResponse(Lnet/minecraft/network/protocol/common/ServerboundResourcePackPacket;Lorg/spongepowered/asm/mixin/injection/callback/CallbackInfo;)V won't be passed a CallbackInfo as a result
[279월2026 22:33:44.473] [Netty Server IO #1/DEBUG] [net.neoforged.neoforge.network.filters.NetworkFilters/]: Injected net.neoforged.neoforge.network.filters.GenericPacketSplitter@216a4f9f into net.minecraft.network.Connection@12329b9d
[279월2026 22:33:44.478] [Netty Local Client IO #0/DEBUG] [net.neoforged.neoforge.network.filters.NetworkFilters/]: Injected net.neoforged.neoforge.network.filters.GenericPacketSplitter@9b9d4d into net.minecraft.network.Connection@3771a078
[279월2026 22:33:44.589] [Render thread/DEBUG] [mixin/]: Mixing client.MixinClientPacketListener from epicfight.mixins.json into net.minecraft.client.multiplayer.ClientPacketListener
[279월2026 22:33:44.590] [Render thread/DEBUG] [mixin/]: epicfight.mixins.json:client.MixinClientPacketListener from mod epicfight->@Inject::epicfight_handleRespawn(Lnet/minecraft/network/protocol/game/ClientboundRespawnPacket;Lorg/spongepowered/asm/mixin/injection/callback/CallbackInfo;)V doesn't use it's CallbackInfo
[279월2026 22:33:44.590] [Render thread/DEBUG] [mixin/]: epicfight.mixins.json:client.MixinClientPacketListener from mod epicfight->@Inject::epicfight_handleRespawn(Lnet/minecraft/network/protocol/game/ClientboundRespawnPacket;Lorg/spongepowered/asm/mixin/injection/callback/CallbackInfo;)V has 0 override(s) in child classes
[279월2026 22:33:44.590] [Render thread/DEBUG] [mixin/]: epicfight.mixins.json:client.MixinClientPacketListener from mod epicfight->@Inject::epicfight_handleRespawn(Lnet/minecraft/network/protocol/game/ClientboundRespawnPacket;Lorg/spongepowered/asm/mixin/injection/callback/CallbackInfo;)V won't be passed a CallbackInfo as a result
[279월2026 22:33:44.603] [Netty Server IO #1/DEBUG] [net.neoforged.neoforge.network.filters.NetworkFilters/]: Injected net.neoforged.neoforge.network.filters.GenericPacketSplitter@f875a09 into net.minecraft.network.Connection@12329b9d
[279월2026 22:33:44.648] [Server thread/INFO] [net.minecraft.server.players.PlayerList/]: Dev[local:E:4f85bf7e] logged in with entity id 16 at (350.91484165800324, 77.16919486701859, 299.9344898631343)
[279월2026 22:33:44.695] [Server thread/INFO] [net.minecraft.server.MinecraftServer/]: Dev joined the game
[279월2026 22:33:44.799] [Server thread/DEBUG] [epicfight/]: Capability Item Preset: null
[279월2026 22:33:44.804] [Server thread/DEBUG] [mixin/]: Mixing MixinItemExtension from architectury.mixins.json into dev.architectury.extensions.ItemExtension
[279월2026 22:33:44.804] [Server thread/DEBUG] [mixin/]: architectury.mixins.json:MixinItemExtension from mod architectury: Class version 65 required is higher than the class version supported by the current version of Mixin (JAVA_16 supports class version 60)
[279월2026 22:33:44.947] [Render thread/INFO] [net.minecraft.advancements.AdvancementTree/]: Loaded 170 advancements
[279월2026 22:33:45.070] [ForkJoinPool.commonPool-worker-8/ERROR] [epicfight/]: Failed at connecting Epic Fight web server: java.net.ConnectException
[279월2026 22:33:45.281] [Render thread/DEBUG] [GeckoLib/]: Loaded software.bernie.geckolib.event.GeckoLibEventsNeoForge@6e0c20b8 for service interface software.bernie.geckolib.service.GeckoLibEvents
[279월2026 22:33:45.282] [Render thread/DEBUG] [mixin/]: Mixing MixinGeoArmorRenderer from epicfight-compat.geckolib.mixins.json into software.bernie.geckolib.renderer.GeoArmorRenderer
[279월2026 22:33:45.284] [Render thread/DEBUG] [GeckoLib/]: Loaded software.bernie.geckolib.platform.GeckoLibClientNeoForge@acfadee for service interface software.bernie.geckolib.service.GeckoLibClient
[279월2026 22:33:45.622] [Render thread/DEBUG] [epicfight/]: Cannot find the mesh part named jacket in yesman.epicfight.client.mesh.HumanoidMesh
[279월2026 22:33:45.623] [Render thread/DEBUG] [epicfight/]: Cannot find the mesh part named leftSleeve in yesman.epicfight.client.mesh.HumanoidMesh
[279월2026 22:33:45.623] [Render thread/DEBUG] [epicfight/]: Cannot find the mesh part named rightSleeve in yesman.epicfight.client.mesh.HumanoidMesh
[279월2026 22:33:45.623] [Render thread/DEBUG] [epicfight/]: Cannot find the mesh part named leftPants in yesman.epicfight.client.mesh.HumanoidMesh
[279월2026 22:33:45.623] [Render thread/DEBUG] [epicfight/]: Cannot find the mesh part named rightPants in yesman.epicfight.client.mesh.HumanoidMesh
[279월2026 22:33:47.424] [Render thread/DEBUG] [epicfight/]: Cannot find the mesh part named jacket in yesman.epicfight.client.mesh.HumanoidMesh
[279월2026 22:33:47.424] [Render thread/DEBUG] [epicfight/]: Cannot find the mesh part named leftSleeve in yesman.epicfight.client.mesh.HumanoidMesh
[279월2026 22:33:47.426] [Render thread/DEBUG] [epicfight/]: Cannot find the mesh part named rightSleeve in yesman.epicfight.client.mesh.HumanoidMesh
[279월2026 22:33:47.426] [Render thread/DEBUG] [epicfight/]: Cannot find the mesh part named leftPants in yesman.epicfight.client.mesh.HumanoidMesh
[279월2026 22:33:47.426] [Render thread/DEBUG] [epicfight/]: Cannot find the mesh part named rightPants in yesman.epicfight.client.mesh.HumanoidMesh
[279월2026 22:33:57.394] [Render thread/INFO] [org.example.hanjinwoo.gourmet2.Gourmet2/]: Effekseer effect 'toriko/combat_impact' will be used for toriko/combat_impact
[279월2026 22:33:57.396] [Render thread/INFO] [org.example.hanjinwoo.gourmet2.Gourmet2/]: Effekseer effect '00_Basic/Simple_Ring_Shape1' will be used for 00_Basic/Simple_Ring_Shape1
[279월2026 22:33:58.178] [Render thread/INFO] [org.example.hanjinwoo.gourmet2.Gourmet2/]: Effekseer effect 'toriko/shapes/fork' will be used for toriko/fork
[279월2026 22:33:58.178] [Render thread/INFO] [org.example.hanjinwoo.gourmet2.Gourmet2/]: Effekseer effect 'toriko/fork_impact' will be used for toriko/fork_impact
[279월2026 22:34:09.021] [Render thread/INFO] [org.example.hanjinwoo.gourmet2.Gourmet2/]: Effekseer effect 'toriko/shapes/nail' will be used for toriko/nail_punch
[279월2026 22:34:09.625] [Render thread/INFO] [org.example.hanjinwoo.gourmet2.Gourmet2/]: Effekseer effect 'toriko/nail_impact' will be used for toriko/nail_impact
[279월2026 22:34:46.709] [Render thread/DEBUG] [epicfight/]: Cannot find the mesh part named leftSleeve in yesman.epicfight.client.mesh.VillagerMesh
[279월2026 22:34:46.709] [Render thread/DEBUG] [epicfight/]: Cannot find the mesh part named rightSleeve in yesman.epicfight.client.mesh.VillagerMesh
[279월2026 22:34:46.709] [Render thread/DEBUG] [epicfight/]: Cannot find the mesh part named leftPants in yesman.epicfight.client.mesh.VillagerMesh
[279월2026 22:34:46.709] [Render thread/DEBUG] [epicfight/]: Cannot find the mesh part named rightPants in yesman.epicfight.client.mesh.VillagerMesh
[279월2026 22:35:05.570] [Server thread/DEBUG] [epicfight/]: Capability Item Preset: null
[279월2026 22:35:05.619] [Server thread/DEBUG] [epicfight/]: Capability Item Preset: null
[279월2026 22:35:08.821] [Server thread/DEBUG] [epicfight/]: Capability Item Preset: null
[279월2026 22:35:09.470] [Server thread/DEBUG] [epicfight/]: Capability Item Preset: null
[279월2026 22:35:10.736] [Render thread/INFO] [org.example.hanjinwoo.gourmet2.Gourmet2/]: Effekseer effect 'toriko/nail_gun' will be used for toriko/nail_gun
[279월2026 22:35:31.177] [Render thread/INFO] [mod.chloeprime.aaaparticles.client.Debug/]: ResDomains = [minecraft, aaa_particles, realms, controlify, c, simplytooltips, gourmet2, epicskins, epicfight, neoforge]
[279월2026 22:35:34.719] [Render thread/INFO] [org.example.hanjinwoo.gourmet2.Gourmet2/]: Effekseer effect 'toriko/flying_fork_cast' will be used for toriko/flying_fork_cast
[279월2026 22:35:34.719] [Render thread/INFO] [org.example.hanjinwoo.gourmet2.Gourmet2/]: Effekseer effect 'toriko/flying_fork_trail' will be used for toriko/flying_fork_trail
[279월2026 22:35:36.464] [Server thread/INFO] [net.minecraft.server.MinecraftServer/]: [Dev: Removed every effect from Dev]
[279월2026 22:35:36.475] [Render thread/INFO] [net.minecraft.client.gui.components.ChatComponent/]: [System] [CHAT] Removed every effect from Dev
[279월2026 22:35:39.178] [Render thread/INFO] [mod.chloeprime.aaaparticles.client.Debug/]: ResDomains = [minecraft, aaa_particles, realms, controlify, c, simplytooltips, gourmet2, epicskins, epicfight, neoforge]
[279월2026 22:35:45.053] [Render thread/INFO] [mod.chloeprime.aaaparticles.client.Debug/]: ResDomains = [minecraft, aaa_particles, realms, controlify, c, simplytooltips, gourmet2, epicskins, epicfight, neoforge]
[279월2026 22:35:46.987] [Render thread/INFO] [mod.chloeprime.aaaparticles.client.Debug/]: ResDomains = [minecraft, aaa_particles, realms, controlify, c, simplytooltips, gourmet2, epicskins, epicfight, neoforge]
[279월2026 22:35:47.471] [Server thread/INFO] [net.minecraft.server.MinecraftServer/]: Dev was cut down by Lizardman
[279월2026 22:35:47.484] [Render thread/INFO] [net.minecraft.client.gui.components.ChatComponent/]: [System] [CHAT] Dev was cut down by Lizardman
[279월2026 22:35:48.740] [Server thread/DEBUG] [epicfight/]: Capability Item Preset: null
[279월2026 22:35:48.814] [Server thread/DEBUG] [epicfight/]: Capability Item Preset: null
[279월2026 22:35:48.864] [ForkJoinPool.commonPool-worker-10/ERROR] [epicfight/]: Failed at connecting Epic Fight web server: java.net.ConnectException
[279월2026 22:35:51.467] [Server thread/DEBUG] [epicfight/]: Capability Item Preset: null
[279월2026 22:35:51.668] [Server thread/DEBUG] [epicfight/]: Capability Item Preset: null
[279월2026 22:35:51.819] [Server thread/DEBUG] [epicfight/]: Capability Item Preset: null
[279월2026 22:35:51.870] [Server thread/DEBUG] [epicfight/]: Capability Item Preset: null
[279월2026 22:35:52.167] [Server thread/DEBUG] [epicfight/]: Capability Item Preset: null
[279월2026 22:35:52.829] [Render thread/DEBUG] [epicfight/]: Cannot find the mesh part named leftSleeve in yesman.epicfight.client.mesh.VillagerMesh
[279월2026 22:35:52.829] [Render thread/DEBUG] [epicfight/]: Cannot find the mesh part named rightSleeve in yesman.epicfight.client.mesh.VillagerMesh
[279월2026 22:35:52.829] [Render thread/DEBUG] [epicfight/]: Cannot find the mesh part named leftPants in yesman.epicfight.client.mesh.VillagerMesh
[279월2026 22:35:52.829] [Render thread/DEBUG] [epicfight/]: Cannot find the mesh part named rightPants in yesman.epicfight.client.mesh.VillagerMesh
[279월2026 22:36:02.970] [Server thread/DEBUG] [epicfight/]: Capability Item Preset: null
[279월2026 22:36:03.518] [Server thread/DEBUG] [epicfight/]: Capability Item Preset: null
[279월2026 22:36:03.718] [Server thread/DEBUG] [epicfight/]: Capability Item Preset: null
[279월2026 22:36:42.964] [Server thread/INFO] [net.minecraft.client.server.IntegratedServer/]: Saving and pausing game...
[279월2026 22:36:42.978] [Server thread/INFO] [net.minecraft.server.MinecraftServer/]: Saving chunks for level 'ServerLevel[New World]'/minecraft:overworld
[279월2026 22:36:42.995] [Server thread/INFO] [net.minecraft.server.MinecraftServer/]: Saving chunks for level 'ServerLevel[New World]'/minecraft:the_end
[279월2026 22:36:42.995] [Server thread/INFO] [net.minecraft.server.MinecraftServer/]: Saving chunks for level 'ServerLevel[New World]'/minecraft:the_nether
[279월2026 22:36:42.997] [Server thread/DEBUG] [net.neoforged.neoforge.common.CommonHooks/WP]: Gathered mod list to write to world save New World
[279월2026 22:36:43.316] [Render thread/ERROR] [epicfight/]: Can't load layer file minecraft:animated_layers/player/waveycapes.json for entity.minecraft.player: dev.tr7zw.waveycapes.renderlayers.CustomCapeRenderLayer (This is develop-only message and neglectable if the resource is not belong to you)
[279월2026 22:36:43.374] [Server thread/INFO] [net.minecraft.server.network.ServerGamePacketListenerImpl/]: Dev lost connection: Disconnected
[279월2026 22:36:43.374] [Server thread/INFO] [net.minecraft.server.MinecraftServer/]: Dev left the game
[279월2026 22:36:43.385] [Server thread/INFO] [net.minecraft.server.network.ServerCommonPacketListenerImpl/]: Stopping singleplayer server as player logged out
[279월2026 22:36:43.414] [Server thread/INFO] [net.minecraft.server.MinecraftServer/]: Stopping server
[279월2026 22:36:43.414] [Server thread/INFO] [net.minecraft.server.MinecraftServer/]: Saving players
[279월2026 22:36:43.414] [Server thread/INFO] [net.minecraft.server.MinecraftServer/]: Saving worlds
[279월2026 22:36:43.451] [Server thread/INFO] [net.minecraft.server.MinecraftServer/]: Saving chunks for level 'ServerLevel[New World]'/minecraft:overworld
[279월2026 22:36:43.521] [Server thread/INFO] [net.minecraft.server.MinecraftServer/]: Saving chunks for level 'ServerLevel[New World]'/minecraft:the_end
[279월2026 22:36:43.525] [Server thread/INFO] [net.minecraft.server.MinecraftServer/]: Saving chunks for level 'ServerLevel[New World]'/minecraft:the_nether
[279월2026 22:36:43.529] [Server thread/DEBUG] [net.neoforged.neoforge.common.CommonHooks/WP]: Gathered mod list to write to world save New World
[279월2026 22:36:43.533] [Server thread/INFO] [net.minecraft.server.MinecraftServer/]: ThreadedAnvilChunkStorage (New World (1)): All chunks are saved
[279월2026 22:36:43.533] [Server thread/INFO] [net.minecraft.server.MinecraftServer/]: ThreadedAnvilChunkStorage (DIM1): All chunks are saved
[279월2026 22:36:43.533] [Server thread/INFO] [net.minecraft.server.MinecraftServer/]: ThreadedAnvilChunkStorage (DIM-1): All chunks are saved
[279월2026 22:36:43.533] [Server thread/INFO] [net.minecraft.server.MinecraftServer/]: ThreadedAnvilChunkStorage: All dimensions are saved
[279월2026 22:36:43.557] [Server thread/DEBUG] [net.neoforged.fml.config.ConfigTracker/CONFIG]: Unloading configs type SERVER
[279월2026 22:36:43.686] [Render thread/INFO] [epicfight/]: Data keys [epicfight:combo_counter] for epicfight:combo_attacks
[279월2026 22:36:43.686] [Render thread/INFO] [epicfight/]: Data keys [epicfight:penalty_restore_counter, epicfight:penalty] for epicfight:guard
[279월2026 22:36:43.686] [Render thread/INFO] [epicfight/]: Data keys [epicfight:penalty_restore_counter, epicfight:penalty] for epicfight:impact_guard
[279월2026 22:36:43.686] [Render thread/INFO] [epicfight/]: Data keys [epicfight:penalty_restore_counter, epicfight:parry_motion_counter, epicfight:penalty, epicfight:last_active] for epicfight:parrying
[279월2026 22:36:43.686] [Render thread/INFO] [epicfight/]: Data keys [epicfight:tick_record, epicfight:resisting_damage_type, epicfight:stacks] for epicfight:adaptive_skin
[279월2026 22:36:43.686] [Render thread/INFO] [epicfight/]: Data keys [epicfight:tick_record] for epicfight:adrenaline_fiend
[279월2026 22:36:43.686] [Render thread/INFO] [epicfight/]: Data keys [epicfight:stacks, epicfight:entity_id] for epicfight:bonebreaker
[279월2026 22:36:43.686] [Render thread/INFO] [epicfight/]: Data keys [epicfight:tick_record, epicfight:entity_id] for epicfight:vengeance
[279월2026 22:36:43.686] [Render thread/INFO] [epicfight/]: Data keys [epicfight:fall_distance, epicfight:slam_protect_next_fall] for epicfight:meteor_slam
[279월2026 22:36:43.687] [Render thread/INFO] [epicfight/]: Data keys [epicfight:stacks] for epicfight:revelation
[279월2026 22:36:43.687] [Render thread/INFO] [epicfight/]: Data keys [epicfight:slam_protect_next_fall] for epicfight:demolition_leap
[279월2026 22:36:43.687] [Render thread/INFO] [epicfight/]: Data keys [epicfight:jump_key_pressed_last_tick, epicfight:slam_protect_next_fall, epicfight:jump_count] for epicfight:phantom_ascent
[279월2026 22:36:43.687] [Render thread/INFO] [epicfight/]: Data keys [epicfight:last_hit_count] for epicfight:grasping_spire
[279월2026 22:36:43.687] [Render thread/INFO] [epicfight/]: Data keys [epicfight:sheath] for epicfight:battojutsu
[279월2026 22:36:43.687] [Render thread/INFO] [epicfight/]: Data keys [epicfight:combo_counter] for epicfight:blade_rush
[279월2026 22:36:43.687] [Render thread/INFO] [epicfight/]: Data keys [epicfight:thrown_trident_entity_id] for epicfight:everlasting_allegiance
[279월2026 22:36:43.687] [Render thread/INFO] [epicfight/]: Data keys [epicfight:sheath] for epicfight:battojutsu_passive
[279월2026 22:36:44.071] [Render thread/INFO] [net.minecraft.client.Minecraft/]: Stopping!
