# Blender 5.2.1 LTS
# www.blender.org
mtllib effekseer_weapon_shards_smooth.mtl
o nail_energy_smooth
v -11.000000 2.350000 -0.604674
v -11.000000 6.350000 -0.300240
v -10.572431 2.350000 -0.427569
v -10.787699 6.350000 -0.212302
v -10.395327 2.350000 0.000000
v -10.699760 6.350000 0.000000
v -10.572431 2.350000 0.427569
v -10.787699 6.350000 0.212302
v -11.000000 2.350000 0.604674
v -11.000000 6.350000 0.300240
v -11.427569 2.350000 0.427569
v -11.212301 6.350000 0.212302
v -11.604673 2.350000 -0.000000
v -11.300240 6.350000 0.000000
v -11.427569 2.350000 -0.427569
v -11.212301 6.349999 -0.212302
v -11.000000 0.175000 -1.120726
v -11.000000 0.525000 -1.049596
v -10.207527 0.175000 -0.792473
v -10.257824 0.525000 -0.742177
v -9.879274 0.175000 0.000000
v -9.950404 0.525000 0.000000
v -10.207527 0.175000 0.792473
v -10.257824 0.525000 0.742177
v -11.000000 0.175000 1.120726
v -11.000000 0.525000 1.049596
v -11.792473 0.175000 0.792473
v -11.742176 0.525000 0.742177
v -12.120726 0.175000 0.000000
v -12.049596 0.525000 -0.000000
v -11.792473 0.175000 -0.792473
v -11.742176 0.525000 -0.742176
v -10.912154 2.058269 -0.574912
v -10.785833 1.911728 -0.517044
v -10.655592 2.058269 -0.468640
v -10.844890 6.641731 -0.207839
v -10.909223 6.788271 -0.219156
v -10.962715 6.641731 -0.256644
v -11.000000 3.163400 -0.597740
v -11.000000 4.350000 -0.521854
v -11.000000 5.536600 -0.401537
v -10.716070 5.536600 -0.283930
v -10.630993 4.350000 -0.369007
v -10.577334 3.163400 -0.422666
v -10.531360 2.058269 -0.344408
v -10.482956 1.911728 -0.214167
v -10.425088 2.058269 -0.087846
v -10.743356 6.641731 -0.037284
v -10.780844 6.788271 -0.090778
v -10.792161 6.641731 -0.155111
v -10.598463 5.536600 0.000000
v -10.478146 4.350000 -0.000000
v -10.402260 3.163400 0.000000
v -10.425088 2.058269 0.087845
v -10.482956 1.911728 0.214167
v -10.531360 2.058269 0.344408
v -10.792161 6.641731 0.155111
v -10.780844 6.788271 0.090778
v -10.743356 6.641731 0.037284
v -10.716070 5.536600 0.283930
v -10.630993 4.350000 0.369007
v -10.577334 3.163400 0.422666
v -10.655592 2.058269 0.468640
v -10.785833 1.911728 0.517044
v -10.912154 2.058269 0.574912
v -10.962715 6.641731 0.256644
v -10.909223 6.788271 0.219156
v -10.844890 6.641731 0.207839
v -11.000000 5.536600 0.401537
v -11.000000 4.350000 0.521854
v -11.000000 3.163400 0.597740
v -11.087846 2.058269 0.574912
v -11.214167 1.911728 0.517044
v -11.344408 2.058269 0.468640
v -11.155110 6.641731 0.207839
v -11.090777 6.788271 0.219156
v -11.037285 6.641731 0.256644
v -11.283930 5.536600 0.283930
v -11.369007 4.350000 0.369007
v -11.422666 3.163400 0.422666
v -11.468640 2.058269 0.344408
v -11.517044 1.911728 0.214167
v -11.574912 2.058269 0.087845
v -11.256644 6.641731 0.037284
v -11.219156 6.788271 0.090778
v -11.207839 6.641731 0.155111
v -11.401537 5.536600 -0.000000
v -11.521854 4.350000 0.000000
v -11.597740 3.163400 -0.000000
v -11.574912 2.058269 -0.087845
v -11.517044 1.911728 -0.214167
v -11.468640 2.058269 -0.344408
v -11.207839 6.641731 -0.155111
v -11.219156 6.788271 -0.090778
v -11.256644 6.641731 -0.037284
v -11.283930 5.536600 -0.283930
v -11.369007 4.350000 -0.369007
v -11.422666 3.163400 -0.422666
v -11.344408 2.058269 -0.468640
v -11.214167 1.911728 -0.517044
v -11.087846 2.058269 -0.574912
v -11.037285 6.641731 -0.256644
v -11.090777 6.788271 -0.219156
v -11.155110 6.641731 -0.207839
v -10.844039 0.149474 -1.034372
v -10.619900 0.136651 -0.917642
v -10.378869 0.149473 -0.841693
v -10.423098 0.550526 -0.780758
v -10.648729 0.563349 -0.848042
v -10.855852 0.550526 -0.960011
v -11.000000 0.246172 -1.221241
v -11.000000 0.350000 -1.251602
v -11.000000 0.453827 -1.175399
v -10.168867 0.453827 -0.831133
v -10.114984 0.350000 -0.885016
v -10.136453 0.246172 -0.863548
v -10.158307 0.149473 -0.621131
v -10.082357 0.136651 -0.380100
v -9.965628 0.149473 -0.155961
v -10.039989 0.550526 -0.144148
v -10.151958 0.563349 -0.351271
v -10.219242 0.550526 -0.576902
v -9.824601 0.453827 0.000000
v -9.748398 0.350000 0.000000
v -9.778759 0.246172 0.000000
v -9.965628 0.149473 0.155961
v -10.082357 0.136651 0.380100
v -10.158307 0.149473 0.621131
v -10.219242 0.550526 0.576902
v -10.151958 0.563349 0.351271
v -10.039989 0.550526 0.144148
v -10.168867 0.453827 0.831133
v -10.114984 0.350000 0.885017
v -10.136453 0.246172 0.863548
v -10.378869 0.149473 0.841693
v -10.619900 0.136651 0.917642
v -10.844039 0.149473 1.034372
v -10.855852 0.550526 0.960011
v -10.648729 0.563349 0.848042
v -10.423098 0.550526 0.780758
v -11.000000 0.453827 1.175399
v -11.000000 0.350000 1.251602
v -11.000000 0.246172 1.221241
v -11.155961 0.149473 1.034372
v -11.380100 0.136651 0.917642
v -11.621131 0.149473 0.841693
v -11.576902 0.550526 0.780758
v -11.351271 0.563349 0.848042
v -11.144148 0.550526 0.960011
v -11.831133 0.453827 0.831133
v -11.885016 0.350000 0.885016
v -11.863547 0.246172 0.863548
v -11.841693 0.149474 0.621131
v -11.917643 0.136651 0.380100
v -12.034372 0.149473 0.155961
v -11.960011 0.550526 0.144148
v -11.848042 0.563349 0.351271
v -11.780758 0.550526 0.576902
v -12.175399 0.453827 -0.000000
v -12.251602 0.350000 -0.000000
v -12.221241 0.246172 -0.000000
v -12.034372 0.149474 -0.155961
v -11.917643 0.136651 -0.380100
v -11.841693 0.149473 -0.621131
v -11.780758 0.550526 -0.576902
v -11.848042 0.563349 -0.351271
v -11.960011 0.550526 -0.144148
v -11.831133 0.453827 -0.831133
v -11.885016 0.350000 -0.885017
v -11.863547 0.246172 -0.863548
v -11.621131 0.149474 -0.841693
v -11.380100 0.136651 -0.917642
v -11.155961 0.149473 -1.034372
v -11.144148 0.550526 -0.960011
v -11.351271 0.563349 -0.848042
v -11.576902 0.550526 -0.780758
v -10.887661 3.085372 -0.583455
v -10.900660 4.350000 -0.508380
v -10.928940 5.614628 -0.383263
v -10.774196 3.017438 -0.545139
v -10.803226 4.350000 -0.475055
v -10.854846 5.682562 -0.350432
v -10.666870 3.085372 -0.492000
v -10.710765 4.350000 -0.429723
v -10.779240 5.614628 -0.321255
v -10.507999 3.085372 -0.333130
v -10.570277 4.350000 -0.289235
v -10.678745 5.614628 -0.220760
v -10.454861 3.017438 -0.225804
v -10.524944 4.350000 -0.196774
v -10.649568 5.682562 -0.145154
v -10.416545 3.085372 -0.112339
v -10.491620 4.350000 -0.099340
v -10.616737 5.614628 -0.071061
v -10.416545 3.085372 0.112339
v -10.491620 4.350000 0.099340
v -10.616737 5.614628 0.071061
v -10.454861 3.017438 0.225804
v -10.524944 4.350000 0.196774
v -10.649568 5.682562 0.145154
v -10.507999 3.085372 0.333130
v -10.570277 4.350000 0.289235
v -10.678745 5.614628 0.220760
v -10.666870 3.085372 0.492000
v -10.710765 4.350000 0.429723
v -10.779240 5.614628 0.321255
v -10.774196 3.017438 0.545139
v -10.803226 4.350000 0.475055
v -10.854846 5.682561 0.350432
v -10.887661 3.085372 0.583455
v -10.900660 4.350000 0.508380
v -10.928940 5.614628 0.383263
v -11.112339 3.085372 0.583455
v -11.099340 4.350000 0.508380
v -11.071060 5.614628 0.383263
v -11.225804 3.017438 0.545139
v -11.196774 4.350000 0.475055
v -11.145154 5.682561 0.350432
v -11.333130 3.085372 0.492000
v -11.289235 4.350000 0.429723
v -11.220760 5.614628 0.321255
v -11.492001 3.085372 0.333130
v -11.429723 4.350000 0.289235
v -11.321255 5.614628 0.220760
v -11.545139 3.017438 0.225804
v -11.475056 4.350000 0.196774
v -11.350432 5.682561 0.145154
v -11.583455 3.085372 0.112339
v -11.508380 4.350000 0.099340
v -11.383263 5.614628 0.071061
v -11.000000 7.905557 -0.000000
v -10.882137 7.272711 -0.117863
v -10.951870 7.504321 -0.116197
v -11.000000 7.272711 -0.166683
v -11.048130 7.504321 -0.116197
v -11.117863 7.272711 -0.117863
v -11.116197 7.504321 -0.048130
v -11.166683 7.272711 0.000000
v -11.116197 7.504321 0.048130
v -11.117863 7.272711 0.117863
v -11.048130 7.504321 0.116197
v -11.000000 7.272711 0.166683
v -10.951870 7.504321 0.116197
v -10.882137 7.272711 0.117863
v -10.883803 7.504321 0.048130
v -10.833317 7.272711 -0.000000
v -10.883803 7.504321 -0.048130
v -11.583455 3.085372 -0.112339
v -11.508380 4.350000 -0.099340
v -11.383263 5.614628 -0.071061
v -11.545139 3.017438 -0.225804
v -11.475056 4.350000 -0.196774
v -11.350432 5.682562 -0.145154
v -11.492001 3.085372 -0.333130
v -11.429723 4.350000 -0.289235
v -11.321255 5.614628 -0.220760
v -11.333130 3.085372 -0.492001
v -11.289235 4.350000 -0.429723
v -11.220760 5.614628 -0.321255
v -11.225804 3.017438 -0.545139
v -11.196774 4.350000 -0.475055
v -11.145154 5.682562 -0.350432
v -11.112339 3.085372 -0.583455
v -11.099340 4.350000 -0.508380
v -11.071060 5.614628 -0.383263
v -11.000000 0.794443 -0.000000
v -11.000000 1.427289 -0.475500
v -10.852210 1.195678 -0.356796
v -10.663771 1.427289 -0.336229
v -10.643204 1.195678 -0.147790
v -10.524501 1.427289 -0.000000
v -10.643204 1.195678 0.147790
v -10.663771 1.427289 0.336229
v -10.852210 1.195678 0.356796
v -11.000000 1.427289 0.475500
v -11.147790 1.195678 0.356796
v -11.336229 1.427289 0.336229
v -11.356796 1.195678 0.147790
v -11.475499 1.427289 0.000000
v -11.356796 1.195678 -0.147790
v -11.336229 1.427289 -0.336229
v -11.147790 1.195678 -0.356796
v -10.775248 0.239345 -1.182662
v -10.761745 0.350000 -1.219286
v -10.784892 0.460654 -1.135888
v -10.545731 0.233401 -1.096704
v -10.528061 0.349999 -1.139361
v -10.564574 0.466599 -1.051212
v -10.322656 0.239345 -0.995192
v -10.306307 0.350000 -1.030637
v -10.348910 0.460655 -0.955298
v -10.004807 0.239345 -0.677345
v -9.969363 0.350000 -0.693694
v -10.044702 0.460655 -0.651090
v -9.903296 0.233401 -0.454270
v -9.860640 0.349999 -0.471939
v -9.948789 0.466599 -0.435426
v -9.817338 0.239345 -0.224752
v -9.780714 0.350000 -0.238255
v -9.864112 0.460655 -0.215108
v -9.817338 0.239345 0.224752
v -9.780714 0.350000 0.238255
v -9.864112 0.460655 0.215108
v -9.903296 0.233401 0.454270
v -9.860640 0.349999 0.471939
v -9.948789 0.466599 0.435426
v -10.004807 0.239345 0.677345
v -9.969363 0.350000 0.693694
v -10.044702 0.460655 0.651090
v -10.322656 0.239345 0.995192
v -10.306307 0.350000 1.030637
v -10.348910 0.460655 0.955298
v -10.545731 0.233401 1.096704
v -10.528061 0.349999 1.139361
v -10.564574 0.466599 1.051212
v -10.775248 0.239345 1.182662
v -10.761745 0.350000 1.219286
v -10.784892 0.460654 1.135888
v -11.224752 0.239345 1.182662
v -11.238255 0.350000 1.219286
v -11.215108 0.460655 1.135888
v -11.454269 0.233400 1.096704
v -11.471939 0.349999 1.139361
v -11.435426 0.466599 1.051212
v -11.677344 0.239345 0.995192
v -11.693693 0.350000 1.030637
v -11.651090 0.460655 0.955298
v -11.995193 0.239345 0.677345
v -12.030637 0.350000 0.693694
v -11.955298 0.460655 0.651090
v -12.096704 0.233401 0.454270
v -12.139360 0.349999 0.471939
v -12.051211 0.466599 0.435426
v -12.182662 0.239345 0.224752
v -12.219286 0.350000 0.238255
v -12.135888 0.460655 0.215108
v -11.000000 0.661110 -0.000000
v -10.480968 0.605736 -0.519031
v -10.776698 0.626002 -0.539099
v -11.000000 0.605736 -0.734021
v -11.223302 0.626002 -0.539099
v -11.519032 0.605736 -0.519031
v -11.539100 0.626002 -0.223302
v -11.734021 0.605736 -0.000000
v -11.539100 0.626002 0.223302
v -11.519032 0.605736 0.519031
v -11.223302 0.626002 0.539099
v -11.000000 0.605736 0.734021
v -10.776698 0.626002 0.539099
v -10.480968 0.605736 0.519031
v -10.460900 0.626002 0.223302
v -10.265979 0.605736 -0.000000
v -10.460900 0.626002 -0.223302
v -12.182662 0.239345 -0.224752
v -12.219286 0.350000 -0.238255
v -12.135888 0.460655 -0.215108
v -12.096704 0.233400 -0.454270
v -12.139360 0.349999 -0.471939
v -12.051211 0.466599 -0.435426
v -11.995193 0.239345 -0.677345
v -12.030637 0.350000 -0.693694
v -11.955298 0.460655 -0.651090
v -11.677344 0.239345 -0.995192
v -11.693693 0.350000 -1.030637
v -11.651090 0.460655 -0.955298
v -11.454269 0.233400 -1.096704
v -11.471939 0.349999 -1.139361
v -11.435426 0.466599 -1.051212
v -11.224752 0.239345 -1.182662
v -11.238255 0.350000 -1.219286
v -11.215108 0.460655 -1.135888
v -11.000000 0.038888 -0.000000
v -11.000000 0.094263 -0.806174
v -10.753413 0.073997 -0.595314
v -10.429949 0.094263 -0.570051
v -10.404686 0.073997 -0.246587
v -10.193826 0.094263 0.000000
v -10.404686 0.073997 0.246587
v -10.429949 0.094263 0.570051
v -10.753413 0.073997 0.595314
v -11.000000 0.094263 0.806174
v -11.246587 0.073997 0.595314
v -11.570051 0.094263 0.570051
v -11.595314 0.073997 0.246587
v -11.806174 0.094263 0.000000
v -11.595314 0.073997 -0.246587
v -11.570051 0.094263 -0.570051
v -11.246587 0.073997 -0.595314
vn -0.0000 -0.0166 -0.9999
vn -0.0000 0.1261 -0.9920
vn 0.7070 -0.0166 -0.7070
vn 0.7015 0.1261 -0.7015
vn 0.9999 -0.0166 -0.0000
vn 0.9920 0.1261 -0.0000
vn 0.7070 -0.0166 0.7070
vn 0.7015 0.1261 0.7015
vn -0.0000 -0.0166 0.9999
vn -0.0000 0.1261 0.9920
vn -0.7070 -0.0166 0.7070
vn -0.7015 0.1261 0.7015
vn -0.9999 -0.0166 -0.0000
vn -0.9920 0.1261 -0.0000
vn -0.7070 -0.0166 -0.7070
vn -0.7015 0.1261 -0.7015
vn -0.0000 -0.9003 -0.4353
vn -0.0000 0.9203 -0.3912
vn 0.3078 -0.9003 -0.3078
vn 0.2766 0.9203 -0.2766
vn 0.4353 -0.9003 -0.0000
vn 0.3912 0.9203 -0.0000
vn 0.3078 -0.9003 0.3078
vn 0.2766 0.9203 0.2766
vn -0.0000 -0.9003 0.4353
vn -0.0000 0.9203 0.3912
vn -0.3078 -0.9003 0.3078
vn -0.2766 0.9203 0.2766
vn -0.4353 -0.9003 -0.0000
vn -0.3912 0.9203 -0.0000
vn -0.3078 -0.9003 -0.3078
vn -0.2766 0.9203 -0.2766
vn 0.1894 -0.0991 -0.9769
vn 0.3772 -0.1681 -0.9107
vn 0.5568 -0.0991 -0.8247
vn 0.5808 0.1377 -0.8023
vn 0.3784 0.1498 -0.9135
vn 0.1567 0.1377 -0.9780
vn -0.0000 0.0420 -0.9991
vn -0.0000 0.0816 -0.9967
vn -0.0000 0.1069 -0.9943
vn 0.7031 0.1069 -0.7031
vn 0.7047 0.0816 -0.7047
vn 0.7065 0.0420 -0.7065
vn 0.8247 -0.0991 -0.5568
vn 0.9107 -0.1681 -0.3772
vn 0.9769 -0.0991 -0.1894
vn 0.9780 0.1377 -0.1567
vn 0.9135 0.1498 -0.3784
vn 0.8023 0.1377 -0.5808
vn 0.9943 0.1069 -0.0000
vn 0.9967 0.0816 -0.0000
vn 0.9991 0.0420 -0.0000
vn 0.9769 -0.0991 0.1894
vn 0.9107 -0.1681 0.3772
vn 0.8247 -0.0991 0.5568
vn 0.8023 0.1377 0.5808
vn 0.9135 0.1498 0.3784
vn 0.9780 0.1377 0.1567
vn 0.7031 0.1069 0.7031
vn 0.7047 0.0816 0.7047
vn 0.7065 0.0420 0.7065
vn 0.5568 -0.0991 0.8247
vn 0.3772 -0.1681 0.9107
vn 0.1894 -0.0991 0.9769
vn 0.1567 0.1377 0.9780
vn 0.3784 0.1498 0.9135
vn 0.5808 0.1377 0.8023
vn -0.0000 0.1069 0.9943
vn -0.0000 0.0816 0.9967
vn -0.0000 0.0420 0.9991
vn -0.1894 -0.0991 0.9769
vn -0.3772 -0.1681 0.9107
vn -0.5568 -0.0991 0.8247
vn -0.5808 0.1377 0.8023
vn -0.3784 0.1498 0.9135
vn -0.1567 0.1377 0.9780
vn -0.7031 0.1069 0.7031
vn -0.7047 0.0816 0.7047
vn -0.7065 0.0420 0.7065
vn -0.8247 -0.0991 0.5568
vn -0.9107 -0.1681 0.3772
vn -0.9769 -0.0991 0.1894
vn -0.9780 0.1377 0.1567
vn -0.9135 0.1498 0.3784
vn -0.8023 0.1377 0.5808
vn -0.9943 0.1069 -0.0000
vn -0.9967 0.0816 -0.0000
vn -0.9991 0.0420 -0.0000
vn -0.9769 -0.0991 -0.1894
vn -0.9107 -0.1681 -0.3772
vn -0.8247 -0.0991 -0.5568
vn -0.8023 0.1377 -0.5808
vn -0.9135 0.1498 -0.3784
vn -0.9780 0.1377 -0.1567
vn -0.7031 0.1069 -0.7031
vn -0.7047 0.0816 -0.7047
vn -0.7065 0.0420 -0.7065
vn -0.5568 -0.0991 -0.8247
vn -0.3772 -0.1681 -0.9107
vn -0.1894 -0.0991 -0.9769
vn -0.1567 0.1377 -0.9780
vn -0.3784 0.1498 -0.9135
vn -0.5808 0.1377 -0.8023
vn 0.0803 -0.9346 -0.3464
vn 0.1227 -0.9472 -0.2963
vn 0.1882 -0.9346 -0.3017
vn 0.1741 0.9456 -0.2750
vn 0.1143 0.9544 -0.2759
vn 0.0713 0.9456 -0.3175
vn -0.0000 -0.5958 -0.8032
vn -0.0000 0.1622 -0.9868
vn -0.0000 0.7524 -0.6587
vn 0.4658 0.7524 -0.4658
vn 0.6977 0.1622 -0.6977
vn 0.5679 -0.5958 -0.5679
vn 0.3017 -0.9346 -0.1882
vn 0.2963 -0.9472 -0.1227
vn 0.3464 -0.9346 -0.0803
vn 0.3175 0.9456 -0.0713
vn 0.2759 0.9544 -0.1143
vn 0.2750 0.9456 -0.1741
vn 0.6587 0.7524 -0.0000
vn 0.9868 0.1622 -0.0000
vn 0.8032 -0.5958 -0.0000
vn 0.3464 -0.9346 0.0803
vn 0.2963 -0.9472 0.1227
vn 0.3017 -0.9346 0.1882
vn 0.2750 0.9456 0.1741
vn 0.2759 0.9544 0.1143
vn 0.3175 0.9456 0.0713
vn 0.4658 0.7524 0.4658
vn 0.6977 0.1622 0.6977
vn 0.5679 -0.5958 0.5679
vn 0.1882 -0.9346 0.3017
vn 0.1227 -0.9472 0.2963
vn 0.0803 -0.9346 0.3464
vn 0.0713 0.9456 0.3175
vn 0.1143 0.9544 0.2759
vn 0.1741 0.9456 0.2750
vn -0.0000 0.7524 0.6587
vn -0.0000 0.1622 0.9868
vn -0.0000 -0.5958 0.8032
vn -0.0803 -0.9346 0.3464
vn -0.1227 -0.9472 0.2963
vn -0.1882 -0.9346 0.3017
vn -0.1741 0.9456 0.2750
vn -0.1143 0.9544 0.2759
vn -0.0713 0.9456 0.3175
vn -0.4658 0.7524 0.4658
vn -0.6977 0.1622 0.6977
vn -0.5679 -0.5958 0.5679
vn -0.3017 -0.9346 0.1882
vn -0.2963 -0.9472 0.1227
vn -0.3464 -0.9346 0.0803
vn -0.3175 0.9456 0.0713
vn -0.2759 0.9544 0.1143
vn -0.2750 0.9456 0.1741
vn -0.6587 0.7524 -0.0000
vn -0.9868 0.1622 -0.0000
vn -0.8032 -0.5958 -0.0000
vn -0.3464 -0.9346 -0.0803
vn -0.2963 -0.9472 -0.1227
vn -0.3017 -0.9346 -0.1882
vn -0.2750 0.9456 -0.1741
vn -0.2759 0.9544 -0.1143
vn -0.3175 0.9456 -0.0713
vn -0.4658 0.7524 -0.4658
vn -0.6977 0.1622 -0.6977
vn -0.5679 -0.5958 -0.5679
vn -0.1882 -0.9346 -0.3017
vn -0.1227 -0.9472 -0.2963
vn -0.0803 -0.9346 -0.3464
vn -0.0713 0.9456 -0.3175
vn -0.1143 0.9544 -0.2759
vn -0.1741 0.9456 -0.2750
vn 0.2688 0.0238 -0.9629
vn 0.2389 0.0803 -0.9677
vn 0.2292 0.1135 -0.9667
vn 0.3827 0.0048 -0.9239
vn 0.3815 0.0793 -0.9210
vn 0.3799 0.1197 -0.9172
vn 0.4908 0.0238 -0.8710
vn 0.5153 0.0803 -0.8532
vn 0.5215 0.1135 -0.8456
vn 0.8710 0.0238 -0.4908
vn 0.8532 0.0803 -0.5153
vn 0.8456 0.1135 -0.5215
vn 0.9239 0.0048 -0.3827
vn 0.9210 0.0793 -0.3815
vn 0.9172 0.1197 -0.3799
vn 0.9629 0.0238 -0.2688
vn 0.9677 0.0803 -0.2389
vn 0.9667 0.1135 -0.2292
vn 0.9629 0.0238 0.2688
vn 0.9677 0.0803 0.2389
vn 0.9667 0.1135 0.2292
vn 0.9239 0.0048 0.3827
vn 0.9210 0.0793 0.3815
vn 0.9172 0.1197 0.3799
vn 0.8710 0.0238 0.4908
vn 0.8532 0.0803 0.5153
vn 0.8456 0.1135 0.5215
vn 0.4908 0.0238 0.8710
vn 0.5153 0.0803 0.8532
vn 0.5215 0.1135 0.8456
vn 0.3827 0.0048 0.9239
vn 0.3815 0.0793 0.9210
vn 0.3799 0.1197 0.9172
vn 0.2688 0.0238 0.9629
vn 0.2389 0.0803 0.9677
vn 0.2292 0.1135 0.9667
vn -0.2688 0.0238 0.9629
vn -0.2389 0.0803 0.9677
vn -0.2292 0.1135 0.9667
vn -0.3827 0.0048 0.9239
vn -0.3815 0.0793 0.9210
vn -0.3799 0.1197 0.9172
vn -0.4908 0.0238 0.8710
vn -0.5153 0.0803 0.8532
vn -0.5215 0.1135 0.8456
vn -0.8710 0.0238 0.4908
vn -0.8532 0.0803 0.5153
vn -0.8456 0.1135 0.5215
vn -0.9239 0.0048 0.3827
vn -0.9210 0.0793 0.3815
vn -0.9172 0.1197 0.3799
vn -0.9629 0.0238 0.2688
vn -0.9677 0.0803 0.2389
vn -0.9667 0.1135 0.2292
vn -0.0000 1.0000 -0.0000
vn 0.6976 0.1636 -0.6976
vn 0.3692 0.2632 -0.8913
vn -0.0000 0.1636 -0.9865
vn -0.3692 0.2632 -0.8913
vn -0.6976 0.1636 -0.6976
vn -0.8913 0.2632 -0.3692
vn -0.9865 0.1636 -0.0000
vn -0.8913 0.2632 0.3692
vn -0.6976 0.1636 0.6976
vn -0.3692 0.2632 0.8913
vn -0.0000 0.1636 0.9865
vn 0.3692 0.2632 0.8913
vn 0.6976 0.1636 0.6976
vn 0.8913 0.2632 0.3692
vn 0.9865 0.1636 -0.0000
vn 0.8913 0.2632 -0.3692
vn -0.9629 0.0238 -0.2688
vn -0.9677 0.0803 -0.2389
vn -0.9667 0.1135 -0.2292
vn -0.9239 0.0048 -0.3827
vn -0.9210 0.0793 -0.3815
vn -0.9172 0.1197 -0.3799
vn -0.8710 0.0238 -0.4908
vn -0.8532 0.0803 -0.5153
vn -0.8456 0.1135 -0.5215
vn -0.4908 0.0238 -0.8710
vn -0.5153 0.0803 -0.8532
vn -0.5215 0.1135 -0.8456
vn -0.3827 0.0048 -0.9239
vn -0.3815 0.0793 -0.9210
vn -0.3799 0.1197 -0.9172
vn -0.2688 0.0238 -0.9629
vn -0.2389 0.0803 -0.9677
vn -0.2292 0.1135 -0.9667
vn -0.0000 -1.0000 -0.0000
vn -0.0000 -0.2898 -0.9571
vn 0.3205 -0.5464 -0.7738
vn 0.6768 -0.2898 -0.6768
vn 0.7738 -0.5464 -0.3205
vn 0.9571 -0.2898 -0.0000
vn 0.7738 -0.5464 0.3205
vn 0.6768 -0.2898 0.6768
vn 0.3205 -0.5464 0.7738
vn -0.0000 -0.2898 0.9571
vn -0.3205 -0.5464 0.7738
vn -0.6768 -0.2898 0.6768
vn -0.7738 -0.5464 0.3205
vn -0.9571 -0.2898 -0.0000
vn -0.7738 -0.5464 -0.3205
vn -0.6768 -0.2898 -0.6768
vn -0.3205 -0.5464 -0.7738
vn 0.1930 -0.6304 -0.7519
vn 0.2384 0.1581 -0.9582
vn 0.1570 0.7713 -0.6168
vn 0.2870 -0.6616 -0.6928
vn 0.3781 0.1544 -0.9128
vn 0.2353 0.7886 -0.5682
vn 0.3952 -0.6304 -0.6682
vn 0.5090 0.1581 -0.8461
vn 0.3251 0.7713 -0.5472
vn 0.6682 -0.6304 -0.3952
vn 0.8461 0.1581 -0.5090
vn 0.5472 0.7713 -0.3251
vn 0.6928 -0.6616 -0.2870
vn 0.9128 0.1544 -0.3781
vn 0.5682 0.7886 -0.2353
vn 0.7519 -0.6304 -0.1930
vn 0.9582 0.1581 -0.2384
vn 0.6168 0.7713 -0.1570
vn 0.7519 -0.6304 0.1930
vn 0.9582 0.1581 0.2384
vn 0.6168 0.7713 0.1570
vn 0.6928 -0.6616 0.2870
vn 0.9128 0.1544 0.3781
vn 0.5682 0.7886 0.2353
vn 0.6682 -0.6304 0.3952
vn 0.8461 0.1581 0.5090
vn 0.5472 0.7713 0.3251
vn 0.3952 -0.6304 0.6682
vn 0.5090 0.1581 0.8461
vn 0.3251 0.7713 0.5472
vn 0.2870 -0.6616 0.6928
vn 0.3781 0.1544 0.9128
vn 0.2353 0.7886 0.5682
vn 0.1930 -0.6304 0.7519
vn 0.2384 0.1581 0.9582
vn 0.1570 0.7713 0.6168
vn -0.1930 -0.6304 0.7519
vn -0.2384 0.1581 0.9582
vn -0.1570 0.7713 0.6168
vn -0.2870 -0.6616 0.6928
vn -0.3781 0.1544 0.9128
vn -0.2353 0.7886 0.5682
vn -0.3952 -0.6304 0.6682
vn -0.5090 0.1581 0.8461
vn -0.3251 0.7713 0.5472
vn -0.6682 -0.6304 0.3952
vn -0.8461 0.1581 0.5090
vn -0.5472 0.7713 0.3251
vn -0.6928 -0.6616 0.2870
vn -0.9128 0.1544 0.3781
vn -0.5682 0.7886 0.2353
vn -0.7519 -0.6304 0.1930
vn -0.9582 0.1581 0.2384
vn -0.6168 0.7713 0.1570
vn 0.1186 0.9858 -0.1186
vn 0.0456 0.9929 -0.1101
vn -0.0000 0.9858 -0.1678
vn -0.0456 0.9929 -0.1101
vn -0.1186 0.9858 -0.1186
vn -0.1101 0.9929 -0.0456
vn -0.1678 0.9858 -0.0000
vn -0.1101 0.9929 0.0456
vn -0.1186 0.9858 0.1186
vn -0.0456 0.9929 0.1101
vn -0.0000 0.9858 0.1678
vn 0.0456 0.9929 0.1101
vn 0.1186 0.9858 0.1186
vn 0.1101 0.9929 0.0456
vn 0.1678 0.9858 -0.0000
vn 0.1101 0.9929 -0.0456
vn -0.7519 -0.6304 -0.1930
vn -0.9582 0.1581 -0.2384
vn -0.6168 0.7713 -0.1570
vn -0.6928 -0.6616 -0.2870
vn -0.9128 0.1544 -0.3781
vn -0.5682 0.7886 -0.2353
vn -0.6682 -0.6304 -0.3952
vn -0.8461 0.1581 -0.5090
vn -0.5472 0.7713 -0.3251
vn -0.3952 -0.6304 -0.6682
vn -0.5090 0.1581 -0.8461
vn -0.3251 0.7713 -0.5472
vn -0.2870 -0.6616 -0.6928
vn -0.3781 0.1544 -0.9128
vn -0.2353 0.7886 -0.5682
vn -0.1930 -0.6304 -0.7519
vn -0.2384 0.1581 -0.9582
vn -0.1570 0.7713 -0.6168
vn -0.0000 -0.9866 -0.1630
vn 0.0434 -0.9936 -0.1048
vn 0.1152 -0.9866 -0.1152
vn 0.1048 -0.9936 -0.0434
vn 0.1630 -0.9866 -0.0000
vn 0.1048 -0.9936 0.0434
vn 0.1152 -0.9866 0.1152
vn 0.0434 -0.9936 0.1048
vn -0.0000 -0.9866 0.1630
vn -0.0434 -0.9936 0.1048
vn -0.1152 -0.9866 0.1152
vn -0.1048 -0.9936 0.0434
vn -0.1630 -0.9866 -0.0000
vn -0.1048 -0.9936 -0.0434
vn -0.1152 -0.9866 -0.1152
vn -0.0434 -0.9936 -0.1048
vt 0.968750 0.625000
vt 0.968750 0.750000
vt 0.937500 0.750000
vt 0.937500 0.625000
vt 0.968750 0.875000
vt 0.937500 0.875000
vt 0.906250 0.750000
vt 0.906250 0.625000
vt 0.906250 0.875000
vt 1.000000 0.500000
vt 1.000000 0.625000
vt 0.968750 0.500000
vt 1.000000 0.750000
vt 1.000000 0.875000
vt 1.000000 1.000000
vt 0.968750 1.000000
vt 0.937500 1.000000
vt 0.906250 1.000000
vt 0.875000 1.000000
vt 0.875000 0.875000
vt 0.875000 0.750000
vt 0.875000 0.625000
vt 0.906250 0.500000
vt 0.875000 0.500000
vt 0.937500 0.500000
vt 0.843750 0.625000
vt 0.843750 0.750000
vt 0.812500 0.750000
vt 0.812500 0.625000
vt 0.843750 0.875000
vt 0.812500 0.875000
vt 0.781250 0.750000
vt 0.781250 0.625000
vt 0.781250 0.875000
vt 0.843750 0.500000
vt 0.843750 1.000000
vt 0.812500 1.000000
vt 0.781250 1.000000
vt 0.750000 1.000000
vt 0.750000 0.875000
vt 0.750000 0.750000
vt 0.750000 0.625000
vt 0.781250 0.500000
vt 0.750000 0.500000
vt 0.812500 0.500000
vt 0.718750 0.625000
vt 0.718750 0.750000
vt 0.687500 0.750000
vt 0.687500 0.625000
vt 0.718750 0.875000
vt 0.687500 0.875000
vt 0.656250 0.750000
vt 0.656250 0.625000
vt 0.656250 0.875000
vt 0.718750 0.500000
vt 0.718750 1.000000
vt 0.687500 1.000000
vt 0.656250 1.000000
vt 0.625000 1.000000
vt 0.625000 0.875000
vt 0.625000 0.750000
vt 0.625000 0.625000
vt 0.656250 0.500000
vt 0.625000 0.500000
vt 0.687500 0.500000
vt 0.593750 0.625000
vt 0.593750 0.750000
vt 0.562500 0.750000
vt 0.562500 0.625000
vt 0.593750 0.875000
vt 0.562500 0.875000
vt 0.531250 0.750000
vt 0.531250 0.625000
vt 0.531250 0.875000
vt 0.593750 0.500000
vt 0.593750 1.000000
vt 0.562500 1.000000
vt 0.531250 1.000000
vt 0.500000 1.000000
vt 0.500000 0.875000
vt 0.500000 0.750000
vt 0.500000 0.625000
vt 0.531250 0.500000
vt 0.500000 0.500000
vt 0.562500 0.500000
vt 0.468750 0.625000
vt 0.468750 0.750000
vt 0.437500 0.750000
vt 0.437500 0.625000
vt 0.468750 0.875000
vt 0.437500 0.875000
vt 0.406250 0.750000
vt 0.406250 0.625000
vt 0.406250 0.875000
vt 0.468750 0.500000
vt 0.468750 1.000000
vt 0.437500 1.000000
vt 0.406250 1.000000
vt 0.375000 1.000000
vt 0.375000 0.875000
vt 0.375000 0.750000
vt 0.375000 0.625000
vt 0.406250 0.500000
vt 0.375000 0.500000
vt 0.437500 0.500000
vt 0.343750 0.625000
vt 0.343750 0.750000
vt 0.312500 0.750000
vt 0.312500 0.625000
vt 0.343750 0.875000
vt 0.312500 0.875000
vt 0.281250 0.750000
vt 0.281250 0.625000
vt 0.281250 0.875000
vt 0.343750 0.500000
vt 0.343750 1.000000
vt 0.312500 1.000000
vt 0.281250 1.000000
vt 0.250000 1.000000
vt 0.250000 0.875000
vt 0.250000 0.750000
vt 0.250000 0.625000
vt 0.281250 0.500000
vt 0.250000 0.500000
vt 0.312500 0.500000
vt 0.367698 0.367698
vt 0.301054 0.373256
vt 0.250000 0.250000
vt 0.373256 0.301054
vt 0.250000 0.416450
vt 0.198946 0.373256
vt 0.132302 0.367698
vt 0.126744 0.301054
vt 0.083550 0.250000
vt 0.126744 0.198946
vt 0.132302 0.132302
vt 0.198946 0.126744
vt 0.250000 0.083550
vt 0.301054 0.126744
vt 0.367698 0.132302
vt 0.373256 0.198946
vt 0.416450 0.250000
vt 0.419706 0.419706
vt 0.377279 0.437279
vt 0.437279 0.377279
vt 0.334853 0.454853
vt 0.454853 0.334853
vt 0.250000 0.490000
vt 0.207574 0.472426
vt 0.292426 0.472426
vt 0.165147 0.454853
vt 0.080294 0.419706
vt 0.062721 0.377279
vt 0.122721 0.437279
vt 0.045147 0.334853
vt 0.010000 0.250000
vt 0.027574 0.207574
vt 0.027574 0.292426
vt 0.045147 0.165147
vt 0.080294 0.080294
vt 0.122721 0.062721
vt 0.062721 0.122721
vt 0.165147 0.045147
vt 0.250000 0.010000
vt 0.292426 0.027574
vt 0.207574 0.027574
vt 0.334853 0.045147
vt 0.419706 0.080294
vt 0.437279 0.122721
vt 0.377279 0.062721
vt 0.454853 0.165147
vt 0.490000 0.250000
vt 0.472426 0.292426
vt 0.472426 0.207574
vt 0.218750 0.625000
vt 0.218750 0.750000
vt 0.187500 0.750000
vt 0.187500 0.625000
vt 0.218750 0.875000
vt 0.187500 0.875000
vt 0.156250 0.750000
vt 0.156250 0.625000
vt 0.156250 0.875000
vt 0.218750 0.500000
vt 0.218750 1.000000
vt 0.187500 1.000000
vt 0.156250 1.000000
vt 0.125000 1.000000
vt 0.125000 0.875000
vt 0.125000 0.750000
vt 0.125000 0.625000
vt 0.156250 0.500000
vt 0.125000 0.500000
vt 0.187500 0.500000
vt 0.093750 0.625000
vt 0.093750 0.750000
vt 0.062500 0.750000
vt 0.062500 0.625000
vt 0.093750 0.875000
vt 0.062500 0.875000
vt 0.031250 0.750000
vt 0.031250 0.625000
vt 0.031250 0.875000
vt 0.093750 0.500000
vt 0.093750 1.000000
vt 0.062500 1.000000
vt 0.031250 1.000000
vt 0.000000 1.000000
vt 0.000000 0.875000
vt 0.000000 0.750000
vt 0.000000 0.625000
vt 0.031250 0.500000
vt 0.000000 0.500000
vt 0.062500 0.500000
vt 0.750000 0.416450
vt 0.801054 0.373256
vt 0.750000 0.250000
vt 0.698946 0.373256
vt 0.867698 0.367698
vt 0.873256 0.301054
vt 0.916450 0.250000
vt 0.873256 0.198946
vt 0.867698 0.132302
vt 0.801054 0.126744
vt 0.750000 0.083550
vt 0.698946 0.126744
vt 0.632302 0.132302
vt 0.626744 0.198946
vt 0.583550 0.250000
vt 0.626744 0.301054
vt 0.632302 0.367698
vt 0.750000 0.490000
vt 0.792426 0.472426
vt 0.707574 0.472426
vt 0.834853 0.454853
vt 0.665147 0.454853
vt 0.919706 0.419706
vt 0.937279 0.377279
vt 0.877279 0.437279
vt 0.954853 0.334853
vt 0.990000 0.250000
vt 0.972427 0.207574
vt 0.972427 0.292426
vt 0.954853 0.165147
vt 0.919706 0.080294
vt 0.877279 0.062721
vt 0.937279 0.122721
vt 0.834853 0.045147
vt 0.750000 0.010000
vt 0.707574 0.027574
vt 0.792426 0.027574
vt 0.665147 0.045147
vt 0.580294 0.080294
vt 0.562721 0.122721
vt 0.622721 0.062721
vt 0.545147 0.165147
vt 0.510000 0.250000
vt 0.527574 0.292426
vt 0.527574 0.207574
vt 0.545147 0.334853
vt 0.580294 0.419706
vt 0.622721 0.437279
vt 0.562721 0.377279
vt 0.367698 0.367698
vt 0.301054 0.373256
vt 0.250000 0.416450
vt 0.198946 0.373256
vt 0.132302 0.367698
vt 0.083550 0.250000
vt 0.301054 0.126744
vt 0.367698 0.132302
vt 0.373256 0.198946
vt 0.416450 0.250000
vt 0.080294 0.419706
vt 0.062721 0.377279
vt 0.122721 0.437279
vt 0.045147 0.334853
vt 0.027574 0.207574
vt 0.027574 0.292426
vt 0.045147 0.165147
vt 0.080294 0.080294
vt 0.122721 0.062721
vt 0.062721 0.122721
vt 0.165147 0.045147
vt 0.292426 0.027574
vt 0.207574 0.027574
vt 0.334853 0.045147
vt 0.419706 0.080294
vt 0.437279 0.122721
vt 0.377279 0.062721
vt 0.750000 0.416450
vt 0.698946 0.373256
vt 0.867698 0.367698
vt 0.626744 0.198946
vt 0.626744 0.301054
vt 0.632302 0.367698
vt 0.919706 0.080294
vt 0.877279 0.062721
vt 0.937279 0.122721
vt 0.834853 0.045147
vt 0.707574 0.027574
vt 0.792426 0.027574
vt 0.665147 0.045147
vt 0.580294 0.080294
vt 0.562721 0.122721
vt 0.622721 0.062721
s 1
f 177/1/177 178/2/178 181/3/181 180/4/180
f 178/2/178 179/5/179 182/6/182 181/3/181
f 180/4/180 181/3/181 184/7/184 183/8/183
f 181/3/181 182/6/182 185/9/185 184/7/184
f 1/10/1 39/11/39 177/1/177 33/12/33
f 39/11/39 40/13/40 178/2/178 177/1/177
f 40/13/40 41/14/41 179/5/179 178/2/178
f 41/14/41 2/15/2 38/16/38 179/5/179
f 179/5/179 38/16/38 37/17/37 182/6/182
f 182/6/182 37/17/37 36/18/36 185/9/185
f 185/9/185 36/18/36 4/19/4 42/20/42
f 184/7/184 185/9/185 42/20/42 43/21/43
f 183/8/183 184/7/184 43/21/43 44/22/44
f 35/23/35 183/8/183 44/22/44 3/24/3
f 34/25/34 180/4/180 183/8/183 35/23/35
f 33/12/33 177/1/177 180/4/180 34/25/34
f 186/26/186 187/27/187 190/28/190 189/29/189
f 187/27/187 188/30/188 191/31/191 190/28/190
f 189/29/189 190/28/190 193/32/193 192/33/192
f 190/28/190 191/31/191 194/34/194 193/32/193
f 3/24/3 44/22/44 186/26/186 45/35/45
f 44/22/44 43/21/43 187/27/187 186/26/186
f 43/21/43 42/20/42 188/30/188 187/27/187
f 42/20/42 4/19/4 50/36/50 188/30/188
f 188/30/188 50/36/50 49/37/49 191/31/191
f 191/31/191 49/37/49 48/38/48 194/34/194
f 194/34/194 48/38/48 6/39/6 51/40/51
f 193/32/193 194/34/194 51/40/51 52/41/52
f 192/33/192 193/32/193 52/41/52 53/42/53
f 47/43/47 192/33/192 53/42/53 5/44/5
f 46/45/46 189/29/189 192/33/192 47/43/47
f 45/35/45 186/26/186 189/29/189 46/45/46
f 195/46/195 196/47/196 199/48/199 198/49/198
f 196/47/196 197/50/197 200/51/200 199/48/199
f 198/49/198 199/48/199 202/52/202 201/53/201
f 199/48/199 200/51/200 203/54/203 202/52/202
f 5/44/5 53/42/53 195/46/195 54/55/54
f 53/42/53 52/41/52 196/47/196 195/46/195
f 52/41/52 51/40/51 197/50/197 196/47/196
f 51/40/51 6/39/6 59/56/59 197/50/197
f 197/50/197 59/56/59 58/57/58 200/51/200
f 200/51/200 58/57/58 57/58/57 203/54/203
f 203/54/203 57/58/57 8/59/8 60/60/60
f 202/52/202 203/54/203 60/60/60 61/61/61
f 201/53/201 202/52/202 61/61/61 62/62/62
f 56/63/56 201/53/201 62/62/62 7/64/7
f 55/65/55 198/49/198 201/53/201 56/63/56
f 54/55/54 195/46/195 198/49/198 55/65/55
f 204/66/204 205/67/205 208/68/208 207/69/207
f 205/67/205 206/70/206 209/71/209 208/68/208
f 207/69/207 208/68/208 211/72/211 210/73/210
f 208/68/208 209/71/209 212/74/212 211/72/211
f 7/64/7 62/62/62 204/66/204 63/75/63
f 62/62/62 61/61/61 205/67/205 204/66/204
f 61/61/61 60/60/60 206/70/206 205/67/205
f 60/60/60 8/59/8 68/76/68 206/70/206
f 206/70/206 68/76/68 67/77/67 209/71/209
f 209/71/209 67/77/67 66/78/66 212/74/212
f 212/74/212 66/78/66 10/79/10 69/80/69
f 211/72/211 212/74/212 69/80/69 70/81/70
f 210/73/210 211/72/211 70/81/70 71/82/71
f 65/83/65 210/73/210 71/82/71 9/84/9
f 64/85/64 207/69/207 210/73/210 65/83/65
f 63/75/63 204/66/204 207/69/207 64/85/64
f 213/86/213 214/87/214 217/88/217 216/89/216
f 214/87/214 215/90/215 218/91/218 217/88/217
f 216/89/216 217/88/217 220/92/220 219/93/219
f 217/88/217 218/91/218 221/94/221 220/92/220
f 9/84/9 71/82/71 213/86/213 72/95/72
f 71/82/71 70/81/70 214/87/214 213/86/213
f 70/81/70 69/80/69 215/90/215 214/87/214
f 69/80/69 10/79/10 77/96/77 215/90/215
f 215/90/215 77/96/77 76/97/76 218/91/218
f 218/91/218 76/97/76 75/98/75 221/94/221
f 221/94/221 75/98/75 12/99/12 78/100/78
f 220/92/220 221/94/221 78/100/78 79/101/79
f 219/93/219 220/92/220 79/101/79 80/102/80
f 74/103/74 219/93/219 80/102/80 11/104/11
f 73/105/73 216/89/216 219/93/219 74/103/74
f 72/95/72 213/86/213 216/89/216 73/105/73
f 222/106/222 223/107/223 226/108/226 225/109/225
f 223/107/223 224/110/224 227/111/227 226/108/226
f 225/109/225 226/108/226 229/112/229 228/113/228
f 226/108/226 227/111/227 230/114/230 229/112/229
f 11/104/11 80/102/80 222/106/222 81/115/81
f 80/102/80 79/101/79 223/107/223 222/106/222
f 79/101/79 78/100/78 224/110/224 223/107/223
f 78/100/78 12/99/12 86/116/86 224/110/224
f 224/110/224 86/116/86 85/117/85 227/111/227
f 227/111/227 85/117/85 84/118/84 230/114/230
f 230/114/230 84/118/84 14/119/14 87/120/87
f 229/112/229 230/114/230 87/120/87 88/121/88
f 228/113/228 229/112/229 88/121/88 89/122/89
f 83/123/83 228/113/228 89/122/89 13/124/13
f 82/125/82 225/109/225 228/113/228 83/123/83
f 81/115/81 222/106/222 225/109/225 82/125/82
f 232/126/232 233/127/233 231/128/231 247/129/247
f 234/130/234 235/131/235 231/128/231 233/127/233
f 236/132/236 237/133/237 231/128/231 235/131/235
f 238/134/238 239/135/239 231/128/231 237/133/237
f 240/136/240 241/137/241 231/128/231 239/135/239
f 242/138/242 243/139/243 231/128/231 241/137/241
f 244/140/244 245/141/245 231/128/231 243/139/243
f 246/142/246 247/129/247 231/128/231 245/141/245
f 4/143/4 36/144/36 232/126/232 50/145/50
f 36/144/36 37/146/37 233/127/233 232/126/232
f 50/145/50 232/126/232 247/129/247 49/147/49
f 2/148/2 102/149/102 234/130/234 38/150/38
f 102/149/102 103/151/103 235/131/235 234/130/234
f 38/150/38 234/130/234 233/127/233 37/146/37
f 16/152/16 93/153/93 236/132/236 104/154/104
f 93/153/93 94/155/94 237/133/237 236/132/236
f 104/154/104 236/132/236 235/131/235 103/151/103
f 14/156/14 84/157/84 238/134/238 95/158/95
f 84/157/84 85/159/85 239/135/239 238/134/238
f 95/158/95 238/134/238 237/133/237 94/155/94
f 12/160/12 75/161/75 240/136/240 86/162/86
f 75/161/75 76/163/76 241/137/241 240/136/240
f 86/162/86 240/136/240 239/135/239 85/159/85
f 10/164/10 66/165/66 242/138/242 77/166/77
f 66/165/66 67/167/67 243/139/243 242/138/242
f 77/166/77 242/138/242 241/137/241 76/163/76
f 8/168/8 57/169/57 244/140/244 68/170/68
f 57/169/57 58/171/58 245/141/245 244/140/244
f 68/170/68 244/140/244 243/139/243 67/167/67
f 6/172/6 48/173/48 246/142/246 59/174/59
f 48/173/48 49/147/49 247/129/247 246/142/246
f 59/174/59 246/142/246 245/141/245 58/171/58
f 248/175/248 249/176/249 252/177/252 251/178/251
f 249/176/249 250/179/250 253/180/253 252/177/252
f 251/178/251 252/177/252 255/181/255 254/182/254
f 252/177/252 253/180/253 256/183/256 255/181/255
f 13/124/13 89/122/89 248/175/248 90/184/90
f 89/122/89 88/121/88 249/176/249 248/175/248
f 88/121/88 87/120/87 250/179/250 249/176/249
f 87/120/87 14/119/14 95/185/95 250/179/250
f 250/179/250 95/185/95 94/186/94 253/180/253
f 253/180/253 94/186/94 93/187/93 256/183/256
f 256/183/256 93/187/93 16/188/16 96/189/96
f 255/181/255 256/183/256 96/189/96 97/190/97
f 254/182/254 255/181/255 97/190/97 98/191/98
f 92/192/92 254/182/254 98/191/98 15/193/15
f 91/194/91 251/178/251 254/182/254 92/192/92
f 90/184/90 248/175/248 251/178/251 91/194/91
f 257/195/257 258/196/258 261/197/261 260/198/260
f 258/196/258 259/199/259 262/200/262 261/197/261
f 260/198/260 261/197/261 264/201/264 263/202/263
f 261/197/261 262/200/262 265/203/265 264/201/264
f 15/193/15 98/191/98 257/195/257 99/204/99
f 98/191/98 97/190/97 258/196/258 257/195/257
f 97/190/97 96/189/96 259/199/259 258/196/258
f 96/189/96 16/188/16 104/205/104 259/199/259
f 259/199/259 104/205/104 103/206/103 262/200/262
f 262/200/262 103/206/103 102/207/102 265/203/265
f 265/203/265 102/207/102 2/208/2 41/209/41
f 264/201/264 265/203/265 41/209/41 40/210/40
f 263/202/263 264/201/264 40/210/40 39/211/39
f 101/212/101 263/202/263 39/211/39 1/213/1
f 100/214/100 260/198/260 263/202/263 101/212/101
f 99/204/99 257/195/257 260/198/260 100/214/100
f 267/215/267 268/216/268 266/217/266 282/218/282
f 269/219/269 270/220/270 266/217/266 268/216/268
f 271/221/271 272/222/272 266/217/266 270/220/270
f 273/223/273 274/224/274 266/217/266 272/222/272
f 275/225/275 276/226/276 266/217/266 274/224/274
f 277/227/277 278/228/278 266/217/266 276/226/276
f 279/229/279 280/230/280 266/217/266 278/228/278
f 281/231/281 282/218/282 266/217/266 280/230/280
f 1/232/1 33/233/33 267/215/267 101/234/101
f 33/233/33 34/235/34 268/216/268 267/215/267
f 101/234/101 267/215/267 282/218/282 100/236/100
f 3/237/3 45/238/45 269/219/269 35/239/35
f 45/238/45 46/240/46 270/220/270 269/219/269
f 35/239/35 269/219/269 268/216/268 34/235/34
f 5/241/5 54/242/54 271/221/271 47/243/47
f 54/242/54 55/244/55 272/222/272 271/221/271
f 47/243/47 271/221/271 270/220/270 46/240/46
f 7/245/7 63/246/63 273/223/273 56/247/56
f 63/246/63 64/248/64 274/224/274 273/223/273
f 56/247/56 273/223/273 272/222/272 55/244/55
f 9/249/9 72/250/72 275/225/275 65/251/65
f 72/250/72 73/252/73 276/226/276 275/225/275
f 65/251/65 275/225/275 274/224/274 64/248/64
f 11/253/11 81/254/81 277/227/277 74/255/74
f 81/254/81 82/256/82 278/228/278 277/227/277
f 74/255/74 277/227/277 276/226/276 73/252/73
f 13/257/13 90/258/90 279/229/279 83/259/83
f 90/258/90 91/260/91 280/230/280 279/229/279
f 83/259/83 279/229/279 278/228/278 82/256/82
f 15/261/15 99/262/99 281/231/281 92/263/92
f 99/262/99 100/236/100 282/218/282 281/231/281
f 92/263/92 281/231/281 280/230/280 91/260/91
f 283/1/283 284/2/284 287/3/287 286/4/286
f 284/2/284 285/5/285 288/6/288 287/3/287
f 286/4/286 287/3/287 290/7/290 289/8/289
f 287/3/287 288/6/288 291/9/291 290/7/290
f 17/10/17 111/11/111 283/1/283 105/12/105
f 111/11/111 112/13/112 284/2/284 283/1/283
f 112/13/112 113/14/113 285/5/285 284/2/284
f 113/14/113 18/15/18 110/16/110 285/5/285
f 285/5/285 110/16/110 109/17/109 288/6/288
f 288/6/288 109/17/109 108/18/108 291/9/291
f 291/9/291 108/18/108 20/19/20 114/20/114
f 290/7/290 291/9/291 114/20/114 115/21/115
f 289/8/289 290/7/290 115/21/115 116/22/116
f 107/23/107 289/8/289 116/22/116 19/24/19
f 106/25/106 286/4/286 289/8/289 107/23/107
f 105/12/105 283/1/283 286/4/286 106/25/106
f 292/26/292 293/27/293 296/28/296 295/29/295
f 293/27/293 294/30/294 297/31/297 296/28/296
f 295/29/295 296/28/296 299/32/299 298/33/298
f 296/28/296 297/31/297 300/34/300 299/32/299
f 19/24/19 116/22/116 292/26/292 117/35/117
f 116/22/116 115/21/115 293/27/293 292/26/292
f 115/21/115 114/20/114 294/30/294 293/27/293
f 114/20/114 20/19/20 122/36/122 294/30/294
f 294/30/294 122/36/122 121/37/121 297/31/297
f 297/31/297 121/37/121 120/38/120 300/34/300
f 300/34/300 120/38/120 22/39/22 123/40/123
f 299/32/299 300/34/300 123/40/123 124/41/124
f 298/33/298 299/32/299 124/41/124 125/42/125
f 119/43/119 298/33/298 125/42/125 21/44/21
f 118/45/118 295/29/295 298/33/298 119/43/119
f 117/35/117 292/26/292 295/29/295 118/45/118
f 301/46/301 302/47/302 305/48/305 304/49/304
f 302/47/302 303/50/303 306/51/306 305/48/305
f 304/49/304 305/48/305 308/52/308 307/53/307
f 305/48/305 306/51/306 309/54/309 308/52/308
f 21/44/21 125/42/125 301/46/301 126/55/126
f 125/42/125 124/41/124 302/47/302 301/46/301
f 124/41/124 123/40/123 303/50/303 302/47/302
f 123/40/123 22/39/22 131/56/131 303/50/303
f 303/50/303 131/56/131 130/57/130 306/51/306
f 306/51/306 130/57/130 129/58/129 309/54/309
f 309/54/309 129/58/129 24/59/24 132/60/132
f 308/52/308 309/54/309 132/60/132 133/61/133
f 307/53/307 308/52/308 133/61/133 134/62/134
f 128/63/128 307/53/307 134/62/134 23/64/23
f 127/65/127 304/49/304 307/53/307 128/63/128
f 126/55/126 301/46/301 304/49/304 127/65/127
f 310/66/310 311/67/311 314/68/314 313/69/313
f 311/67/311 312/70/312 315/71/315 314/68/314
f 313/69/313 314/68/314 317/72/317 316/73/316
f 314/68/314 315/71/315 318/74/318 317/72/317
f 23/64/23 134/62/134 310/66/310 135/75/135
f 134/62/134 133/61/133 311/67/311 310/66/310
f 133/61/133 132/60/132 312/70/312 311/67/311
f 132/60/132 24/59/24 140/76/140 312/70/312
f 312/70/312 140/76/140 139/77/139 315/71/315
f 315/71/315 139/77/139 138/78/138 318/74/318
f 318/74/318 138/78/138 26/79/26 141/80/141
f 317/72/317 318/74/318 141/80/141 142/81/142
f 316/73/316 317/72/317 142/81/142 143/82/143
f 137/83/137 316/73/316 143/82/143 25/84/25
f 136/85/136 313/69/313 316/73/316 137/83/137
f 135/75/135 310/66/310 313/69/313 136/85/136
f 319/86/319 320/87/320 323/88/323 322/89/322
f 320/87/320 321/90/321 324/91/324 323/88/323
f 322/89/322 323/88/323 326/92/326 325/93/325
f 323/88/323 324/91/324 327/94/327 326/92/326
f 25/84/25 143/82/143 319/86/319 144/95/144
f 143/82/143 142/81/142 320/87/320 319/86/319
f 142/81/142 141/80/141 321/90/321 320/87/320
f 141/80/141 26/79/26 149/96/149 321/90/321
f 321/90/321 149/96/149 148/97/148 324/91/324
f 324/91/324 148/97/148 147/98/147 327/94/327
f 327/94/327 147/98/147 28/99/28 150/100/150
f 326/92/326 327/94/327 150/100/150 151/101/151
f 325/93/325 326/92/326 151/101/151 152/102/152
f 146/103/146 325/93/325 152/102/152 27/104/27
f 145/105/145 322/89/322 325/93/325 146/103/146
f 144/95/144 319/86/319 322/89/322 145/105/145
f 328/106/328 329/107/329 332/108/332 331/109/331
f 329/107/329 330/110/330 333/111/333 332/108/332
f 331/109/331 332/108/332 335/112/335 334/113/334
f 332/108/332 333/111/333 336/114/336 335/112/335
f 27/104/27 152/102/152 328/106/328 153/115/153
f 152/102/152 151/101/151 329/107/329 328/106/328
f 151/101/151 150/100/150 330/110/330 329/107/329
f 150/100/150 28/99/28 158/116/158 330/110/330
f 330/110/330 158/116/158 157/117/157 333/111/333
f 333/111/333 157/117/157 156/118/156 336/114/336
f 336/114/336 156/118/156 30/119/30 159/120/159
f 335/112/335 336/114/336 159/120/159 160/121/160
f 334/113/334 335/112/335 160/121/160 161/122/161
f 155/123/155 334/113/334 161/122/161 29/124/29
f 154/125/154 331/109/331 334/113/334 155/123/155
f 153/115/153 328/106/328 331/109/331 154/125/154
f 338/264/337 339/265/338 337/128/231 353/129/352
f 340/266/339 341/267/340 337/128/231 339/265/338
f 342/268/341 343/133/342 337/128/231 341/267/340
f 344/269/343 345/135/344 337/128/231 343/133/342
f 346/136/345 347/137/346 337/128/231 345/135/344
f 348/138/347 349/270/348 337/128/231 347/137/346
f 350/271/349 351/272/350 337/128/231 349/270/348
f 352/273/351 353/129/352 337/128/231 351/272/350
f 20/143/20 108/144/108 338/264/337 122/145/122
f 108/144/108 109/146/109 339/265/338 338/264/337
f 122/145/122 338/264/337 353/129/352 121/147/121
f 18/148/18 174/149/174 340/266/339 110/150/110
f 174/149/174 175/151/175 341/267/340 340/266/339
f 110/150/110 340/266/339 339/265/338 109/146/109
f 32/274/32 165/275/165 342/268/341 176/276/176
f 165/275/165 166/277/166 343/133/342 342/268/341
f 176/276/176 342/268/341 341/267/340 175/151/175
f 30/156/30 156/278/156 344/269/343 167/279/167
f 156/278/156 157/280/157 345/135/344 344/269/343
f 167/279/167 344/269/343 343/133/342 166/277/166
f 28/281/28 147/282/147 346/136/345 158/283/158
f 147/282/147 148/284/148 347/137/346 346/136/345
f 158/283/158 346/136/345 345/135/344 157/280/157
f 26/164/26 138/285/138 348/138/347 149/286/149
f 138/285/138 139/287/139 349/270/348 348/138/347
f 149/286/149 348/138/347 347/137/346 148/284/148
f 24/288/24 129/289/129 350/271/349 140/290/140
f 129/289/129 130/171/130 351/272/350 350/271/349
f 140/290/140 350/271/349 349/270/348 139/287/139
f 22/172/22 120/173/120 352/273/351 131/174/131
f 120/173/120 121/147/121 353/129/352 352/273/351
f 131/174/131 352/273/351 351/272/350 130/171/130
f 354/175/353 355/176/354 358/177/357 357/178/356
f 355/176/354 356/179/355 359/180/358 358/177/357
f 357/178/356 358/177/357 361/181/360 360/182/359
f 358/177/357 359/180/358 362/183/361 361/181/360
f 29/124/29 161/122/161 354/175/353 162/184/162
f 161/122/161 160/121/160 355/176/354 354/175/353
f 160/121/160 159/120/159 356/179/355 355/176/354
f 159/120/159 30/119/30 167/185/167 356/179/355
f 356/179/355 167/185/167 166/186/166 359/180/358
f 359/180/358 166/186/166 165/187/165 362/183/361
f 362/183/361 165/187/165 32/188/32 168/189/168
f 361/181/360 362/183/361 168/189/168 169/190/169
f 360/182/359 361/181/360 169/190/169 170/191/170
f 164/192/164 360/182/359 170/191/170 31/193/31
f 163/194/163 357/178/356 360/182/359 164/192/164
f 162/184/162 354/175/353 357/178/356 163/194/163
f 363/195/362 364/196/363 367/197/366 366/198/365
f 364/196/363 365/199/364 368/200/367 367/197/366
f 366/198/365 367/197/366 370/201/369 369/202/368
f 367/197/366 368/200/367 371/203/370 370/201/369
f 31/193/31 170/191/170 363/195/362 171/204/171
f 170/191/170 169/190/169 364/196/363 363/195/362
f 169/190/169 168/189/168 365/199/364 364/196/363
f 168/189/168 32/188/32 176/205/176 365/199/364
f 365/199/364 176/205/176 175/206/175 368/200/367
f 368/200/367 175/206/175 174/207/174 371/203/370
f 371/203/370 174/207/174 18/208/18 113/209/113
f 370/201/369 371/203/370 113/209/113 112/210/112
f 369/202/368 370/201/369 112/210/112 111/211/111
f 173/212/173 369/202/368 111/211/111 17/213/17
f 172/214/172 366/198/365 369/202/368 173/212/173
f 171/204/171 363/195/362 366/198/365 172/214/172
f 373/291/371 374/216/372 372/217/266 388/292/386
f 375/293/373 376/220/374 372/217/266 374/216/372
f 377/221/375 378/222/376 372/217/266 376/220/374
f 379/223/377 380/224/378 372/217/266 378/222/376
f 381/225/379 382/226/380 372/217/266 380/224/378
f 383/227/381 384/294/382 372/217/266 382/226/380
f 385/229/383 386/295/384 372/217/266 384/294/382
f 387/296/385 388/292/386 372/217/266 386/295/384
f 17/232/17 105/233/105 373/291/371 173/234/173
f 105/233/105 106/235/106 374/216/372 373/291/371
f 173/234/173 373/291/371 388/292/386 172/236/172
f 19/237/19 117/238/117 375/293/373 107/239/107
f 117/238/117 118/240/118 376/220/374 375/293/373
f 107/239/107 375/293/373 374/216/372 106/235/106
f 21/241/21 126/242/126 377/221/375 119/243/119
f 126/242/126 127/244/127 378/222/376 377/221/375
f 119/243/119 377/221/375 376/220/374 118/240/118
f 23/297/23 135/298/135 379/223/377 128/299/128
f 135/298/135 136/300/136 380/224/378 379/223/377
f 128/299/128 379/223/377 378/222/376 127/244/127
f 25/249/25 144/301/144 381/225/379 137/302/137
f 144/301/144 145/303/145 382/226/380 381/225/379
f 137/302/137 381/225/379 380/224/378 136/300/136
f 27/304/27 153/305/153 383/227/381 146/306/146
f 153/305/153 154/256/154 384/294/382 383/227/381
f 146/306/146 383/227/381 382/226/380 145/303/145
f 29/257/29 162/258/162 385/229/383 155/259/155
f 162/258/162 163/260/163 386/295/384 385/229/383
f 155/259/155 385/229/383 384/294/382 154/256/154
f 31/261/31 171/262/171 387/296/385 164/263/164
f 171/262/171 172/236/172 388/292/386 387/296/385
f 164/263/164 387/296/385 386/295/384 163/260/163
o fork_energy_smooth
v 1.464252 2.767672 -1.009040
v 1.464252 6.004360 0.572176
v 1.678590 2.731561 -0.927934
v 1.588057 5.983501 0.619025
v 1.767372 2.644382 -0.732126
v 1.639339 5.933146 0.732126
v 1.678590 2.557202 -0.536319
v 1.588057 5.882790 0.845228
v 1.464252 2.521091 -0.455212
v 1.464252 5.861931 0.892076
v 1.249914 2.557202 -0.536319
v 1.340447 5.882790 0.845228
v 1.161132 2.644382 -0.732126
v 1.289165 5.933146 0.732126
v 1.249914 2.731561 -0.927934
v 1.340447 5.983501 0.619025
v 0.000000 -0.909397 0.000000
v 0.875127 -0.240864 0.635810
v -0.334264 -0.240864 1.028770
v -1.081715 -0.240860 0.000000
v -0.334264 -0.240864 -1.028770
v 0.875127 -0.240864 -0.635810
v 0.334264 0.840864 1.028770
v -0.875127 0.840864 0.635811
v -0.875127 0.840863 -0.635811
v 0.334264 0.840864 -1.028770
v 1.081715 0.840860 -0.000000
v -0.000001 1.509396 -0.000000
v -0.195326 -0.722763 0.601157
v 0.511377 -0.722764 0.371533
v 0.316052 -0.332107 0.972695
v 1.022756 -0.332105 0.000000
v 0.511377 -0.722764 -0.371533
v -0.632097 -0.722762 -0.000000
v -0.827427 -0.332105 0.601158
v -0.195326 -0.722763 -0.601157
v -0.827427 -0.332105 -0.601159
v 0.316053 -0.332107 -0.972695
v 1.143479 0.299999 0.371535
v 1.143479 0.299999 -0.371535
v -0.000000 0.299999 1.202322
v 0.706708 0.299999 0.972698
v -1.143479 0.299999 0.371535
v -0.706709 0.299999 0.972699
v -0.706709 0.299999 -0.972699
v -1.143479 0.299999 -0.371535
v 0.706708 0.299999 -0.972699
v -0.000000 0.299999 -1.202323
v 0.827426 0.932104 0.601159
v -0.316053 0.932105 0.972695
v -1.022756 0.932104 0.000000
v -0.316053 0.932105 -0.972695
v 0.827426 0.932103 -0.601159
v 0.195325 1.322762 0.601157
v 0.632097 1.322760 0.000000
v -0.511377 1.322762 0.371533
v -0.511377 1.322762 -0.371534
v 0.195325 1.322762 -0.601157
v -1.464252 2.521092 0.455212
v -1.464252 5.861931 -0.892075
v -1.249914 2.557203 0.536319
v -1.340447 5.882789 -0.845227
v -1.161132 2.644382 0.732126
v -1.289165 5.933145 -0.732126
v -1.249914 2.731561 0.927933
v -1.340447 5.983501 -0.619024
v -1.464252 2.767672 1.009039
v -1.464252 6.004359 -0.572176
v -1.678590 2.731561 0.927933
v -1.588057 5.983501 -0.619024
v -1.767372 2.644382 0.732126
v -1.639339 5.933145 -0.732126
v -1.678590 2.557203 0.536319
v -1.588057 5.882789 -0.845227
v -0.501023 2.740297 -0.049658
v -0.501023 6.323080 -0.423894
v -0.286685 2.752653 0.038259
v -0.377218 6.330217 -0.373112
v -0.197903 2.782483 0.250511
v -0.325936 6.347447 -0.250512
v -0.286685 2.812314 0.462763
v -0.377218 6.364677 -0.127911
v -0.501023 2.824669 0.550681
v -0.501023 6.371815 -0.077129
v -0.715361 2.812314 0.462764
v -0.624828 6.364677 -0.127911
v -0.804143 2.782484 0.250511
v -0.676110 6.347447 -0.250512
v -0.715361 2.752653 0.038259
v -0.624828 6.330217 -0.373112
v 0.501023 2.824669 -0.550681
v 0.501023 6.371815 0.077129
v 0.715361 2.812313 -0.462764
v 0.624828 6.364677 0.127912
v 0.804143 2.782483 -0.250512
v 0.676110 6.347447 0.250512
v 0.715361 2.752653 -0.038260
v 0.624828 6.330217 0.373112
v 0.501023 2.740297 0.049658
v 0.501023 6.323080 0.423894
v 0.286685 2.752653 -0.038259
v 0.377218 6.330217 0.373112
v 0.197904 2.782483 -0.250512
v 0.325937 6.347447 0.250512
v 0.286685 2.812313 -0.462764
v 0.377218 6.364677 0.127912
v 1.507947 2.521112 -1.100782
v 1.570773 2.388637 -1.127492
v 1.636044 2.499531 -1.052309
v 1.556433 6.223400 0.725727
v 1.518880 6.347130 0.772078
v 1.486683 6.235151 0.699333
v 1.464252 3.437326 -0.713270
v 1.464252 4.400932 -0.251935
v 1.464252 5.354987 0.230851
v 1.621780 5.328447 0.290461
v 1.659256 4.368079 -0.178145
v 1.680127 3.400957 -0.631582
v 1.697838 2.474397 -0.995858
v 1.721416 2.327365 -0.989873
v 1.750898 2.422296 -0.878835
v 1.617047 6.182127 0.818426
v 1.596137 6.315707 0.842655
v 1.588155 6.210497 0.754706
v 1.687031 5.264375 0.434370
v 1.740029 4.288764 0.000000
v 1.769546 3.313152 -0.434370
v 1.750898 2.386751 -0.799001
v 1.721416 2.240713 -0.795249
v 1.697838 2.334649 -0.681978
v 1.588155 6.135510 0.923129
v 1.596136 6.271269 0.942466
v 1.617047 6.163880 0.859409
v 1.621780 5.200302 0.578280
v 1.659256 4.209448 0.178145
v 1.680127 3.225348 -0.237158
v 1.636044 2.309515 -0.625526
v 1.570773 2.179441 -0.657629
v 1.507947 2.287934 -0.577054
v 1.486683 6.110857 0.978503
v 1.518880 6.239846 1.013043
v 1.556433 6.122608 0.952109
v 1.464252 5.173762 0.637889
v 1.464252 4.176595 0.251935
v 1.464252 3.188978 -0.155470
v 1.420557 2.287934 -0.577054
v 1.357731 2.179441 -0.657629
v 1.292460 2.309515 -0.625527
v 1.372071 6.122608 0.952109
v 1.409624 6.239846 1.013043
v 1.441821 6.110857 0.978503
v 1.306723 5.200302 0.578280
v 1.269248 4.209448 0.178145
v 1.248376 3.225348 -0.237158
v 1.230666 2.334649 -0.681978
v 1.207087 2.240713 -0.795249
v 1.177606 2.386751 -0.799001
v 1.311457 6.163880 0.859409
v 1.332367 6.271269 0.942466
v 1.340349 6.135510 0.923130
v 1.241473 5.264375 0.434370
v 1.188475 4.288764 0.000000
v 1.158958 3.313152 -0.434370
v 1.177606 2.422296 -0.878835
v 1.207087 2.327365 -0.989873
v 1.230666 2.474397 -0.995858
v 1.340349 6.210497 0.754706
v 1.332367 6.315707 0.842655
v 1.311457 6.182127 0.818426
v 1.306723 5.328447 0.290461
v 1.269248 4.368079 -0.178145
v 1.248376 3.400957 -0.631582
v 1.292460 2.499531 -1.052309
v 1.357731 2.388637 -1.127492
v 1.420557 2.521112 -1.100782
v 1.441821 6.235151 0.699333
v 1.409624 6.347130 0.772078
v 1.372071 6.223400 0.725727
v -0.139355 -0.817390 0.428894
v -0.096111 -0.867960 0.295801
v -0.052546 -0.897476 0.161722
v 0.645384 -0.603076 0.468894
v 0.732610 -0.500524 0.532266
v 0.804976 -0.387628 0.584843
v 0.118331 -0.324362 1.023764
v -0.028202 -0.308300 1.044048
v -0.169899 -0.282533 1.046254
v 1.010226 -0.324361 0.203824
v 0.984236 -0.308298 0.349452
v 0.942547 -0.282533 0.484894
v 0.645384 -0.603076 -0.468894
v 0.732610 -0.500524 -0.532267
v 0.804976 -0.387628 -0.584844
v -0.450968 -0.817388 0.000000
v -0.311025 -0.867959 -0.000000
v -0.170045 -0.897476 -0.000000
v -0.937096 -0.324360 0.428895
v -1.001668 -0.308296 0.295802
v -1.047552 -0.282530 0.161723
v -0.139355 -0.817390 -0.428894
v -0.096111 -0.867959 -0.295801
v -0.052546 -0.897476 -0.161722
v -0.697482 -0.324362 -0.758693
v -0.590856 -0.308298 -0.861233
v -0.477516 -0.282533 -0.946304
v 0.506030 -0.324363 -0.897792
v 0.636500 -0.308300 -0.828071
v 0.752430 -0.282533 -0.746567
v 1.096356 0.126612 0.468896
v 1.043638 0.002731 0.532268
v 0.975024 -0.112485 0.584844
v 1.162583 0.473386 -0.265071
v 1.157183 0.597266 -0.182815
v 1.132576 0.712481 -0.099950
v -0.107156 0.126612 1.187593
v -0.183717 0.002730 1.157038
v -0.254923 -0.112485 1.108028
v 0.611356 0.473387 1.023768
v 0.531456 0.597269 1.044051
v 0.445040 0.712484 1.046255
v -1.162583 0.126614 0.265071
v -1.157183 0.002733 0.182815
v -1.132576 -0.112483 0.099950
v -0.784744 0.473387 0.897794
v -0.828725 0.597269 0.828073
v -0.857525 0.712484 0.746568
v -0.611356 0.126613 -1.023768
v -0.531456 0.002730 -1.044052
v -0.445041 -0.112485 -1.046256
v -1.096356 0.473387 -0.468895
v -1.043638 0.597268 -0.532268
v -0.975024 0.712484 -0.584844
v 0.784743 0.126612 -0.897795
v 0.828725 0.002731 -0.828073
v 0.857525 -0.112484 -0.746568
v 0.107156 0.473387 -1.187593
v 0.183717 0.597268 -1.157038
v 0.254923 0.712485 -1.108028
v 0.697482 0.924360 0.758693
v 0.590856 0.908298 0.861233
v 0.477516 0.882532 0.946304
v -0.506030 0.924361 0.897792
v -0.636500 0.908298 0.828071
v -0.752431 0.882532 0.746567
v -1.010226 0.924360 -0.203824
v -0.984236 0.908297 -0.349452
v -0.942546 0.882532 -0.484894
v -0.118331 0.924361 -1.023765
v 0.028202 0.908298 -1.044049
v 0.169899 0.882532 -1.046254
v 0.937096 0.924359 -0.428895
v 1.001668 0.908295 -0.295802
v 1.047552 0.882529 -0.161722
v 0.246511 1.203075 0.758691
v 0.279827 1.100523 0.861232
v 0.307469 0.987627 0.946303
v 0.450968 1.417387 0.000000
v 0.311025 1.467958 0.000000
v 0.170045 1.497475 -0.000000
v -0.645384 1.203075 0.468894
v -0.732610 1.100523 0.532267
v -0.804976 0.987626 0.584843
v -0.645384 1.203075 -0.468894
v -0.732610 1.100523 -0.532267
v -0.804976 0.987627 -0.584844
v 0.246510 1.203075 -0.758691
v 0.279827 1.100523 -0.861232
v 0.307469 0.987627 -0.946303
v -0.307469 -0.387627 0.946303
v -0.279827 -0.500524 0.861231
v -0.246510 -0.603076 0.758691
v 0.137570 -0.897476 0.099949
v 0.251625 -0.867960 0.182814
v 0.364841 -0.817390 0.265070
v 0.752430 -0.282533 0.746567
v 0.636500 -0.308299 0.828071
v 0.506030 -0.324363 0.897791
v 0.942547 -0.282533 -0.484894
v 0.984236 -0.308299 -0.349452
v 1.010226 -0.324361 -0.203824
v 0.137570 -0.897476 -0.099949
v 0.251625 -0.867960 -0.182815
v 0.364841 -0.817390 -0.265070
v -0.995004 -0.387624 -0.000000
v -0.905556 -0.500521 -0.000000
v -0.797738 -0.603073 0.000000
v -0.477516 -0.282533 0.946304
v -0.590856 -0.308299 0.861233
v -0.697482 -0.324361 0.758693
v -0.307469 -0.387628 -0.946303
v -0.279827 -0.500524 -0.861232
v -0.246511 -0.603076 -0.758691
v -1.047552 -0.282530 -0.161723
v -1.001668 -0.308296 -0.295802
v -0.937096 -0.324360 -0.428895
v -0.169899 -0.282534 -1.046254
v -0.028202 -0.308299 -1.044049
v 0.118331 -0.324363 -1.023765
v 1.132576 0.712481 0.099950
v 1.157183 0.597266 0.182815
v 1.162583 0.473385 0.265071
v 0.975024 -0.112485 -0.584844
v 1.043638 0.002731 -0.532268
v 1.096356 0.126612 -0.468896
v 0.254923 0.712485 1.108028
v 0.183717 0.597268 1.157038
v 0.107156 0.473387 1.187592
v 0.857525 -0.112485 0.746568
v 0.828724 0.002731 0.828073
v 0.784743 0.126612 0.897795
v -0.975024 0.712484 0.584844
v -1.043639 0.597268 0.532268
v -1.096356 0.473387 0.468895
v -0.445040 -0.112485 1.046256
v -0.531456 0.002731 1.044051
v -0.611357 0.126612 1.023768
v -0.857525 0.712485 -0.746568
v -0.828724 0.597269 -0.828073
v -0.784744 0.473387 -0.897795
v -1.132576 -0.112483 -0.099950
v -1.157183 0.002733 -0.182815
v -1.162583 0.126613 -0.265071
v 0.445040 0.712485 -1.046256
v 0.531456 0.597269 -1.044051
v 0.611356 0.473387 -1.023768
v -0.254923 -0.112485 -1.108029
v -0.183717 0.002730 -1.157039
v -0.107156 0.126612 -1.187593
v 1.047552 0.882529 0.161722
v 1.001668 0.908295 0.295802
v 0.937096 0.924359 0.428895
v 0.169898 0.882532 1.046254
v 0.028202 0.908298 1.044049
v -0.118331 0.924361 1.023765
v -0.942547 0.882532 0.484894
v -0.984235 0.908298 0.349452
v -1.010226 0.924360 0.203824
v -0.752430 0.882532 -0.746567
v -0.636500 0.908298 -0.828071
v -0.506030 0.924361 -0.897792
v 0.477516 0.882532 -0.946304
v 0.590856 0.908297 -0.861233
v 0.697482 0.924361 -0.758693
v 0.052546 1.497475 0.161722
v 0.096111 1.467959 0.295801
v 0.139354 1.417389 0.428894
v 0.995005 0.987623 -0.000000
v 0.905555 1.100520 0.000000
v 0.797738 1.203072 0.000000
v -0.137570 1.497476 0.099949
v -0.251625 1.467959 0.182814
v -0.364841 1.417389 0.265069
v -0.137570 1.497476 -0.099949
v -0.251625 1.467960 -0.182814
v -0.364841 1.417389 -0.265070
v 0.052546 1.497475 -0.161722
v 0.096111 1.467959 -0.295801
v 0.139355 1.417388 -0.428894
v 0.531398 1.360141 -0.185060
v 0.441021 1.369141 -0.320420
v 0.340212 1.360142 -0.448200
v 0.710566 1.249410 -0.185060
v 0.759032 1.172600 -0.320421
v 0.796066 1.078411 -0.448202
v 0.395577 1.249412 -0.618599
v 0.539291 1.172602 -0.622864
v 0.672263 1.078412 -0.618599
v -0.011795 1.360143 -0.562573
v -0.168458 1.369143 -0.518449
v -0.321135 1.360143 -0.462061
v 0.043570 1.249412 -0.732972
v -0.070190 1.172603 -0.820895
v -0.180273 1.078413 -0.895603
v -0.466085 1.249412 -0.567373
v -0.425733 1.172603 -0.705370
v -0.380587 1.078413 -0.830515
v -0.538686 1.360142 -0.162629
v -0.545133 1.369142 0.000000
v -0.538686 1.360143 0.162629
v -0.683636 1.249412 -0.267940
v -0.802409 1.172602 -0.186919
v -0.907478 1.078412 -0.105311
v -0.683636 1.249412 0.267940
v -0.802409 1.172602 0.186919
v -0.907478 1.078412 0.105311
v -0.321135 1.360143 0.462062
v -0.168458 1.369142 0.518449
v -0.011795 1.360143 0.562573
v -0.466085 1.249413 0.567373
v -0.425733 1.172603 0.705370
v -0.380587 1.078413 0.830516
v 0.043569 1.249413 0.732972
v -0.070190 1.172603 0.820895
v -0.180273 1.078413 0.895603
v 0.340212 1.360143 0.448201
v 0.441021 1.369141 0.320420
v 0.531397 1.360141 0.185060
v 0.395577 1.249412 0.618599
v 0.539291 1.172602 0.622864
v 0.672263 1.078412 0.618599
v 0.710566 1.249410 0.185061
v 0.759032 1.172601 0.320421
v 0.796066 1.078411 0.448201
v 1.091834 0.486877 -0.462063
v 1.031602 0.627464 -0.518451
v 0.953490 0.763565 -0.562575
v 1.057616 0.307708 -0.567375
v 0.970868 0.309451 -0.705373
v 0.866431 0.307708 -0.830519
v 0.829687 0.763565 -0.732975
v 0.811862 0.627464 -0.820898
v 0.776846 0.486878 -0.895607
v -0.102058 0.486878 -1.181180
v -0.174300 0.627465 -1.141320
v -0.240402 0.763566 -1.080666
v -0.212789 0.307708 -1.181181
v -0.370838 0.309451 -1.141322
v -0.522132 0.307708 -1.080669
v -0.440718 0.763566 -1.015579
v -0.529845 0.627465 -1.025796
v -0.611717 0.486878 -1.015581
v -1.154908 0.486878 -0.267940
v -1.139323 0.627464 -0.186920
v -1.102064 0.763565 -0.105311
v -1.189127 0.307709 -0.162629
v -1.200059 0.309451 -0.000000
v -1.189127 0.307709 0.162629
v -1.102064 0.763565 0.105311
v -1.139323 0.627464 0.186919
v -1.154908 0.486878 0.267940
v -0.611717 0.486878 1.015581
v -0.529845 0.627465 1.025796
v -0.440718 0.763566 1.015579
v -0.522132 0.307708 1.080669
v -0.370839 0.309451 1.141322
v -0.212789 0.307708 1.181180
v -0.240402 0.763566 1.080666
v -0.174300 0.627465 1.141320
v -0.102058 0.486878 1.181180
v 0.776846 0.486878 0.895606
v 0.811861 0.627464 0.820898
v 0.829687 0.763565 0.732974
v 0.866431 0.307708 0.830519
v 0.970868 0.309450 0.705373
v 1.057616 0.307708 0.567375
v 0.953490 0.763565 0.562575
v 1.031602 0.627464 0.518451
v 1.091834 0.486878 0.462063
v 0.522131 0.292291 -1.080669
v 0.370838 0.290548 -1.141322
v 0.212788 0.292291 -1.181180
v 0.611717 0.113121 -1.015581
v 0.529845 -0.027466 -1.025796
v 0.440717 -0.163568 -1.015579
v 0.102058 0.113120 -1.181180
v 0.174300 -0.027466 -1.141321
v 0.240402 -0.163568 -1.080666
v -0.866432 0.292291 -0.830519
v -0.970869 0.290549 -0.705373
v -1.057616 0.292291 -0.567375
v -0.776847 0.113121 -0.895607
v -0.811862 -0.027465 -0.820898
v -0.829687 -0.163566 -0.732975
v -1.091834 0.113122 -0.462063
v -1.031602 -0.027465 -0.518451
v -0.953490 -0.163566 -0.562575
v -1.057616 0.292291 0.567375
v -0.970868 0.290549 0.705373
v -0.866432 0.292291 0.830519
v -1.091834 0.113122 0.462063
v -1.031602 -0.027464 0.518451
v -0.953490 -0.163566 0.562575
v -0.776846 0.113121 0.895607
v -0.811862 -0.027465 0.820898
v -0.829687 -0.163566 0.732974
v 0.212789 0.292291 1.181180
v 0.370838 0.290548 1.141322
v 0.522131 0.292291 1.080669
v 0.102058 0.113121 1.181180
v 0.174300 -0.027466 1.141320
v 0.240402 -0.163567 1.080666
v 0.611717 0.113121 1.015581
v 0.529845 -0.027466 1.025796
v 0.440717 -0.163567 1.015579
v 1.189127 0.292291 0.162629
v 1.200059 0.290548 -0.000000
v 1.189127 0.292291 -0.162629
v 1.154908 0.113121 0.267940
v 1.139323 -0.027465 0.186919
v 1.102064 -0.163566 0.105311
v 1.154908 0.113121 -0.267940
v 1.139323 -0.027465 -0.186919
v 1.102064 -0.163566 -0.105311
v 0.466085 -0.649414 -0.567373
v 0.425733 -0.572604 -0.705370
v 0.380587 -0.478414 -0.830516
v 0.321135 -0.760144 -0.462061
v 0.168457 -0.769143 -0.518449
v 0.011795 -0.760144 -0.562573
v 0.180273 -0.478414 -0.895603
v 0.070190 -0.572604 -0.820895
v -0.043570 -0.649414 -0.732972
v -0.395577 -0.649413 -0.618599
v -0.539291 -0.572603 -0.622864
v -0.672263 -0.478413 -0.618600
v -0.340212 -0.760144 -0.448201
v -0.441021 -0.769142 -0.320420
v -0.531397 -0.760142 -0.185060
v -0.796066 -0.478412 -0.448201
v -0.759032 -0.572601 -0.320421
v -0.710566 -0.649411 -0.185060
v -0.710566 -0.649411 0.185060
v -0.759032 -0.572602 0.320421
v -0.796066 -0.478412 0.448201
v -0.531397 -0.760142 0.185060
v -0.441021 -0.769142 0.320420
v -0.340212 -0.760143 0.448200
v -0.672263 -0.478413 0.618600
v -0.539291 -0.572603 0.622864
v -0.395577 -0.649413 0.618599
v 0.907478 -0.478413 -0.105311
v 0.802409 -0.572603 -0.186919
v 0.683635 -0.649413 -0.267939
v 0.907478 -0.478413 0.105311
v 0.802409 -0.572604 0.186919
v 0.683635 -0.649413 0.267939
v 0.538685 -0.760144 -0.162629
v 0.545133 -0.769143 0.000000
v 0.538685 -0.760144 0.162629
v -0.043569 -0.649414 0.732971
v 0.070190 -0.572604 0.820895
v 0.180273 -0.478414 0.895603
v 0.011795 -0.760144 0.562573
v 0.168457 -0.769143 0.518449
v 0.321135 -0.760145 0.462061
v 0.380587 -0.478414 0.830515
v 0.425733 -0.572604 0.705370
v 0.466085 -0.649414 0.567373
v -1.420557 2.287934 0.577054
v -1.357731 2.179440 0.657629
v -1.292459 2.309515 0.625527
v -1.372071 6.122608 -0.952109
v -1.409624 6.239846 -1.013044
v -1.441821 6.110857 -0.978503
v -1.464252 3.188978 0.155470
v -1.464252 4.176595 -0.251935
v -1.464252 5.173762 -0.637889
v -1.306723 5.200302 -0.578280
v -1.269249 4.209448 -0.178145
v -1.248376 3.225348 0.237158
v -1.230666 2.334649 0.681978
v -1.207087 2.240713 0.795249
v -1.177606 2.386751 0.799001
v -1.311457 6.163880 -0.859409
v -1.332367 6.271269 -0.942467
v -1.340349 6.135510 -0.923129
v -1.241473 5.264375 -0.434370
v -1.188475 4.288764 0.000000
v -1.158958 3.313152 0.434370
v -1.177606 2.422296 0.878835
v -1.207087 2.327365 0.989873
v -1.230666 2.474397 0.995858
v -1.340349 6.210497 -0.754706
v -1.332367 6.315707 -0.842655
v -1.311457 6.182127 -0.818426
v -1.306723 5.328447 -0.290461
v -1.269248 4.368079 0.178145
v -1.248376 3.400957 0.631582
v -1.292460 2.499531 1.052309
v -1.357731 2.388637 1.127492
v -1.420557 2.521112 1.100782
v -1.441821 6.235151 -0.699333
v -1.409623 6.347131 -0.772078
v -1.372070 6.223400 -0.725727
v -1.464252 5.354987 -0.230852
v -1.464252 4.400932 0.251935
v -1.464252 3.437326 0.713270
v -1.507946 2.521112 1.100782
v -1.570773 2.388637 1.127493
v -1.636044 2.499531 1.052309
v -1.556433 6.223400 -0.725727
v -1.518880 6.347131 -0.772078
v -1.486683 6.235151 -0.699333
v -1.621780 5.328447 -0.290461
v -1.659256 4.368079 0.178145
v -1.680127 3.400957 0.631582
v -1.697837 2.474398 0.995858
v -1.721416 2.327365 0.989873
v -1.750898 2.422296 0.878835
v -1.617046 6.182127 -0.818426
v -1.596136 6.315708 -0.842656
v -1.588155 6.210497 -0.754706
v -1.687031 5.264375 -0.434370
v -1.740029 4.288764 -0.000000
v -1.769546 3.313152 0.434370
v -1.750897 2.386751 0.799001
v -1.721416 2.240713 0.795249
v -1.697838 2.334649 0.681978
v -1.588155 6.135510 -0.923130
v -1.596137 6.271269 -0.942466
v -1.617046 6.163880 -0.859409
v -1.621781 5.200302 -0.578280
v -1.659256 4.209448 -0.178145
v -1.680127 3.225348 0.237158
v -1.636044 2.309515 0.625526
v -1.570773 2.179440 0.657629
v -1.507946 2.287934 0.577054
v -1.486682 6.110857 -0.978503
v -1.518880 6.239846 -1.013044
v -1.556433 6.122608 -0.952109
v -0.457329 2.482587 0.003197
v -0.394502 2.356087 0.050746
v -0.329231 2.489972 0.055740
v -0.408842 6.590206 -0.409750
v -0.446395 6.719698 -0.436009
v -0.478593 6.586185 -0.438360
v -0.501023 3.464930 -0.153694
v -0.501023 4.526585 -0.273093
v -0.501023 5.591507 -0.369239
v -0.343495 5.600588 -0.304624
v -0.306020 4.537826 -0.193106
v -0.285148 3.477375 -0.065146
v -0.267437 2.498572 0.116932
v -0.243859 2.377053 0.199923
v -0.214378 2.516399 0.243783
v -0.348229 6.604328 -0.309265
v -0.369139 6.730451 -0.359505
v -0.377120 6.594621 -0.378337
v -0.278244 5.622512 -0.148628
v -0.225246 4.564965 -0.000000
v -0.195729 3.507419 0.148628
v -0.214378 2.528562 0.330322
v -0.243859 2.406703 0.410892
v -0.267437 2.546390 0.457173
v -0.377120 6.620279 -0.195769
v -0.369139 6.745656 -0.251311
v -0.348228 6.610572 -0.264840
v -0.343495 5.644435 0.007367
v -0.306019 4.592104 0.193106
v -0.285148 3.537463 0.362403
v -0.329231 2.554990 0.518365
v -0.394502 2.427668 0.560069
v -0.457329 2.562374 0.570908
v -0.478593 6.628715 -0.135745
v -0.446395 6.756408 -0.174806
v -0.408842 6.624694 -0.164355
v -0.501023 5.653517 0.071982
v -0.501023 4.603346 0.273093
v -0.501023 3.549908 0.450952
v -0.544718 2.562374 0.570909
v -0.607544 2.427668 0.560069
v -0.672815 2.554989 0.518365
v -0.593204 6.624694 -0.164355
v -0.555652 6.756408 -0.174806
v -0.523454 6.628715 -0.135745
v -0.658552 5.644435 0.007367
v -0.696027 4.592104 0.193106
v -0.716899 3.537463 0.362403
v -0.734609 2.546390 0.457173
v -0.758188 2.406702 0.410892
v -0.787669 2.528562 0.330322
v -0.653818 6.610572 -0.264840
v -0.632908 6.745656 -0.251311
v -0.624926 6.620279 -0.195768
v -0.723802 5.622512 -0.148628
v -0.776800 4.564965 -0.000000
v -0.806317 3.507419 0.148628
v -0.787669 2.516399 0.243783
v -0.758188 2.377053 0.199923
v -0.734609 2.498572 0.116932
v -0.624926 6.594621 -0.378337
v -0.632908 6.730451 -0.359504
v -0.653818 6.604328 -0.309265
v -0.658552 5.600588 -0.304624
v -0.696027 4.537826 -0.193106
v -0.716899 3.477375 -0.065146
v -0.672816 2.489972 0.055740
v -0.607544 2.356087 0.050746
v -0.544718 2.482587 0.003197
v -0.523454 6.586185 -0.438360
v -0.555652 6.719698 -0.436009
v -0.593204 6.590206 -0.409750
v 0.544718 2.562374 -0.570909
v 0.607544 2.427668 -0.560069
v 0.672815 2.554989 -0.518365
v 0.593204 6.624694 0.164355
v 0.555652 6.756408 0.174807
v 0.523454 6.628715 0.135745
v 0.501023 3.549908 -0.450951
v 0.501023 4.603346 -0.273093
v 0.501023 5.653517 -0.071982
v 0.658552 5.644436 -0.007367
v 0.696027 4.592104 -0.193106
v 0.716899 3.537463 -0.362403
v 0.734609 2.546389 -0.457173
v 0.758188 2.406702 -0.410892
v 0.787669 2.528562 -0.330322
v 0.653818 6.610572 0.264840
v 0.632908 6.745656 0.251311
v 0.624926 6.620279 0.195768
v 0.723802 5.622512 0.148629
v 0.776800 4.564965 -0.000000
v 0.806317 3.507419 -0.148629
v 0.787669 2.516399 -0.243783
v 0.758188 2.377053 -0.199923
v 0.734609 2.498571 -0.116932
v 0.624926 6.594621 0.378337
v 0.632908 6.730451 0.359504
v 0.653818 6.604329 0.309265
v 0.658552 5.600588 0.304624
v 0.696027 4.537826 0.193106
v 0.716899 3.477375 0.065146
v 0.672815 2.489972 -0.055740
v 0.607544 2.356087 -0.050746
v 0.544718 2.482587 -0.003197
v 0.523454 6.586185 0.438360
v 0.555652 6.719698 0.436009
v 0.593204 6.590206 0.409750
v 0.501023 5.591507 0.369239
v 0.501023 4.526585 0.273093
v 0.501023 3.464930 0.153694
v 0.457328 2.482587 -0.003197
v 0.394502 2.356087 -0.050746
v 0.329231 2.489972 -0.055740
v 0.408842 6.590206 0.409750
v 0.446395 6.719699 0.436009
v 0.478592 6.586185 0.438360
v 0.343495 5.600588 0.304624
v 0.306020 4.537826 0.193106
v 0.285148 3.477375 0.065146
v 0.267437 2.498572 -0.116932
v 0.243859 2.377053 -0.199923
v 0.214378 2.516399 -0.243783
v 0.348229 6.604328 0.309265
v 0.369139 6.730451 0.359504
v 0.377120 6.594621 0.378337
v 0.278244 5.622512 0.148629
v 0.225246 4.564965 -0.000000
v 0.195729 3.507419 -0.148629
v 0.214377 2.528562 -0.330322
v 0.243859 2.406702 -0.410892
v 0.267437 2.546389 -0.457173
v 0.377120 6.620279 0.195768
v 0.369138 6.745656 0.251311
v 0.348229 6.610572 0.264840
v 0.343495 5.644436 -0.007367
v 0.306019 4.592104 -0.193106
v 0.285148 3.537463 -0.362403
v 0.329231 2.554989 -0.518365
v 0.394502 2.427668 -0.560069
v 0.457328 2.562374 -0.570909
v 0.478592 6.628715 0.135745
v 0.446395 6.756408 0.174806
v 0.408842 6.624694 0.164355
v 1.521391 3.370014 -0.734741
v 1.516749 4.398036 -0.245430
v 1.504031 5.415301 0.268041
v 1.579228 3.306045 -0.741382
v 1.568238 4.390873 -0.229342
v 1.545310 5.463979 0.309028
v 1.634234 3.351003 -0.692041
v 1.617100 4.381129 -0.207457
v 1.586976 5.401327 0.299427
v 1.715041 3.318136 -0.618220
v 1.691341 4.350932 -0.139633
v 1.643232 5.378446 0.350820
v 1.741830 3.239909 -0.592838
v 1.715297 4.331059 -0.094996
v 1.659944 5.417353 0.413751
v 1.761782 3.272238 -0.515133
v 1.732908 4.310116 -0.047958
v 1.677589 5.344709 0.426593
v 1.761782 3.225757 -0.410734
v 1.732908 4.267411 0.047958
v 1.677589 5.312350 0.499274
v 1.741830 3.146378 -0.382765
v 1.715297 4.246469 0.094996
v 1.659944 5.351414 0.561852
v 1.715041 3.179860 -0.307647
v 1.691341 4.226594 0.139633
v 1.643232 5.278613 0.575047
v 1.634234 3.146993 -0.233826
v 1.617100 4.196398 0.207457
v 1.586976 5.255732 0.626440
v 1.579228 3.080242 -0.234221
v 1.568238 4.186654 0.229342
v 1.545310 5.304789 0.666575
v 1.521391 3.127981 -0.191126
v 1.516749 4.179491 0.245430
v 1.504031 5.241757 0.657827
v 1.407113 3.127981 -0.191126
v 1.411755 4.179491 0.245430
v 1.424473 5.241757 0.657827
v 1.349275 3.080242 -0.234221
v 1.360265 4.186654 0.229342
v 1.383194 5.304789 0.666575
v 1.294270 3.146993 -0.233826
v 1.311404 4.196398 0.207457
v 1.341528 5.255732 0.626440
v 1.213463 3.179860 -0.307647
v 1.237162 4.226595 0.139633
v 1.285272 5.278613 0.575047
v 1.186674 3.146378 -0.382765
v 1.213206 4.246469 0.094996
v 1.268560 5.351414 0.561852
v 1.166722 3.225757 -0.410734
v 1.195596 4.267411 0.047958
v 1.250915 5.312349 0.499274
v 1.464252 7.212109 1.301557
v 1.538317 6.721915 1.002234
v 1.495063 6.912473 1.086727
v 1.464252 6.734393 0.974207
v 1.433441 6.912473 1.086727
v 1.390186 6.721915 1.002234
v 1.389867 6.894750 1.126533
v 1.359507 6.691790 1.069896
v 1.389867 6.869686 1.182828
v 1.390186 6.661665 1.137559
v 1.433441 6.851963 1.222634
v 1.464252 6.649186 1.165585
v 1.495063 6.851963 1.222634
v 1.538317 6.661665 1.137559
v 1.538636 6.869686 1.182828
v 1.568996 6.691790 1.069896
v 1.538636 6.894750 1.126533
v 1.166722 3.272238 -0.515133
v 1.195596 4.310116 -0.047958
v 1.250915 5.344709 0.426593
v 1.186674 3.239909 -0.592838
v 1.213206 4.331059 -0.094996
v 1.268560 5.417353 0.413751
v 1.213463 3.318136 -0.618220
v 1.237162 4.350932 -0.139633
v 1.285272 5.378446 0.350820
v 1.294270 3.351003 -0.692041
v 1.311404 4.381129 -0.207457
v 1.341528 5.401327 0.299427
v 1.349275 3.306045 -0.741382
v 1.360265 4.390873 -0.229342
v 1.383194 5.463979 0.309028
v 1.407113 3.370014 -0.734741
v 1.411755 4.398036 -0.245430
v 1.424473 5.415301 0.268041
v 1.464252 1.365418 -1.301557
v 1.464252 1.981166 -1.284233
v 1.536976 1.766721 -1.315072
v 1.630154 1.953216 -1.221455
v 1.639823 1.724889 -1.221117
v 1.698872 1.885737 -1.069896
v 1.639823 1.665730 -1.088244
v 1.630154 1.818259 -0.918338
v 1.536976 1.623898 -0.994288
v 1.464252 1.790308 -0.855560
v 1.391528 1.623898 -0.994288
v 1.298350 1.818259 -0.918338
v 1.288681 1.665730 -1.088244
v 1.229631 1.885737 -1.069896
v 1.288681 1.724889 -1.221117
v 1.298350 1.953216 -1.221455
v 1.391528 1.766721 -1.315072
v 0.111396 -0.854774 0.342834
v 0.069216 -0.889235 0.213021
v 0.175104 -0.864373 0.276793
v 0.260207 -0.820711 0.359249
v 0.136160 -0.822289 0.419049
v 0.000654 -0.820711 0.443584
v 0.021036 -0.864374 0.326853
v 0.854626 -0.477283 0.359014
v 0.872359 -0.393925 0.471066
v 0.803554 -0.492955 0.434236
v 0.739321 -0.578361 0.366942
v 0.835350 -0.520743 0.286786
v 0.927136 -0.434883 0.230488
v 0.915039 -0.407788 0.353238
v -0.291634 -0.854774 0.211884
v -0.181207 -0.889235 0.131654
v -0.209137 -0.864373 0.252066
v -0.261260 -0.820710 0.358484
v -0.356466 -0.822289 0.258987
v -0.421674 -0.820709 0.137696
v -0.304357 -0.864372 0.121008
v -0.291634 -0.854774 -0.211884
v -0.181207 -0.889234 -0.131654
v -0.304357 -0.864373 -0.121009
v -0.421674 -0.820710 -0.137696
v -0.356466 -0.822289 -0.258987
v -0.261260 -0.820710 -0.358484
v -0.209137 -0.864372 -0.252066
v 0.111396 -0.854774 -0.342834
v 0.069216 -0.889235 -0.213021
v 0.021036 -0.864373 -0.326853
v 0.000654 -0.820711 -0.443584
v 0.136160 -0.822289 -0.419049
v 0.260207 -0.820711 -0.359249
v 0.175104 -0.864373 -0.276793
v 1.077418 -0.116799 0.359014
v 1.010791 -0.169938 0.471066
v 1.042277 -0.201913 0.353238
v 1.071921 -0.200617 0.230489
v 1.107669 -0.080122 0.286787
v 1.116259 0.031538 0.366943
v 1.068596 -0.064109 0.434236
v -0.008503 -0.116800 1.135626
v -0.135660 -0.169939 1.106885
v -0.013868 -0.201914 1.100420
v 0.112035 -0.200618 1.090680
v 0.069538 -0.080122 1.142076
v -0.004042 0.031537 1.175016
v -0.082770 -0.064109 1.150481
v -1.082675 -0.116798 0.342836
v -1.094635 -0.169936 0.213022
v -1.050850 -0.201911 0.326854
v -1.002681 -0.200616 0.443585
v -1.064695 -0.080121 0.419050
v -1.118759 0.031538 0.359251
v -1.119753 -0.064107 0.276794
v -0.660622 -0.116800 -0.923741
v -0.540855 -0.169939 -0.975230
v -0.635587 -0.201913 -0.898412
v -0.731722 -0.200618 -0.816528
v -0.727550 -0.080122 -0.883088
v -0.687385 0.031538 -0.952985
v -0.609269 -0.064109 -0.979411
v 0.674389 -0.116800 -0.913738
v 0.760368 -0.169939 -0.815745
v 0.658036 -0.201914 -0.882102
v 0.550454 -0.200619 -0.948228
v 0.615044 -0.080122 -0.964829
v 0.693932 0.031537 -0.948229
v 0.743203 -0.064109 -0.882103
v 0.966024 0.105993 0.701853
v 0.941576 -0.031507 0.684089
v 1.004978 0.063130 0.630034
v 1.043868 0.176322 0.589741
v 0.971512 0.192198 0.705840
v 0.883455 0.176322 0.810532
v 0.909758 0.063129 0.761093
v -0.368986 0.105992 1.135628
v -0.359647 -0.031507 1.106887
v -0.288645 0.063129 1.150482
v -0.238307 0.176322 1.175017
v -0.371083 0.192198 1.142078
v -0.497862 0.176322 1.090683
v -0.442714 0.063129 1.100422
v -1.194071 0.105994 0.000000
v -1.163852 -0.031504 0.000000
v -1.183372 0.063131 0.080998
v -1.191151 0.176322 0.136454
v -1.200854 0.192199 0.000000
v -1.191151 0.176323 -0.136454
v -1.183372 0.063131 -0.080998
v -0.368986 0.105993 -1.135628
v -0.359647 -0.031507 -1.106887
v -0.442714 0.063129 -1.100422
v -0.497862 0.176321 -1.090683
v -0.371083 0.192198 -1.142079
v -0.238307 0.176322 -1.175017
v -0.288645 0.063129 -1.150482
v 0.966024 0.105993 -0.701853
v 0.941576 -0.031506 -0.684090
v 0.909758 0.063129 -0.761093
v 0.883455 0.176322 -0.810532
v 0.971512 0.192198 -0.705840
v 1.043868 0.176322 -0.589741
v 1.004978 0.063129 -0.630034
v 0.480379 1.077282 0.792786
v 0.428861 0.993925 0.893862
v 0.532649 1.007788 0.823623
v 0.614588 1.034881 0.731426
v 0.507239 1.120742 0.723022
v 0.382434 1.178359 0.731425
v 0.394845 1.092955 0.823622
v -0.605542 1.077282 0.701850
v -0.717590 0.993925 0.684088
v -0.618718 1.007788 0.761091
v -0.505714 1.034882 0.810530
v -0.530892 1.120743 0.705837
v -0.577451 1.178360 0.589739
v -0.661300 1.092955 0.630032
v -0.854626 1.077281 -0.359014
v -0.872359 0.993924 -0.471066
v -0.915039 1.007787 -0.353238
v -0.927137 1.034881 -0.230488
v -0.835350 1.120741 -0.286786
v -0.739321 1.178359 -0.366942
v -0.803554 1.092954 -0.434236
v 0.077347 1.077283 -0.923738
v 0.178436 0.993925 -0.975229
v 0.053185 1.007788 -0.979409
v -0.067296 1.034882 -0.952982
v 0.014611 1.120742 -0.883085
v 0.120519 1.178360 -0.816526
v 0.164670 1.092955 -0.898410
v 0.902433 1.077279 -0.211884
v 0.982641 0.993922 -0.131655
v 0.947912 1.007785 -0.252067
v 0.885549 1.034879 -0.358485
v 0.844383 1.120739 -0.258987
v 0.813809 1.178356 -0.137696
v 0.905329 1.092952 -0.121009
v 0.291634 1.454772 -0.211884
v 0.421674 1.420708 -0.137695
v 0.356466 1.422287 -0.258987
v 0.261260 1.420709 -0.358484
v 0.209137 1.464371 -0.252066
v 0.181207 1.489233 -0.131654
v 0.304357 1.464371 -0.121008
v 0.589050 1.253111 -0.427969
v 0.613192 1.292172 -0.275858
v 0.665569 1.220891 -0.382169
v 0.685349 1.147859 -0.497933
v 0.569137 1.220893 -0.514895
v 0.451842 1.292173 -0.497933
v 0.526011 1.307143 -0.382169
v 0.480379 1.077282 -0.792786
v 0.614588 1.034881 -0.731426
v 0.532649 1.007787 -0.823623
v 0.428861 0.993925 -0.893862
v 0.394845 1.092955 -0.823623
v 0.382434 1.178360 -0.731425
v 0.507239 1.120742 -0.723022
v -0.111396 1.454774 -0.342835
v -0.000655 1.420710 -0.443584
v -0.136160 1.422289 -0.419048
v -0.260207 1.420710 -0.359249
v -0.175104 1.464372 -0.276793
v -0.069216 1.489234 -0.213021
v -0.021036 1.464372 -0.326853
v -0.225000 1.253113 -0.692467
v -0.072874 1.292174 -0.668422
v -0.157797 1.220893 -0.751088
v -0.261783 1.147861 -0.805672
v -0.313825 1.220894 -0.700390
v -0.333938 1.292174 -0.583596
v -0.200922 1.307144 -0.618361
v -0.605542 1.077283 -0.701850
v -0.505714 1.034882 -0.810529
v -0.618718 1.007788 -0.761091
v -0.717590 0.993925 -0.684088
v -0.661300 1.092955 -0.630032
v -0.577451 1.178359 -0.589739
v -0.530893 1.120742 -0.705837
v -0.360480 1.454773 -0.000000
v -0.422077 1.420710 -0.136454
v -0.440617 1.422289 -0.000000
v -0.422077 1.420710 0.136454
v -0.317358 1.464372 0.080998
v -0.223985 1.489234 0.000000
v -0.317358 1.464372 -0.080998
v -0.728106 1.253112 -0.000000
v -0.658229 1.292173 -0.137249
v -0.763091 1.220893 -0.082029
v -0.847138 1.147860 0.000000
v -0.763091 1.220893 0.082028
v -0.658229 1.292173 0.137249
v -0.650187 1.307144 0.000000
v -0.854626 1.077282 0.359014
v -0.927137 1.034881 0.230488
v -0.915039 1.007787 0.353238
v -0.872359 0.993925 0.471066
v -0.803554 1.092955 0.434236
v -0.739321 1.178359 0.366942
v -0.835350 1.120741 0.286786
v -0.111396 1.454773 0.342835
v -0.260207 1.420710 0.359249
v -0.136160 1.422289 0.419049
v -0.000655 1.420710 0.443584
v -0.021036 1.464372 0.326853
v -0.069216 1.489234 0.213021
v -0.175104 1.464372 0.276793
v -0.225000 1.253113 0.692467
v -0.333939 1.292174 0.583596
v -0.313825 1.220894 0.700390
v -0.261784 1.147861 0.805672
v -0.157797 1.220894 0.751088
v -0.072874 1.292174 0.668422
v -0.200922 1.307144 0.618361
v 0.077347 1.077283 0.923738
v -0.067296 1.034882 0.952982
v 0.053185 1.007788 0.979409
v 0.178436 0.993925 0.975229
v 0.164670 1.092955 0.898410
v 0.120519 1.178360 0.816526
v 0.014611 1.120743 0.883085
v 0.291634 1.454772 0.211884
v 0.261260 1.420709 0.358484
v 0.356465 1.422288 0.258987
v 0.421674 1.420708 0.137695
v 0.304357 1.464371 0.121009
v 0.181207 1.489234 0.131654
v 0.209137 1.464372 0.252066
v 0.589050 1.253111 0.427969
v 0.451842 1.292173 0.497933
v 0.569137 1.220892 0.514895
v 0.685349 1.147859 0.497934
v 0.665569 1.220891 0.382169
v 0.613191 1.292172 0.275858
v 0.526011 1.307142 0.382169
v 0.902433 1.077280 0.211885
v 0.885549 1.034879 0.358485
v 0.947912 1.007785 0.252067
v 0.982641 0.993922 0.131655
v 0.905329 1.092951 0.121009
v 0.813809 1.178356 0.137696
v 0.844383 1.120739 0.258988
v 1.082675 0.716797 -0.342836
v 1.118759 0.568460 -0.359251
v 1.064694 0.680120 -0.419050
v 1.002681 0.800615 -0.443585
v 1.050850 0.801910 -0.326854
v 1.094635 0.769935 -0.213022
v 1.119753 0.664106 -0.276794
v 0.953108 0.525001 -0.692470
v 1.036765 0.445029 -0.583598
v 0.964014 0.431141 -0.700394
v 0.875416 0.445029 -0.805676
v 0.894234 0.570700 -0.751091
v 0.920011 0.678536 -0.668425
v 0.990667 0.570700 -0.618364
v 0.660621 0.716799 -0.923741
v 0.687385 0.568461 -0.952986
v 0.609269 0.664108 -0.979411
v 0.540855 0.769938 -0.975230
v 0.635587 0.801913 -0.898412
v 0.731721 0.800616 -0.816529
v 0.727550 0.680120 -0.883088
v 0.008503 0.716799 -1.135626
v 0.004042 0.568462 -1.175016
v -0.069538 0.680121 -1.142076
v -0.112036 0.800617 -1.090680
v 0.013867 0.801913 -1.100420
v 0.135660 0.769938 -1.106885
v 0.082770 0.664108 -1.150481
v -0.364056 0.525001 -1.120442
v -0.234662 0.445029 -1.166363
v -0.368222 0.431142 -1.133264
v -0.495728 0.445029 -1.081537
v -0.438001 0.570701 -1.082566
v -0.351416 0.678537 -1.081535
v -0.281971 0.570701 -1.133263
v -0.674389 0.716799 -0.913738
v -0.693932 0.568462 -0.948229
v -0.743204 0.664108 -0.882103
v -0.760368 0.769938 -0.815745
v -0.658037 0.801913 -0.882102
v -0.550455 0.800617 -0.948227
v -0.615044 0.680122 -0.964829
v -1.077418 0.716799 -0.359014
v -1.116259 0.568461 -0.366943
v -1.107669 0.680121 -0.286787
v -1.071921 0.800616 -0.230488
v -1.042277 0.801913 -0.353238
v -1.010791 0.769938 -0.471066
v -1.068596 0.664108 -0.434236
v -1.178106 0.525000 0.000000
v -1.181793 0.445029 -0.137249
v -1.191587 0.431142 -0.000000
v -1.181793 0.445029 0.137249
v -1.164933 0.570701 0.082029
v -1.137197 0.678536 -0.000000
v -1.164933 0.570701 -0.082029
v -1.077418 0.716798 0.359014
v -1.116259 0.568462 0.366943
v -1.068596 0.664108 0.434236
v -1.010791 0.769937 0.471066
v -1.042277 0.801912 0.353238
v -1.071921 0.800616 0.230488
v -1.107669 0.680121 0.286787
v -0.674389 0.716799 0.913738
v -0.693932 0.568462 0.948229
v -0.615044 0.680121 0.964829
v -0.550455 0.800617 0.948228
v -0.658037 0.801913 0.882102
v -0.760368 0.769938 0.815745
v -0.743204 0.664108 0.882103
v -0.364056 0.525001 1.120443
v -0.495729 0.445029 1.081537
v -0.368222 0.431142 1.133264
v -0.234662 0.445030 1.166363
v -0.281971 0.570701 1.133263
v -0.351416 0.678537 1.081535
v -0.438001 0.570701 1.082566
v 0.008503 0.716799 1.135626
v 0.004042 0.568462 1.175016
v 0.082770 0.664109 1.150481
v 0.135660 0.769938 1.106886
v 0.013867 0.801913 1.100420
v -0.112036 0.800617 1.090680
v -0.069538 0.680121 1.142076
v 0.660622 0.716799 0.923740
v 0.687385 0.568462 0.952986
v 0.727550 0.680121 0.883088
v 0.731721 0.800616 0.816528
v 0.635587 0.801913 0.898412
v 0.540855 0.769938 0.975230
v 0.609269 0.664108 0.979411
v 0.953108 0.525001 0.692470
v 0.875416 0.445029 0.805676
v 0.964014 0.431142 0.700394
v 1.036765 0.445029 0.583598
v 0.990667 0.570700 0.618364
v 0.920011 0.678537 0.668424
v 0.894235 0.570701 0.751091
v 1.082675 0.716797 0.342836
v 1.118759 0.568460 0.359251
v 1.119753 0.664106 0.276794
v 1.094635 0.769935 0.213021
v 1.050850 0.801910 0.326854
v 1.002681 0.800615 0.443585
v 1.064694 0.680120 0.419050
v 0.368986 0.494007 -1.135628
v 0.497862 0.423677 -1.090683
v 0.371083 0.407800 -1.142079
v 0.238307 0.423678 -1.175017
v 0.288645 0.536870 -1.150482
v 0.359647 0.631506 -1.106887
v 0.442714 0.536870 -1.100422
v 0.364056 0.074998 -1.120443
v 0.495728 0.154969 -1.081537
v 0.438001 0.029298 -1.082566
v 0.351416 -0.078539 -1.081535
v 0.281971 0.029298 -1.133264
v 0.234662 0.154969 -1.166363
v 0.368221 0.168857 -1.133264
v -0.008503 -0.116800 -1.135626
v 0.112035 -0.200619 -1.090680
v -0.013868 -0.201914 -1.100420
v -0.135660 -0.169938 -1.106885
v -0.082770 -0.064110 -1.150481
v -0.004042 0.031536 -1.175017
v 0.069538 -0.080122 -1.142076
v -0.966025 0.494006 -0.701853
v -0.883455 0.423677 -0.810532
v -0.971512 0.407801 -0.705840
v -1.043869 0.423677 -0.589741
v -1.004979 0.536870 -0.630034
v -0.941576 0.631505 -0.684089
v -0.909759 0.536870 -0.761093
v -0.953107 0.075000 -0.692470
v -0.875417 0.154970 -0.805676
v -0.894235 0.029299 -0.751091
v -0.920011 -0.078537 -0.668424
v -0.990667 0.029299 -0.618363
v -1.036765 0.154970 -0.583598
v -0.964014 0.168858 -0.700394
v -1.082675 -0.116797 -0.342836
v -1.002682 -0.200616 -0.443585
v -1.050850 -0.201911 -0.326854
v -1.094635 -0.169935 -0.213021
v -1.119753 -0.064106 -0.276794
v -1.118759 0.031538 -0.359251
v -1.064695 -0.080121 -0.419050
v -0.966024 0.494006 0.701853
v -1.043869 0.423677 0.589741
v -0.971512 0.407801 0.705840
v -0.883455 0.423677 0.810532
v -0.909759 0.536870 0.761093
v -0.941576 0.631505 0.684089
v -1.004978 0.536870 0.630034
v -0.953107 0.075000 0.692470
v -1.036765 0.154970 0.583598
v -0.990667 0.029299 0.618364
v -0.920011 -0.078537 0.668424
v -0.894235 0.029299 0.751091
v -0.875417 0.154970 0.805676
v -0.964015 0.168857 0.700393
v -0.660622 -0.116799 0.923741
v -0.731721 -0.200617 0.816528
v -0.635587 -0.201914 0.898412
v -0.540855 -0.169939 0.975230
v -0.609269 -0.064109 0.979411
v -0.687385 0.031538 0.952985
v -0.727551 -0.080122 0.883088
v 0.368986 0.494007 1.135628
v 0.238307 0.423677 1.175017
v 0.371083 0.407801 1.142079
v 0.497862 0.423677 1.090683
v 0.442714 0.536870 1.100422
v 0.359647 0.631505 1.106887
v 0.288645 0.536870 1.150481
v 0.364056 0.074999 1.120443
v 0.234662 0.154969 1.166363
v 0.281971 0.029298 1.133263
v 0.351416 -0.078539 1.081535
v 0.438001 0.029297 1.082566
v 0.495728 0.154969 1.081537
v 0.368221 0.168857 1.133264
v 0.674389 -0.116800 0.913738
v 0.550454 -0.200618 0.948227
v 0.658037 -0.201914 0.882102
v 0.760368 -0.169939 0.815745
v 0.743203 -0.064109 0.882103
v 0.693932 0.031537 0.948229
v 0.615044 -0.080122 0.964829
v 1.194071 0.494005 -0.000000
v 1.191151 0.423676 0.136454
v 1.200854 0.407800 -0.000000
v 1.191151 0.423676 -0.136455
v 1.183372 0.536868 -0.080998
v 1.163851 0.631503 -0.000000
v 1.183372 0.536868 0.080998
v 1.178106 0.074999 0.000000
v 1.181793 0.154970 0.137249
v 1.164933 0.029298 0.082029
v 1.137196 -0.078537 0.000000
v 1.164933 0.029298 -0.082029
v 1.181793 0.154970 -0.137249
v 1.191587 0.168858 0.000000
v 1.077418 -0.116800 -0.359015
v 1.071921 -0.200618 -0.230489
v 1.042277 -0.201913 -0.353238
v 1.010791 -0.169938 -0.471066
v 1.068596 -0.064108 -0.434236
v 1.116259 0.031538 -0.366943
v 1.107669 -0.080122 -0.286787
v 0.605542 -0.477283 -0.701850
v 0.577451 -0.578361 -0.589739
v 0.530892 -0.520743 -0.705837
v 0.505713 -0.434883 -0.810529
v 0.618717 -0.407789 -0.761091
v 0.717590 -0.393926 -0.684088
v 0.661300 -0.492956 -0.630032
v 0.225000 -0.653113 -0.692467
v 0.333938 -0.692175 -0.583596
v 0.200921 -0.707145 -0.618361
v 0.072874 -0.692175 -0.668422
v 0.157797 -0.620895 -0.751088
v 0.261783 -0.547863 -0.805673
v 0.313825 -0.620894 -0.700390
v -0.077347 -0.477283 -0.923738
v -0.120519 -0.578361 -0.816526
v -0.164670 -0.492956 -0.898410
v -0.178436 -0.393925 -0.975228
v -0.053185 -0.407789 -0.979409
v 0.067296 -0.434884 -0.952982
v -0.014611 -0.520743 -0.883085
v -0.480379 -0.477283 -0.792786
v -0.382434 -0.578360 -0.731425
v -0.507239 -0.520743 -0.723022
v -0.614588 -0.434882 -0.731426
v -0.532649 -0.407789 -0.823623
v -0.428860 -0.393926 -0.893862
v -0.394845 -0.492956 -0.823622
v -0.589049 -0.653112 -0.427969
v -0.451843 -0.692174 -0.497933
v -0.526012 -0.707144 -0.382169
v -0.613192 -0.692173 -0.275858
v -0.665569 -0.620893 -0.382169
v -0.685349 -0.547860 -0.497934
v -0.569137 -0.620893 -0.514895
v -0.902433 -0.477280 -0.211884
v -0.813810 -0.578358 -0.137696
v -0.905329 -0.492953 -0.121009
v -0.982641 -0.393922 -0.131655
v -0.947912 -0.407785 -0.252067
v -0.885549 -0.434880 -0.358485
v -0.844383 -0.520740 -0.258988
v -0.902433 -0.477280 0.211884
v -0.813809 -0.578357 0.137696
v -0.844383 -0.520741 0.258987
v -0.885549 -0.434880 0.358485
v -0.947912 -0.407786 0.252067
v -0.982641 -0.393922 0.131655
v -0.905329 -0.492952 0.121009
v -0.589049 -0.653112 0.427968
v -0.613191 -0.692173 0.275858
v -0.526012 -0.707143 0.382169
v -0.451843 -0.692174 0.497933
v -0.569137 -0.620893 0.514895
v -0.685349 -0.547861 0.497933
v -0.665569 -0.620893 0.382169
v -0.480379 -0.477283 0.792786
v -0.382435 -0.578360 0.731425
v -0.394845 -0.492956 0.823622
v -0.428860 -0.393926 0.893861
v -0.532649 -0.407789 0.823623
v -0.614588 -0.434882 0.731426
v -0.507239 -0.520743 0.723022
v 0.854626 -0.477283 -0.359014
v 0.927136 -0.434882 -0.230488
v 0.835350 -0.520743 -0.286787
v 0.739321 -0.578361 -0.366943
v 0.803554 -0.492956 -0.434235
v 0.872359 -0.393925 -0.471066
v 0.915039 -0.407788 -0.353238
v 0.728106 -0.653113 -0.000001
v 0.847138 -0.547861 -0.000000
v 0.763091 -0.620893 0.082028
v 0.658228 -0.692174 0.137248
v 0.650187 -0.707145 -0.000000
v 0.658228 -0.692175 -0.137249
v 0.763091 -0.620893 -0.082028
v 0.360480 -0.854774 -0.000000
v 0.422077 -0.820711 0.136454
v 0.317357 -0.864373 0.080998
v 0.223985 -0.889235 0.000000
v 0.317358 -0.864373 -0.080998
v 0.422077 -0.820711 -0.136454
v 0.440616 -0.822289 -0.000000
v -0.077347 -0.477284 0.923738
v -0.120519 -0.578361 0.816526
v -0.014611 -0.520743 0.883085
v 0.067296 -0.434883 0.952982
v -0.053185 -0.407789 0.979408
v -0.178436 -0.393926 0.975229
v -0.164670 -0.492956 0.898410
v 0.225000 -0.653113 0.692467
v 0.072874 -0.692174 0.668422
v 0.200921 -0.707145 0.618361
v 0.333938 -0.692174 0.583596
v 0.313825 -0.620895 0.700390
v 0.261783 -0.547862 0.805672
v 0.157797 -0.620894 0.751088
v 0.605542 -0.477283 0.701850
v 0.577451 -0.578361 0.589738
v 0.661300 -0.492956 0.630032
v 0.717590 -0.393926 0.684088
v 0.618717 -0.407789 0.761091
v 0.505713 -0.434883 0.810529
v 0.530892 -0.520743 0.705837
v -1.407112 3.127981 0.191126
v -1.411755 4.179492 -0.245430
v -1.424473 5.241757 -0.657827
v -1.349276 3.080242 0.234222
v -1.360265 4.186654 -0.229342
v -1.383194 5.304789 -0.666575
v -1.294270 3.146993 0.233826
v -1.311404 4.196398 -0.207457
v -1.341528 5.255732 -0.626440
v -1.213463 3.179860 0.307647
v -1.237162 4.226595 -0.139633
v -1.285272 5.278613 -0.575047
v -1.186674 3.146378 0.382765
v -1.213206 4.246469 -0.094996
v -1.268560 5.351414 -0.561852
v -1.166722 3.225757 0.410734
v -1.195596 4.267411 -0.047958
v -1.250915 5.312350 -0.499274
v -1.166722 3.272238 0.515133
v -1.195596 4.310116 0.047958
v -1.250915 5.344709 -0.426594
v -1.186674 3.239909 0.592838
v -1.213206 4.331059 0.094996
v -1.268560 5.417353 -0.413751
v -1.213463 3.318135 0.618220
v -1.237162 4.350932 0.139633
v -1.285272 5.378446 -0.350820
v -1.294270 3.351003 0.692041
v -1.311404 4.381129 0.207456
v -1.341528 5.401327 -0.299427
v -1.349275 3.306045 0.741381
v -1.360265 4.390873 0.229342
v -1.383194 5.463979 -0.309028
v -1.407112 3.370014 0.734741
v -1.411755 4.398036 0.245430
v -1.424472 5.415301 -0.268041
v -1.521391 3.370014 0.734741
v -1.516749 4.398036 0.245430
v -1.504031 5.415301 -0.268041
v -1.579228 3.306045 0.741381
v -1.568238 4.390873 0.229341
v -1.545310 5.463979 -0.309028
v -1.634234 3.351003 0.692041
v -1.617100 4.381129 0.207457
v -1.586976 5.401327 -0.299427
v -1.715041 3.318135 0.618220
v -1.691342 4.350932 0.139633
v -1.643232 5.378446 -0.350820
v -1.741830 3.239909 0.592838
v -1.715298 4.331059 0.094996
v -1.659943 5.417353 -0.413751
v -1.761782 3.272238 0.515133
v -1.732908 4.310116 0.047958
v -1.677589 5.344709 -0.426594
v -1.464252 7.212110 -1.301558
v -1.390186 6.661664 -1.137558
v -1.433441 6.851962 -1.222634
v -1.464252 6.649186 -1.165585
v -1.495063 6.851962 -1.222634
v -1.538317 6.661665 -1.137558
v -1.538636 6.869686 -1.182827
v -1.568997 6.691790 -1.069896
v -1.538636 6.894750 -1.126533
v -1.538317 6.721915 -1.002234
v -1.495063 6.912472 -1.086727
v -1.464252 6.734393 -0.974207
v -1.433441 6.912472 -1.086726
v -1.390186 6.721915 -1.002234
v -1.389868 6.894750 -1.126533
v -1.359508 6.691790 -1.069896
v -1.389868 6.869685 -1.182827
v -1.761782 3.225757 0.410734
v -1.732908 4.267411 -0.047958
v -1.677589 5.312350 -0.499274
v -1.741830 3.146378 0.382765
v -1.715298 4.246469 -0.094996
v -1.659944 5.351415 -0.561852
v -1.715041 3.179860 0.307647
v -1.691342 4.226595 -0.139633
v -1.643232 5.278613 -0.575047
v -1.634234 3.146993 0.233827
v -1.617100 4.196398 -0.207457
v -1.586976 5.255732 -0.626440
v -1.579229 3.080242 0.234222
v -1.568238 4.186654 -0.229342
v -1.545310 5.304789 -0.666575
v -1.521391 3.127981 0.191126
v -1.516749 4.179491 -0.245430
v -1.504032 5.241757 -0.657827
v -1.464252 1.365417 1.301558
v -1.464252 1.790308 0.855560
v -1.391527 1.623898 0.994288
v -1.298350 1.818259 0.918338
v -1.288681 1.665730 1.088243
v -1.229632 1.885737 1.069896
v -1.288681 1.724889 1.221117
v -1.298350 1.953216 1.221455
v -1.391528 1.766721 1.315072
v -1.464252 1.981166 1.284232
v -1.536976 1.766721 1.315072
v -1.630154 1.953216 1.221455
v -1.639823 1.724889 1.221117
v -1.698872 1.885737 1.069896
v -1.639823 1.665730 1.088244
v -1.630154 1.818259 0.918338
v -1.536976 1.623898 0.994288
v -0.443884 3.396469 -0.136232
v -0.448526 4.527575 -0.266042
v -0.461244 5.662364 -0.369663
v -0.386047 3.338700 -0.107965
v -0.397037 4.530026 -0.248602
v -0.419965 5.725364 -0.360698
v -0.331041 3.402974 -0.089946
v -0.348175 4.533360 -0.224879
v -0.378299 5.667145 -0.335640
v -0.250234 3.414220 -0.009926
v -0.273934 4.543693 -0.151360
v -0.322043 5.674974 -0.279932
v -0.223445 3.361330 0.053053
v -0.249978 4.550493 -0.102975
v -0.305331 5.741318 -0.247180
v -0.203493 3.429924 0.101819
v -0.232367 4.557659 -0.051986
v -0.287686 5.686518 -0.197794
v -0.203493 3.445829 0.214985
v -0.232367 4.572272 0.051986
v -0.287686 5.697590 -0.119010
v -0.223445 3.393333 0.280769
v -0.249978 4.579438 0.102974
v -0.305331 5.763880 -0.086642
v -0.250234 3.461534 0.326730
v -0.273934 4.586237 0.151360
v -0.322043 5.709134 -0.036873
v -0.331041 3.472780 0.406750
v -0.348176 4.596570 0.224879
v -0.378299 5.716963 0.018836
v -0.386047 3.415963 0.441787
v -0.397037 4.599904 0.248602
v -0.419965 5.779834 0.026876
v -0.443884 3.479285 0.453037
v -0.448526 4.602355 0.266042
v -0.461244 5.721745 0.052859
v -0.558162 3.479285 0.453036
v -0.553520 4.602355 0.266042
v -0.540802 5.721745 0.052859
v -0.616000 3.415963 0.441788
v -0.605010 4.599904 0.248602
v -0.582081 5.779834 0.026876
v -0.671005 3.472780 0.406750
v -0.653871 4.596570 0.224879
v -0.623747 5.716963 0.018836
v -0.751812 3.461534 0.326730
v -0.728113 4.586238 0.151360
v -0.680003 5.709134 -0.036873
v -0.778601 3.393333 0.280769
v -0.752069 4.579438 0.102974
v -0.696715 5.763880 -0.086642
v -0.798554 3.445829 0.214985
v -0.769680 4.572271 0.051986
v -0.714360 5.697590 -0.119010
v -0.501023 7.733822 -0.445354
v -0.426958 7.159497 -0.439431
v -0.470212 7.365873 -0.468758
v -0.501023 7.155228 -0.469812
v -0.531834 7.365873 -0.468758
v -0.575089 7.159497 -0.439431
v -0.575408 7.371938 -0.425608
v -0.605768 7.169806 -0.366086
v -0.575408 7.380514 -0.364586
v -0.575089 7.180114 -0.292742
v -0.531834 7.386578 -0.321436
v -0.501023 7.184383 -0.262361
v -0.470212 7.386578 -0.321437
v -0.426957 7.180113 -0.292742
v -0.426639 7.380514 -0.364586
v -0.396279 7.169806 -0.366087
v -0.426639 7.371938 -0.425608
v -0.798554 3.429924 0.101819
v -0.769680 4.557659 -0.051986
v -0.714360 5.686518 -0.197794
v -0.778601 3.361330 0.053053
v -0.752069 4.550493 -0.102975
v -0.696715 5.741318 -0.247180
v -0.751812 3.414220 -0.009926
v -0.728113 4.543693 -0.151360
v -0.680004 5.674974 -0.279932
v -0.671005 3.402974 -0.089946
v -0.653871 4.533360 -0.224879
v -0.623747 5.667145 -0.335640
v -0.615999 3.338700 -0.107965
v -0.605010 4.530026 -0.248602
v -0.582081 5.725364 -0.360698
v -0.558162 3.396468 -0.136232
v -0.553520 4.527575 -0.266042
v -0.540802 5.662363 -0.369663
v -0.501023 1.396108 0.445354
v -0.501023 1.927473 0.133749
v -0.428299 1.729270 0.221235
v -0.335122 1.937036 0.201799
v -0.325452 1.743584 0.323081
v -0.266403 1.960125 0.366086
v -0.325452 1.763826 0.467113
v -0.335122 1.983214 0.530373
v -0.428299 1.778140 0.568959
v -0.501023 1.992778 0.598423
v -0.573747 1.778140 0.568959
v -0.666925 1.983214 0.530373
v -0.676594 1.763826 0.467113
v -0.735644 1.960125 0.366086
v -0.676594 1.743584 0.323081
v -0.666925 1.937037 0.201799
v -0.573747 1.729270 0.221235
v 0.558162 3.479285 -0.453036
v 0.553520 4.602355 -0.266042
v 0.540802 5.721745 -0.052859
v 0.616000 3.415963 -0.441788
v 0.605010 4.599904 -0.248602
v 0.582081 5.779834 -0.026876
v 0.671005 3.472780 -0.406750
v 0.653871 4.596570 -0.224879
v 0.623747 5.716963 -0.018836
v 0.751812 3.461534 -0.326730
v 0.728113 4.586238 -0.151360
v 0.680003 5.709134 0.036873
v 0.778601 3.393333 -0.280769
v 0.752069 4.579437 -0.102974
v 0.696715 5.763880 0.086642
v 0.798553 3.445829 -0.214985
v 0.769679 4.572271 -0.051986
v 0.714360 5.697590 0.119010
v 0.798553 3.429924 -0.101819
v 0.769679 4.557659 0.051986
v 0.714360 5.686518 0.197794
v 0.778601 3.361330 -0.053053
v 0.752069 4.550493 0.102974
v 0.696715 5.741318 0.247180
v 0.751812 3.414220 0.009926
v 0.728113 4.543693 0.151360
v 0.680003 5.674974 0.279931
v 0.671005 3.402973 0.089946
v 0.653871 4.533360 0.224879
v 0.623747 5.667145 0.335640
v 0.616000 3.338700 0.107965
v 0.605010 4.530026 0.248602
v 0.582081 5.725364 0.360698
v 0.558162 3.396468 0.136233
v 0.553520 4.527575 0.266042
v 0.540802 5.662364 0.369663
v 0.443884 3.396468 0.136232
v 0.448526 4.527575 0.266042
v 0.461244 5.662364 0.369663
v 0.386047 3.338700 0.107965
v 0.397037 4.530026 0.248602
v 0.419965 5.725364 0.360698
v 0.331041 3.402973 0.089946
v 0.348176 4.533360 0.224879
v 0.378299 5.667145 0.335640
v 0.250234 3.414220 0.009926
v 0.273934 4.543693 0.151360
v 0.322043 5.674974 0.279931
v 0.223445 3.361330 -0.053054
v 0.249978 4.550493 0.102974
v 0.305332 5.741318 0.247180
v 0.203493 3.429924 -0.101819
v 0.232367 4.557659 0.051986
v 0.287686 5.686518 0.197794
v 0.501023 7.733823 0.445354
v 0.575089 7.180114 0.292742
v 0.531834 7.386579 0.321437
v 0.501023 7.184383 0.262361
v 0.470212 7.386579 0.321436
v 0.426958 7.180114 0.292742
v 0.426639 7.380514 0.364586
v 0.396279 7.169806 0.366086
v 0.426639 7.371938 0.425608
v 0.426958 7.159497 0.439431
v 0.470212 7.365873 0.468757
v 0.501023 7.155228 0.469812
v 0.531834 7.365873 0.468757
v 0.575089 7.159498 0.439431
v 0.575408 7.371938 0.425608
v 0.605768 7.169806 0.366087
v 0.575408 7.380514 0.364586
v 0.203493 3.445829 -0.214985
v 0.232367 4.572271 -0.051986
v 0.287686 5.697590 0.119010
v 0.223445 3.393333 -0.280769
v 0.249977 4.579437 -0.102974
v 0.305331 5.763880 0.086642
v 0.250234 3.461534 -0.326730
v 0.273934 4.586237 -0.151360
v 0.322043 5.709134 0.036873
v 0.331041 3.472780 -0.406750
v 0.348175 4.596570 -0.224879
v 0.378299 5.716963 -0.018836
v 0.386047 3.415963 -0.441788
v 0.397037 4.599904 -0.248602
v 0.419965 5.779834 -0.026876
v 0.443884 3.479285 -0.453036
v 0.448526 4.602355 -0.266042
v 0.461244 5.721745 -0.052859
v 0.501023 1.396108 -0.445354
v 0.501023 1.992778 -0.598424
v 0.573747 1.778140 -0.568959
v 0.666925 1.983214 -0.530374
v 0.676594 1.763826 -0.467113
v 0.735644 1.960125 -0.366086
v 0.676594 1.743584 -0.323081
v 0.666925 1.937036 -0.201799
v 0.573747 1.729270 -0.221235
v 0.501023 1.927472 -0.133749
v 0.428299 1.729270 -0.221235
v 0.335122 1.937036 -0.201799
v 0.325452 1.743584 -0.323081
v 0.266403 1.960125 -0.366086
v 0.325452 1.763826 -0.467113
v 0.335122 1.983214 -0.530374
v 0.428299 1.778140 -0.568959
vn -0.0000 0.3944 -0.9189
vn -0.0000 0.4673 -0.8841
vn 0.7070 0.2753 -0.6514
vn 0.7055 0.3484 -0.6172
vn 0.9999 -0.0123 -0.0055
vn 0.9977 0.0615 0.0274
vn 0.7070 -0.2999 0.6404
vn 0.7055 -0.2255 0.6719
vn -0.0000 -0.4190 0.9080
vn -0.0000 -0.3444 0.9388
vn -0.7070 -0.2999 0.6404
vn -0.7055 -0.2255 0.6719
vn -0.9999 -0.0123 -0.0055
vn -0.9977 0.0615 0.0274
vn -0.7070 0.2753 -0.6514
vn -0.7055 0.3484 -0.6172
vn -0.0000 -1.0000 -0.0000
vn 0.7236 -0.4472 0.5257
vn -0.2764 -0.4472 0.8506
vn -0.8944 -0.4472 -0.0000
vn -0.2764 -0.4472 -0.8507
vn 0.7236 -0.4472 -0.5257
vn 0.2764 0.4472 0.8506
vn -0.7236 0.4472 0.5257
vn -0.7236 0.4472 -0.5257
vn 0.2764 0.4472 -0.8506
vn 0.8944 0.4472 -0.0000
vn -0.0000 1.0000 -0.0000
vn -0.1625 -0.8507 0.5000
vn 0.4253 -0.8507 0.3090
vn 0.2629 -0.5257 0.8090
vn 0.8506 -0.5257 -0.0000
vn 0.4253 -0.8507 -0.3090
vn -0.5257 -0.8507 -0.0000
vn -0.6882 -0.5257 0.5000
vn -0.1625 -0.8507 -0.5000
vn -0.6882 -0.5257 -0.5000
vn 0.2629 -0.5257 -0.8090
vn 0.9511 -0.0000 0.3090
vn 0.9511 -0.0000 -0.3090
vn -0.0000 -0.0000 1.0000
vn 0.5878 -0.0000 0.8090
vn -0.9511 -0.0000 0.3090
vn -0.5878 -0.0000 0.8090
vn -0.5878 -0.0000 -0.8090
vn -0.9511 -0.0000 -0.3090
vn 0.5878 -0.0000 -0.8090
vn -0.0000 -0.0000 -1.0000
vn 0.6882 0.5257 0.5000
vn -0.2629 0.5257 0.8090
vn -0.8507 0.5257 -0.0000
vn -0.2629 0.5257 -0.8090
vn 0.6882 0.5257 -0.5000
vn 0.1625 0.8507 0.5000
vn 0.5257 0.8507 -0.0000
vn -0.4253 0.8507 0.3090
vn -0.4253 0.8507 -0.3090
vn 0.1625 0.8507 -0.5000
vn -0.0000 -0.4190 -0.9080
vn -0.0000 -0.3444 -0.9388
vn 0.7070 -0.2999 -0.6404
vn 0.7055 -0.2255 -0.6719
vn 0.9999 -0.0123 0.0055
vn 0.9977 0.0614 -0.0274
vn 0.7070 0.2753 0.6514
vn 0.7055 0.3484 0.6171
vn -0.0000 0.3944 0.9189
vn -0.0000 0.4673 0.8841
vn -0.7070 0.2753 0.6514
vn -0.7055 0.3484 0.6172
vn -0.9999 -0.0123 0.0055
vn -0.9977 0.0615 -0.0274
vn -0.7070 -0.2999 -0.6404
vn -0.7055 -0.2255 -0.6719
vn -0.0000 -0.1525 -0.9883
vn -0.0000 -0.0722 -0.9974
vn 0.7070 -0.1117 -0.6983
vn 0.7055 -0.0316 -0.7080
vn 0.9999 -0.0133 0.0019
vn 0.9977 0.0666 -0.0094
vn 0.7070 0.0851 0.7020
vn 0.7055 0.1648 0.6893
vn -0.0000 0.1258 0.9921
vn -0.0000 0.2055 0.9787
vn -0.7070 0.0851 0.7020
vn -0.7055 0.1648 0.6893
vn -0.9999 -0.0133 0.0019
vn -0.9977 0.0666 -0.0094
vn -0.7070 -0.1117 -0.6983
vn -0.7055 -0.0316 -0.7080
vn -0.0000 0.1258 -0.9921
vn -0.0000 0.2055 -0.9787
vn 0.7070 0.0851 -0.7020
vn 0.7055 0.1648 -0.6893
vn 0.9999 -0.0133 -0.0019
vn 0.9977 0.0666 0.0094
vn 0.7070 -0.1117 0.6983
vn 0.7055 -0.0316 0.7080
vn -0.0000 -0.1525 0.9883
vn -0.0000 -0.0722 0.9974
vn -0.7070 -0.1117 0.6983
vn -0.7055 -0.0316 0.7080
vn -0.9999 -0.0133 -0.0019
vn -0.9977 0.0666 0.0094
vn -0.7070 0.0851 -0.7020
vn -0.7055 0.1648 -0.6893
vn 0.1838 0.3463 -0.9199
vn 0.3805 0.2751 -0.8829
vn 0.5639 0.2823 -0.7761
vn 0.5813 0.4009 -0.7081
vn 0.3811 0.4583 -0.8030
vn 0.1616 0.4716 -0.8669
vn -0.0000 0.4239 -0.9057
vn -0.0000 0.4414 -0.8973
vn -0.0000 0.4543 -0.8909
vn 0.7061 0.3353 -0.6237
vn 0.7066 0.3224 -0.6299
vn 0.7070 0.3048 -0.6382
vn 0.8238 0.1765 -0.5386
vn 0.9185 0.0562 -0.3914
vn 0.9813 0.0220 -0.1915
vn 0.9837 0.1372 -0.1158
vn 0.9200 0.2391 -0.3107
vn 0.8099 0.3079 -0.4993
vn 0.9986 0.0481 0.0214
vn 0.9993 0.0350 0.0156
vn 0.9998 0.0172 0.0077
vn 0.9813 -0.1276 0.1444
vn 0.9185 -0.2533 0.3037
vn 0.8238 -0.2821 0.4916
vn 0.8099 -0.1650 0.5629
vn 0.9200 -0.0709 0.3856
vn 0.9837 0.0057 0.1795
vn 0.7061 -0.2391 0.6665
vn 0.7066 -0.2524 0.6611
vn 0.7070 -0.2703 0.6535
vn 0.5639 -0.3879 0.7291
vn 0.3805 -0.4721 0.7952
vn 0.1838 -0.4519 0.8729
vn 0.1616 -0.3287 0.9305
vn 0.3811 -0.2900 0.8779
vn 0.5813 -0.2579 0.7717
vn -0.0000 -0.3581 0.9337
vn -0.0000 -0.3715 0.9284
vn -0.0000 -0.3894 0.9211
vn -0.1838 -0.4519 0.8729
vn -0.3805 -0.4721 0.7952
vn -0.5639 -0.3879 0.7291
vn -0.5813 -0.2579 0.7717
vn -0.3811 -0.2900 0.8779
vn -0.1616 -0.3287 0.9305
vn -0.7061 -0.2391 0.6665
vn -0.7066 -0.2524 0.6611
vn -0.7070 -0.2703 0.6535
vn -0.8238 -0.2821 0.4916
vn -0.9185 -0.2533 0.3037
vn -0.9813 -0.1276 0.1444
vn -0.9837 0.0057 0.1795
vn -0.9200 -0.0709 0.3856
vn -0.8099 -0.1650 0.5629
vn -0.9986 0.0481 0.0214
vn -0.9993 0.0350 0.0156
vn -0.9998 0.0172 0.0077
vn -0.9813 0.0220 -0.1915
vn -0.9185 0.0562 -0.3914
vn -0.8238 0.1765 -0.5386
vn -0.8099 0.3079 -0.4993
vn -0.9200 0.2391 -0.3107
vn -0.9837 0.1372 -0.1158
vn -0.7061 0.3353 -0.6237
vn -0.7066 0.3224 -0.6299
vn -0.7070 0.3048 -0.6382
vn -0.5639 0.2823 -0.7761
vn -0.3805 0.2751 -0.8829
vn -0.1838 0.3463 -0.9199
vn -0.1616 0.4716 -0.8669
vn -0.3811 0.4583 -0.8030
vn -0.5813 0.4009 -0.7081
vn -0.1266 -0.9122 0.3897
vn -0.0849 -0.9615 0.2614
vn -0.0415 -0.9909 0.1279
vn 0.5118 -0.7745 0.3718
vn 0.5963 -0.6759 0.4332
vn 0.6684 -0.5634 0.4856
vn 0.1361 -0.5212 0.8425
vn -0.0054 -0.5060 0.8625
vn -0.1465 -0.4803 0.8648
vn 0.8433 -0.5212 0.1310
vn 0.8187 -0.5060 0.2716
vn 0.7772 -0.4803 0.4066
vn 0.5118 -0.7745 -0.3718
vn 0.5963 -0.6759 -0.4332
vn 0.6684 -0.5634 -0.4856
vn -0.4098 -0.9122 -0.0000
vn -0.2749 -0.9615 -0.0000
vn -0.1344 -0.9909 -0.0000
vn -0.7592 -0.5212 0.3897
vn -0.8220 -0.5060 0.2614
vn -0.8677 -0.4803 0.1279
vn -0.1266 -0.9122 -0.3897
vn -0.0849 -0.9615 -0.2614
vn -0.0415 -0.9909 -0.1279
vn -0.6053 -0.5212 -0.6016
vn -0.5026 -0.5060 -0.7010
vn -0.3897 -0.4803 -0.7858
vn 0.3852 -0.5212 -0.7616
vn 0.5113 -0.5060 -0.6947
vn 0.6269 -0.4803 -0.6135
vn 0.9216 -0.1114 0.3718
vn 0.8712 -0.2311 0.4332
vn 0.8028 -0.3459 0.4856
vn 0.9641 0.1114 -0.2409
vn 0.9594 0.2311 -0.1616
vn 0.9349 0.3459 -0.0790
vn -0.0688 -0.1114 0.9914
vn -0.1428 -0.2311 0.9624
vn -0.2138 -0.3459 0.9136
vn 0.5270 0.1114 0.8425
vn 0.4502 0.2311 0.8625
vn 0.3641 0.3459 0.8648
vn -0.9641 -0.1114 0.2409
vn -0.9594 -0.2311 0.1616
vn -0.9349 -0.3459 0.0790
vn -0.6384 0.1114 0.7616
vn -0.6812 0.2311 0.6947
vn -0.7099 0.3459 0.6135
vn -0.5270 -0.1114 -0.8425
vn -0.4501 -0.2311 -0.8625
vn -0.3641 -0.3459 -0.8648
vn -0.9216 0.1114 -0.3718
vn -0.8712 0.2311 -0.4332
vn -0.8028 0.3459 -0.4856
vn 0.6384 -0.1114 -0.7616
vn 0.6812 -0.2311 -0.6947
vn 0.7099 -0.3459 -0.6135
vn 0.0688 0.1114 -0.9914
vn 0.1428 0.2311 -0.9624
vn 0.2138 0.3459 -0.9136
vn 0.6053 0.5212 0.6016
vn 0.5026 0.5060 0.7010
vn 0.3897 0.4803 0.7858
vn -0.3852 0.5212 0.7616
vn -0.5113 0.5060 0.6947
vn -0.6269 0.4803 0.6135
vn -0.8433 0.5212 -0.1310
vn -0.8187 0.5060 -0.2716
vn -0.7772 0.4803 -0.4066
vn -0.1361 0.5212 -0.8425
vn 0.0054 0.5060 -0.8625
vn 0.1465 0.4803 -0.8648
vn 0.7592 0.5212 -0.3897
vn 0.8220 0.5060 -0.2614
vn 0.8677 0.4803 -0.1279
vn 0.1955 0.7745 0.6016
vn 0.2278 0.6759 0.7010
vn 0.2553 0.5634 0.7857
vn 0.4098 0.9122 -0.0000
vn 0.2749 0.9615 -0.0000
vn 0.1344 0.9909 -0.0000
vn -0.5118 0.7745 0.3718
vn -0.5963 0.6759 0.4332
vn -0.6684 0.5634 0.4856
vn -0.5118 0.7745 -0.3718
vn -0.5963 0.6759 -0.4332
vn -0.6684 0.5634 -0.4856
vn 0.1955 0.7745 -0.6016
vn 0.2278 0.6759 -0.7010
vn 0.2553 0.5634 -0.7857
vn -0.2553 -0.5634 0.7857
vn -0.2278 -0.6759 0.7010
vn -0.1955 -0.7745 0.6016
vn 0.1088 -0.9909 0.0790
vn 0.2224 -0.9615 0.1616
vn 0.3315 -0.9122 0.2409
vn 0.6269 -0.4803 0.6135
vn 0.5113 -0.5060 0.6947
vn 0.3852 -0.5212 0.7616
vn 0.7772 -0.4803 -0.4066
vn 0.8187 -0.5060 -0.2716
vn 0.8433 -0.5212 -0.1310
vn 0.1088 -0.9909 -0.0790
vn 0.2224 -0.9615 -0.1616
vn 0.3315 -0.9122 -0.2409
vn -0.8262 -0.5634 -0.0000
vn -0.7370 -0.6759 -0.0000
vn -0.6326 -0.7745 -0.0000
vn -0.3897 -0.4803 0.7858
vn -0.5026 -0.5060 0.7010
vn -0.6053 -0.5212 0.6016
vn -0.2553 -0.5634 -0.7857
vn -0.2278 -0.6759 -0.7010
vn -0.1955 -0.7745 -0.6016
vn -0.8677 -0.4803 -0.1279
vn -0.8220 -0.5060 -0.2614
vn -0.7592 -0.5212 -0.3897
vn -0.1465 -0.4803 -0.8648
vn -0.0054 -0.5060 -0.8625
vn 0.1361 -0.5212 -0.8425
vn 0.9349 0.3459 0.0790
vn 0.9594 0.2311 0.1616
vn 0.9641 0.1114 0.2409
vn 0.8028 -0.3459 -0.4856
vn 0.8712 -0.2311 -0.4332
vn 0.9216 -0.1114 -0.3718
vn 0.2138 0.3459 0.9136
vn 0.1428 0.2311 0.9624
vn 0.0688 0.1114 0.9914
vn 0.7099 -0.3459 0.6135
vn 0.6812 -0.2311 0.6947
vn 0.6384 -0.1114 0.7616
vn -0.8028 0.3459 0.4856
vn -0.8712 0.2311 0.4332
vn -0.9216 0.1114 0.3718
vn -0.3641 -0.3459 0.8648
vn -0.4501 -0.2311 0.8625
vn -0.5270 -0.1114 0.8425
vn -0.7099 0.3459 -0.6135
vn -0.6812 0.2311 -0.6947
vn -0.6384 0.1114 -0.7616
vn -0.9349 -0.3459 -0.0790
vn -0.9594 -0.2311 -0.1616
vn -0.9641 -0.1114 -0.2409
vn 0.3641 0.3459 -0.8648
vn 0.4501 0.2311 -0.8625
vn 0.5270 0.1114 -0.8425
vn -0.2138 -0.3459 -0.9136
vn -0.1428 -0.2311 -0.9624
vn -0.0688 -0.1114 -0.9914
vn 0.8677 0.4803 0.1279
vn 0.8220 0.5060 0.2614
vn 0.7592 0.5212 0.3897
vn 0.1465 0.4803 0.8648
vn 0.0054 0.5060 0.8625
vn -0.1361 0.5212 0.8425
vn -0.7772 0.4803 0.4066
vn -0.8187 0.5060 0.2716
vn -0.8433 0.5212 0.1310
vn -0.6269 0.4803 -0.6135
vn -0.5113 0.5060 -0.6947
vn -0.3852 0.5212 -0.7616
vn 0.3897 0.4803 -0.7857
vn 0.5026 0.5060 -0.7010
vn 0.6053 0.5212 -0.6016
vn 0.0415 0.9909 0.1279
vn 0.0849 0.9615 0.2614
vn 0.1266 0.9122 0.3897
vn 0.8262 0.5634 -0.0000
vn 0.7370 0.6759 -0.0000
vn 0.6326 0.7745 -0.0000
vn -0.1088 0.9909 0.0790
vn -0.2224 0.9615 0.1616
vn -0.3315 0.9122 0.2409
vn -0.1088 0.9909 -0.0790
vn -0.2224 0.9615 -0.1616
vn -0.3315 0.9122 -0.2409
vn 0.0415 0.9909 -0.1279
vn 0.0849 0.9615 -0.2614
vn 0.1266 0.9122 -0.3897
vn 0.4639 0.8718 -0.1571
vn 0.3875 0.8778 -0.2816
vn 0.2928 0.8718 -0.3926
vn 0.5723 0.8048 -0.1571
vn 0.6118 0.7392 -0.2816
vn 0.6488 0.6518 -0.3926
vn 0.3263 0.8048 -0.4958
vn 0.4568 0.7392 -0.4949
vn 0.5739 0.6518 -0.4958
vn -0.0061 0.8718 -0.4898
vn -0.1480 0.8778 -0.4556
vn -0.2830 0.8718 -0.3998
vn 0.0274 0.8048 -0.5929
vn -0.0787 0.7392 -0.6689
vn -0.1729 0.6518 -0.7384
vn -0.3707 0.8048 -0.4635
vn -0.3295 0.7392 -0.5874
vn -0.2941 0.6518 -0.6990
vn -0.4677 0.8718 -0.1456
vn -0.4790 0.8778 -0.0000
vn -0.4677 0.8718 0.1456
vn -0.5554 0.8048 -0.2093
vn -0.6605 0.7392 -0.1318
vn -0.7557 0.6518 -0.0637
vn -0.5554 0.8048 0.2093
vn -0.6605 0.7392 0.1318
vn -0.7557 0.6518 0.0637
vn -0.2830 0.8718 0.3998
vn -0.1480 0.8778 0.4556
vn -0.0061 0.8718 0.4898
vn -0.3707 0.8048 0.4635
vn -0.3295 0.7392 0.5874
vn -0.2941 0.6518 0.6990
vn 0.0274 0.8048 0.5929
vn -0.0787 0.7392 0.6689
vn -0.1729 0.6518 0.7384
vn 0.2928 0.8718 0.3926
vn 0.3875 0.8778 0.2816
vn 0.4639 0.8718 0.1571
vn 0.3263 0.8048 0.4958
vn 0.4568 0.7392 0.4949
vn 0.5739 0.6518 0.4958
vn 0.5723 0.8048 0.1571
vn 0.6118 0.7392 0.2816
vn 0.6488 0.6518 0.3926
vn 0.9063 0.1368 -0.3998
vn 0.8513 0.2602 -0.4556
vn 0.7825 0.3845 -0.4898
vn 0.8856 0.0284 -0.4635
vn 0.8085 0.0359 -0.5874
vn 0.7145 0.0284 -0.6990
vn 0.7076 0.3845 -0.5929
vn 0.6964 0.2602 -0.6689
vn 0.6603 0.1368 -0.7384
vn -0.1002 0.1368 -0.9855
vn -0.1702 0.2602 -0.9504
vn -0.2240 0.3845 -0.8956
vn -0.1672 0.0284 -0.9855
vn -0.3088 0.0359 -0.9504
vn -0.4440 0.0284 -0.8956
vn -0.3452 0.3845 -0.8562
vn -0.4210 0.2602 -0.8690
vn -0.4982 0.1368 -0.8562
vn -0.9682 0.1368 -0.2093
vn -0.9565 0.2602 -0.1318
vn -0.9209 0.3845 -0.0637
vn -0.9889 0.0284 -0.1456
vn -0.9994 0.0359 -0.0000
vn -0.9889 0.0284 0.1456
vn -0.9209 0.3845 0.0637
vn -0.9565 0.2602 0.1318
vn -0.9682 0.1368 0.2093
vn -0.4982 0.1368 0.8562
vn -0.4210 0.2602 0.8690
vn -0.3452 0.3845 0.8562
vn -0.4440 0.0284 0.8956
vn -0.3088 0.0359 0.9504
vn -0.1672 0.0284 0.9855
vn -0.2240 0.3845 0.8956
vn -0.1702 0.2602 0.9504
vn -0.1002 0.1368 0.9855
vn 0.6603 0.1368 0.7384
vn 0.6964 0.2602 0.6689
vn 0.7076 0.3845 0.5929
vn 0.7145 0.0284 0.6990
vn 0.8085 0.0359 0.5874
vn 0.8856 0.0284 0.4635
vn 0.7825 0.3845 0.4898
vn 0.8513 0.2602 0.4556
vn 0.9063 0.1368 0.3998
vn 0.4440 -0.0284 -0.8956
vn 0.3088 -0.0359 -0.9504
vn 0.1672 -0.0284 -0.9855
vn 0.4982 -0.1368 -0.8562
vn 0.4210 -0.2602 -0.8690
vn 0.3452 -0.3845 -0.8562
vn 0.1002 -0.1368 -0.9855
vn 0.1702 -0.2602 -0.9504
vn 0.2240 -0.3845 -0.8956
vn -0.7145 -0.0284 -0.6990
vn -0.8085 -0.0359 -0.5874
vn -0.8856 -0.0284 -0.4635
vn -0.6603 -0.1368 -0.7384
vn -0.6964 -0.2602 -0.6689
vn -0.7076 -0.3845 -0.5929
vn -0.9063 -0.1368 -0.3998
vn -0.8513 -0.2602 -0.4556
vn -0.7825 -0.3845 -0.4898
vn -0.8856 -0.0284 0.4635
vn -0.8085 -0.0359 0.5874
vn -0.7145 -0.0284 0.6990
vn -0.9063 -0.1368 0.3998
vn -0.8513 -0.2602 0.4556
vn -0.7825 -0.3845 0.4898
vn -0.6603 -0.1368 0.7384
vn -0.6964 -0.2602 0.6689
vn -0.7076 -0.3845 0.5929
vn 0.1672 -0.0284 0.9855
vn 0.3088 -0.0359 0.9504
vn 0.4440 -0.0284 0.8956
vn 0.1002 -0.1368 0.9855
vn 0.1702 -0.2602 0.9504
vn 0.2240 -0.3845 0.8956
vn 0.4982 -0.1368 0.8562
vn 0.4210 -0.2602 0.8690
vn 0.3452 -0.3845 0.8562
vn 0.9889 -0.0284 0.1456
vn 0.9994 -0.0359 -0.0000
vn 0.9889 -0.0284 -0.1456
vn 0.9682 -0.1368 0.2093
vn 0.9565 -0.2602 0.1318
vn 0.9209 -0.3845 0.0637
vn 0.9682 -0.1368 -0.2093
vn 0.9565 -0.2602 -0.1318
vn 0.9209 -0.3845 -0.0637
vn 0.3707 -0.8048 -0.4635
vn 0.3295 -0.7392 -0.5874
vn 0.2941 -0.6518 -0.6990
vn 0.2829 -0.8718 -0.3998
vn 0.1480 -0.8778 -0.4556
vn 0.0061 -0.8718 -0.4898
vn 0.1729 -0.6518 -0.7384
vn 0.0787 -0.7392 -0.6689
vn -0.0274 -0.8048 -0.5929
vn -0.3263 -0.8048 -0.4958
vn -0.4568 -0.7392 -0.4949
vn -0.5739 -0.6518 -0.4958
vn -0.2928 -0.8718 -0.3926
vn -0.3875 -0.8778 -0.2816
vn -0.4639 -0.8718 -0.1571
vn -0.6488 -0.6518 -0.3926
vn -0.6118 -0.7392 -0.2816
vn -0.5723 -0.8048 -0.1571
vn -0.5723 -0.8048 0.1571
vn -0.6118 -0.7392 0.2816
vn -0.6488 -0.6518 0.3926
vn -0.4639 -0.8718 0.1571
vn -0.3875 -0.8778 0.2816
vn -0.2928 -0.8718 0.3926
vn -0.5739 -0.6518 0.4958
vn -0.4568 -0.7392 0.4949
vn -0.3263 -0.8048 0.4958
vn 0.7557 -0.6518 -0.0637
vn 0.6605 -0.7392 -0.1318
vn 0.5554 -0.8048 -0.2093
vn 0.7557 -0.6518 0.0637
vn 0.6605 -0.7392 0.1318
vn 0.5554 -0.8048 0.2093
vn 0.4677 -0.8718 -0.1456
vn 0.4790 -0.8778 -0.0000
vn 0.4677 -0.8718 0.1456
vn -0.0274 -0.8048 0.5929
vn 0.0787 -0.7392 0.6689
vn 0.1729 -0.6518 0.7384
vn 0.0061 -0.8718 0.4898
vn 0.1480 -0.8778 0.4556
vn 0.2830 -0.8718 0.3998
vn 0.2941 -0.6518 0.6990
vn 0.3295 -0.7392 0.5874
vn 0.3707 -0.8048 0.4635
vn 0.1838 -0.4519 -0.8729
vn 0.3805 -0.4721 -0.7952
vn 0.5639 -0.3879 -0.7291
vn 0.5813 -0.2579 -0.7717
vn 0.3811 -0.2900 -0.8779
vn 0.1616 -0.3287 -0.9305
vn -0.0000 -0.3894 -0.9211
vn -0.0000 -0.3715 -0.9284
vn -0.0000 -0.3581 -0.9337
vn 0.7061 -0.2391 -0.6665
vn 0.7066 -0.2524 -0.6611
vn 0.7070 -0.2703 -0.6535
vn 0.8239 -0.2821 -0.4916
vn 0.9185 -0.2533 -0.3037
vn 0.9813 -0.1276 -0.1444
vn 0.9837 0.0057 -0.1795
vn 0.9200 -0.0709 -0.3856
vn 0.8099 -0.1650 -0.5629
vn 0.9986 0.0481 -0.0214
vn 0.9993 0.0350 -0.0156
vn 0.9998 0.0172 -0.0077
vn 0.9813 0.0220 0.1915
vn 0.9185 0.0562 0.3914
vn 0.8238 0.1765 0.5386
vn 0.8099 0.3079 0.4993
vn 0.9200 0.2391 0.3107
vn 0.9837 0.1372 0.1158
vn 0.7061 0.3353 0.6237
vn 0.7066 0.3224 0.6299
vn 0.7070 0.3048 0.6382
vn 0.5639 0.2823 0.7761
vn 0.3805 0.2751 0.8829
vn 0.1838 0.3463 0.9199
vn 0.1616 0.4716 0.8669
vn 0.3811 0.4583 0.8030
vn 0.5813 0.4009 0.7081
vn -0.0000 0.4543 0.8909
vn -0.0000 0.4414 0.8973
vn -0.0000 0.4239 0.9057
vn -0.1838 0.3463 0.9199
vn -0.3805 0.2751 0.8829
vn -0.5639 0.2823 0.7761
vn -0.5813 0.4009 0.7081
vn -0.3811 0.4583 0.8030
vn -0.1616 0.4716 0.8669
vn -0.7061 0.3353 0.6237
vn -0.7066 0.3224 0.6299
vn -0.7070 0.3048 0.6382
vn -0.8238 0.1765 0.5386
vn -0.9185 0.0562 0.3914
vn -0.9813 0.0220 0.1915
vn -0.9837 0.1372 0.1158
vn -0.9200 0.2391 0.3107
vn -0.8099 0.3079 0.4993
vn -0.9986 0.0481 -0.0214
vn -0.9993 0.0350 -0.0156
vn -0.9998 0.0172 -0.0077
vn -0.9813 -0.1276 -0.1444
vn -0.9185 -0.2533 -0.3037
vn -0.8239 -0.2821 -0.4916
vn -0.8099 -0.1650 -0.5629
vn -0.9200 -0.0709 -0.3856
vn -0.9837 0.0057 -0.1795
vn -0.7061 -0.2391 -0.6665
vn -0.7066 -0.2524 -0.6611
vn -0.7070 -0.2703 -0.6535
vn -0.5639 -0.3879 -0.7291
vn -0.3805 -0.4721 -0.7952
vn -0.1838 -0.4519 -0.8729
vn -0.1616 -0.3287 -0.9305
vn -0.3811 -0.2900 -0.8779
vn -0.5813 -0.2579 -0.7717
vn 0.1838 -0.1938 -0.9637
vn 0.3805 -0.2346 -0.8945
vn 0.5639 -0.1719 -0.8078
vn 0.5813 -0.0352 -0.8129
vn 0.3811 -0.0368 -0.9238
vn 0.1616 -0.0594 -0.9851
vn -0.0000 -0.1205 -0.9927
vn -0.0000 -0.1012 -0.9949
vn -0.0000 -0.0869 -0.9962
vn 0.7061 -0.0462 -0.7066
vn 0.7066 -0.0604 -0.7050
vn 0.7070 -0.0797 -0.7027
vn 0.8238 -0.1357 -0.5503
vn 0.9185 -0.1597 -0.3617
vn 0.9813 -0.0828 -0.1740
vn 0.9837 0.0550 -0.1709
vn 0.9200 0.0382 -0.3902
vn 0.8099 -0.0034 -0.5866
vn 0.9986 0.0521 -0.0073
vn 0.9993 0.0379 -0.0053
vn 0.9998 0.0187 -0.0026
vn 0.9813 -0.0317 0.1901
vn 0.9185 -0.0538 0.3918
vn 0.8238 0.0212 0.5664
vn 0.8099 0.1584 0.5648
vn 0.9200 0.1442 0.3645
vn 0.9837 0.1000 0.1492
vn 0.7061 0.1504 0.6919
vn 0.7066 0.1363 0.6944
vn 0.7070 0.1171 0.6975
vn 0.5639 0.0574 0.8239
vn 0.3805 0.0210 0.9246
vn 0.1838 0.0793 0.9797
vn 0.1616 0.2144 0.9633
vn 0.3811 0.2192 0.8982
vn 0.5813 0.1902 0.7911
vn -0.0000 0.1911 0.9816
vn -0.0000 0.1770 0.9842
vn -0.0000 0.1578 0.9875
vn -0.1838 0.0793 0.9797
vn -0.3805 0.0210 0.9246
vn -0.5639 0.0574 0.8239
vn -0.5813 0.1902 0.7911
vn -0.3811 0.2192 0.8982
vn -0.1616 0.2144 0.9633
vn -0.7061 0.1504 0.6919
vn -0.7066 0.1363 0.6944
vn -0.7070 0.1171 0.6975
vn -0.8238 0.0212 0.5664
vn -0.9185 -0.0538 0.3918
vn -0.9813 -0.0317 0.1901
vn -0.9837 0.1000 0.1492
vn -0.9200 0.1442 0.3645
vn -0.8099 0.1584 0.5648
vn -0.9986 0.0521 -0.0073
vn -0.9993 0.0379 -0.0053
vn -0.9998 0.0187 -0.0026
vn -0.9813 -0.0828 -0.1740
vn -0.9185 -0.1597 -0.3617
vn -0.8238 -0.1357 -0.5503
vn -0.8099 -0.0034 -0.5866
vn -0.9200 0.0382 -0.3902
vn -0.9837 0.0550 -0.1709
vn -0.7061 -0.0462 -0.7066
vn -0.7066 -0.0604 -0.7050
vn -0.7070 -0.0797 -0.7027
vn -0.5639 -0.1719 -0.8078
vn -0.3805 -0.2346 -0.8945
vn -0.1838 -0.1938 -0.9637
vn -0.1616 -0.0594 -0.9851
vn -0.3811 -0.0368 -0.9238
vn -0.5813 -0.0352 -0.8129
vn 0.1838 0.0793 -0.9797
vn 0.3805 0.0210 -0.9246
vn 0.5639 0.0574 -0.8239
vn 0.5813 0.1902 -0.7911
vn 0.3811 0.2192 -0.8982
vn 0.1616 0.2144 -0.9633
vn -0.0000 0.1578 -0.9875
vn -0.0000 0.1770 -0.9842
vn -0.0000 0.1911 -0.9816
vn 0.7061 0.1504 -0.6919
vn 0.7066 0.1363 -0.6944
vn 0.7070 0.1171 -0.6975
vn 0.8238 0.0212 -0.5664
vn 0.9185 -0.0538 -0.3918
vn 0.9813 -0.0317 -0.1901
vn 0.9837 0.1000 -0.1492
vn 0.9200 0.1442 -0.3645
vn 0.8099 0.1584 -0.5648
vn 0.9986 0.0521 0.0073
vn 0.9993 0.0379 0.0053
vn 0.9998 0.0187 0.0026
vn 0.9813 -0.0828 0.1740
vn 0.9185 -0.1597 0.3617
vn 0.8238 -0.1357 0.5503
vn 0.8099 -0.0034 0.5866
vn 0.9200 0.0382 0.3902
vn 0.9837 0.0550 0.1709
vn 0.7061 -0.0462 0.7066
vn 0.7066 -0.0604 0.7050
vn 0.7070 -0.0797 0.7027
vn 0.5639 -0.1719 0.8078
vn 0.3805 -0.2346 0.8945
vn 0.1838 -0.1938 0.9637
vn 0.1616 -0.0594 0.9851
vn 0.3811 -0.0368 0.9238
vn 0.5813 -0.0352 0.8129
vn -0.0000 -0.0869 0.9962
vn -0.0000 -0.1012 0.9949
vn -0.0000 -0.1205 0.9927
vn -0.1838 -0.1938 0.9637
vn -0.3805 -0.2346 0.8945
vn -0.5639 -0.1719 0.8078
vn -0.5813 -0.0352 0.8129
vn -0.3811 -0.0368 0.9238
vn -0.1616 -0.0594 0.9851
vn -0.7061 -0.0462 0.7066
vn -0.7066 -0.0604 0.7050
vn -0.7070 -0.0797 0.7027
vn -0.8238 -0.1357 0.5503
vn -0.9185 -0.1597 0.3617
vn -0.9813 -0.0828 0.1740
vn -0.9837 0.0550 0.1709
vn -0.9200 0.0382 0.3902
vn -0.8099 -0.0034 0.5866
vn -0.9986 0.0521 0.0073
vn -0.9993 0.0379 0.0053
vn -0.9998 0.0187 0.0026
vn -0.9813 -0.0317 -0.1901
vn -0.9185 -0.0538 -0.3918
vn -0.8239 0.0212 -0.5664
vn -0.8099 0.1584 -0.5648
vn -0.9200 0.1442 -0.3645
vn -0.9837 0.1000 -0.1492
vn -0.7061 0.1504 -0.6919
vn -0.7066 0.1363 -0.6944
vn -0.7070 0.1171 -0.6975
vn -0.5639 0.0574 -0.8239
vn -0.3805 0.0210 -0.9246
vn -0.1838 0.0793 -0.9797
vn -0.1616 0.2144 -0.9633
vn -0.3811 0.2192 -0.8982
vn -0.5813 0.1902 -0.7911
vn 0.2679 0.3974 -0.8777
vn 0.2397 0.4290 -0.8709
vn 0.2373 0.4479 -0.8620
vn 0.3827 0.3682 -0.8474
vn 0.3824 0.4095 -0.8283
vn 0.3819 0.4342 -0.8159
vn 0.4918 0.3596 -0.7930
vn 0.5165 0.3824 -0.7662
vn 0.5179 0.4006 -0.7559
vn 0.8707 0.2055 -0.4468
vn 0.8555 0.2445 -0.4565
vn 0.8535 0.2641 -0.4493
vn 0.9238 0.1480 -0.3530
vn 0.9232 0.1895 -0.3342
vn 0.9219 0.2146 -0.3225
vn 0.9634 0.1145 -0.2423
vn 0.9701 0.1319 -0.2037
vn 0.9697 0.1500 -0.1930
vn 0.9634 -0.1035 0.2472
vn 0.9701 -0.0631 0.2343
vn 0.9697 -0.0430 0.2406
vn 0.9238 -0.1633 0.3462
vn 0.9232 -0.1216 0.3645
vn 0.9219 -0.0961 0.3752
vn 0.8707 -0.1945 0.4517
vn 0.8555 -0.1757 0.4871
vn 0.8535 -0.1571 0.4969
vn 0.4918 -0.3486 0.7979
vn 0.5165 -0.3135 0.7968
vn 0.5179 -0.2936 0.8035
vn 0.3827 -0.3834 0.8406
vn 0.3824 -0.3416 0.8585
vn 0.3819 -0.3157 0.8686
vn 0.2679 -0.3864 0.8826
vn 0.2397 -0.3602 0.9016
vn 0.2373 -0.3409 0.9097
vn -0.2679 -0.3864 0.8826
vn -0.2397 -0.3602 0.9016
vn -0.2373 -0.3409 0.9097
vn -0.3827 -0.3834 0.8406
vn -0.3824 -0.3416 0.8585
vn -0.3819 -0.3157 0.8686
vn -0.4918 -0.3486 0.7979
vn -0.5165 -0.3135 0.7968
vn -0.5179 -0.2936 0.8035
vn -0.8707 -0.1945 0.4517
vn -0.8555 -0.1757 0.4871
vn -0.8535 -0.1571 0.4969
vn -0.9238 -0.1633 0.3462
vn -0.9232 -0.1216 0.3645
vn -0.9219 -0.0961 0.3752
vn -0.9634 -0.1035 0.2472
vn -0.9701 -0.0631 0.2343
vn -0.9697 -0.0430 0.2406
vn -0.0000 0.9135 0.4067
vn 0.7035 0.3787 -0.6014
vn 0.3758 0.5414 -0.7521
vn -0.0000 0.4972 -0.8676
vn -0.3758 0.5414 -0.7521
vn -0.7035 0.3787 -0.6014
vn -0.9073 0.3252 -0.2666
vn -0.9949 0.0926 0.0412
vn -0.9073 0.0195 0.4201
vn -0.7035 -0.1936 0.6839
vn -0.3758 -0.1967 0.9056
vn -0.0000 -0.3121 0.9501
vn 0.3758 -0.1967 0.9056
vn 0.7035 -0.1936 0.6839
vn 0.9073 0.0195 0.4201
vn 0.9949 0.0926 0.0412
vn 0.9073 0.3252 -0.2666
vn -0.9634 0.1145 -0.2423
vn -0.9701 0.1319 -0.2037
vn -0.9697 0.1500 -0.1930
vn -0.9238 0.1480 -0.3530
vn -0.9232 0.1895 -0.3342
vn -0.9219 0.2146 -0.3225
vn -0.8707 0.2055 -0.4468
vn -0.8555 0.2445 -0.4565
vn -0.8535 0.2641 -0.4493
vn -0.4918 0.3596 -0.7930
vn -0.5165 0.3824 -0.7662
vn -0.5179 0.4006 -0.7559
vn -0.3827 0.3682 -0.8474
vn -0.3824 0.4095 -0.8283
vn -0.3819 0.4342 -0.8159
vn -0.2679 0.3974 -0.8777
vn -0.2397 0.4290 -0.8709
vn -0.2373 0.4479 -0.8620
vn -0.0000 -0.9135 -0.4067
vn -0.0000 0.2588 -0.9659
vn 0.3557 0.0121 -0.9345
vn 0.6984 0.1411 -0.7017
vn 0.8587 -0.1925 -0.4750
vn 0.9877 -0.1430 -0.0637
vn 0.8587 -0.4818 0.1748
vn 0.6984 -0.4270 0.5744
vn 0.3557 -0.6864 0.6343
vn -0.0000 -0.5447 0.8386
vn -0.3557 -0.6864 0.6343
vn -0.6984 -0.4270 0.5744
vn -0.8587 -0.4818 0.1748
vn -0.9877 -0.1430 -0.0637
vn -0.8587 -0.1925 -0.4750
vn -0.6984 0.1411 -0.7017
vn -0.3557 0.0121 -0.9345
vn 0.0999 -0.9463 0.3074
vn 0.0541 -0.9846 0.1664
vn 0.1639 -0.9578 0.2361
vn 0.2457 -0.9127 0.3264
vn 0.1269 -0.9117 0.3907
vn -0.0070 -0.9127 0.4085
vn 0.0062 -0.9578 0.2874
vn 0.7018 -0.6571 0.2751
vn 0.7217 -0.5669 0.3972
vn 0.6505 -0.6711 0.3556
vn 0.5894 -0.7576 0.2804
vn 0.6814 -0.7050 0.1966
vn 0.7723 -0.6179 0.1476
vn 0.7647 -0.5839 0.2727
vn -0.2615 -0.9463 0.1900
vn -0.1415 -0.9846 0.1028
vn -0.1739 -0.9578 0.2289
vn -0.2345 -0.9127 0.3346
vn -0.3323 -0.9117 0.2415
vn -0.3906 -0.9127 0.1196
vn -0.2714 -0.9578 0.0947
vn -0.2615 -0.9463 -0.1900
vn -0.1415 -0.9846 -0.1028
vn -0.2714 -0.9578 -0.0947
vn -0.3906 -0.9127 -0.1196
vn -0.3323 -0.9117 -0.2415
vn -0.2345 -0.9127 -0.3346
vn -0.1739 -0.9578 -0.2289
vn 0.0999 -0.9463 -0.3074
vn 0.0541 -0.9846 -0.1664
vn 0.0062 -0.9578 -0.2874
vn -0.0070 -0.9127 -0.4085
vn 0.1269 -0.9117 -0.3907
vn 0.2457 -0.9127 -0.3264
vn 0.1639 -0.9578 -0.2361
vn 0.9016 -0.3339 0.2751
vn 0.8298 -0.3920 0.3972
vn 0.8642 -0.4228 0.2727
vn 0.8980 -0.4144 0.1476
vn 0.9353 -0.2942 0.1966
vn 0.9412 -0.1884 0.2804
vn 0.8912 -0.2817 0.3556
vn 0.0170 -0.3339 0.9425
vn -0.1213 -0.3920 0.9119
vn 0.0077 -0.4228 0.9062
vn 0.1372 -0.4144 0.8997
vn 0.1020 -0.2942 0.9503
vn 0.0242 -0.1884 0.9818
vn -0.0628 -0.2817 0.9574
vn -0.8911 -0.3339 0.3074
vn -0.9048 -0.3920 0.1664
vn -0.8594 -0.4228 0.2874
vn -0.8133 -0.4144 0.4085
vn -0.8722 -0.2942 0.3907
vn -0.9263 -0.1884 0.3264
vn -0.9300 -0.2817 0.2361
vn -0.5677 -0.3339 -0.7525
vn -0.4379 -0.3920 -0.8091
vn -0.5389 -0.4228 -0.7286
vn -0.6398 -0.4144 -0.6472
vn -0.6411 -0.2942 -0.7088
vn -0.5966 -0.1884 -0.7801
vn -0.5119 -0.2817 -0.8115
vn 0.5402 -0.3339 -0.7725
vn 0.6342 -0.3920 -0.6665
vn 0.5264 -0.4228 -0.7377
vn 0.4179 -0.4144 -0.8085
vn 0.4760 -0.2942 -0.8288
vn 0.5575 -0.1884 -0.8085
vn 0.6136 -0.2817 -0.7377
vn 0.8017 -0.1341 0.5825
vn 0.7757 -0.2838 0.5636
vn 0.8414 -0.1822 0.5088
vn 0.8783 -0.0627 0.4739
vn 0.8084 -0.0403 0.5873
vn 0.7222 -0.0627 0.6889
vn 0.7439 -0.1822 0.6430
vn -0.3062 -0.1341 0.9425
vn -0.2963 -0.2838 0.9119
vn -0.2239 -0.1822 0.9574
vn -0.1793 -0.0627 0.9818
vn -0.3088 -0.0403 0.9503
vn -0.4320 -0.0627 0.8997
vn -0.3817 -0.1822 0.9062
vn -0.9910 -0.1341 -0.0000
vn -0.9589 -0.2838 -0.0000
vn -0.9798 -0.1822 0.0830
vn -0.9892 -0.0627 0.1329
vn -0.9992 -0.0403 -0.0000
vn -0.9892 -0.0627 -0.1329
vn -0.9798 -0.1822 -0.0830
vn -0.3062 -0.1341 -0.9425
vn -0.2963 -0.2838 -0.9119
vn -0.3817 -0.1822 -0.9062
vn -0.4320 -0.0627 -0.8997
vn -0.3088 -0.0403 -0.9503
vn -0.1793 -0.0627 -0.9818
vn -0.2239 -0.1822 -0.9574
vn 0.8017 -0.1341 -0.5825
vn 0.7757 -0.2838 -0.5636
vn 0.7439 -0.1822 -0.6430
vn 0.7222 -0.0627 -0.6889
vn 0.8084 -0.0403 -0.5873
vn 0.8783 -0.0627 -0.4739
vn 0.8414 -0.1822 -0.5088
vn 0.4061 0.6571 0.6351
vn 0.3504 0.5669 0.7455
vn 0.4584 0.5839 0.6701
vn 0.5381 0.6179 0.5733
vn 0.4357 0.7050 0.5596
vn 0.3120 0.7576 0.5733
vn 0.3172 0.6711 0.6701
vn -0.4785 0.6571 0.5825
vn -0.6008 0.5669 0.5636
vn -0.4956 0.5839 0.6430
vn -0.3790 0.6179 0.6889
vn -0.3976 0.7050 0.5873
vn -0.4488 0.7576 0.4739
vn -0.5392 0.6711 0.5088
vn -0.7018 0.6571 -0.2751
vn -0.7217 0.5669 -0.3972
vn -0.7647 0.5839 -0.2727
vn -0.7723 0.6179 -0.1476
vn -0.6814 0.7050 -0.1966
vn -0.5894 0.7576 -0.2804
vn -0.6505 0.6711 -0.3556
vn 0.0447 0.6571 -0.7525
vn 0.1548 0.5669 -0.8091
vn 0.0230 0.5839 -0.8115
vn -0.0983 0.6179 -0.7801
vn -0.0236 0.7050 -0.7088
vn 0.0845 0.7576 -0.6472
vn 0.1372 0.6711 -0.7286
vn 0.7295 0.6571 -0.1900
vn 0.8173 0.5669 -0.1028
vn 0.7789 0.5839 -0.2289
vn 0.7115 0.6179 -0.3346
vn 0.6669 0.7050 -0.2415
vn 0.6417 0.7576 -0.1196
vn 0.7353 0.6711 -0.0947
vn 0.2615 0.9463 -0.1900
vn 0.3906 0.9127 -0.1196
vn 0.3323 0.9117 -0.2415
vn 0.2345 0.9127 -0.3346
vn 0.1739 0.9578 -0.2289
vn 0.1415 0.9846 -0.1028
vn 0.2714 0.9578 -0.0947
vn 0.4911 0.7947 -0.3568
vn 0.5126 0.8293 -0.2224
vn 0.5571 0.7673 -0.3176
vn 0.5764 0.7017 -0.4188
vn 0.4742 0.7673 -0.4317
vn 0.3699 0.8293 -0.4188
vn 0.4371 0.8414 -0.3176
vn 0.4061 0.6571 -0.6351
vn 0.5381 0.6179 -0.5733
vn 0.4584 0.5839 -0.6701
vn 0.3504 0.5669 -0.7455
vn 0.3172 0.6711 -0.6701
vn 0.3120 0.7576 -0.5733
vn 0.4357 0.7050 -0.5596
vn -0.0999 0.9463 -0.3074
vn 0.0070 0.9127 -0.4085
vn -0.1269 0.9117 -0.3907
vn -0.2457 0.9127 -0.3264
vn -0.1639 0.9578 -0.2361
vn -0.0541 0.9846 -0.1664
vn -0.0062 0.9578 -0.2874
vn -0.1876 0.7947 -0.5773
vn -0.0531 0.8293 -0.5562
vn -0.1299 0.7673 -0.6280
vn -0.2202 0.7017 -0.6776
vn -0.2640 0.7673 -0.5844
vn -0.2840 0.8293 -0.4812
vn -0.1670 0.8414 -0.5139
vn -0.4785 0.6571 -0.5825
vn -0.3790 0.6179 -0.6889
vn -0.4956 0.5839 -0.6430
vn -0.6008 0.5669 -0.5636
vn -0.5392 0.6711 -0.5088
vn -0.4488 0.7576 -0.4739
vn -0.3976 0.7050 -0.5873
vn -0.3232 0.9463 -0.0000
vn -0.3863 0.9127 -0.1329
vn -0.4108 0.9117 -0.0000
vn -0.3863 0.9127 0.1329
vn -0.2752 0.9578 0.0830
vn -0.1750 0.9846 -0.0000
vn -0.2752 0.9578 -0.0830
vn -0.6071 0.7947 -0.0000
vn -0.5454 0.8293 -0.1214
vn -0.6374 0.7673 -0.0705
vn -0.7124 0.7017 -0.0000
vn -0.6374 0.7673 0.0705
vn -0.5454 0.8293 0.1214
vn -0.5403 0.8414 -0.0000
vn -0.7018 0.6571 0.2751
vn -0.7723 0.6179 0.1476
vn -0.7647 0.5839 0.2727
vn -0.7217 0.5669 0.3972
vn -0.6505 0.6711 0.3556
vn -0.5894 0.7576 0.2804
vn -0.6814 0.7050 0.1966
vn -0.0999 0.9463 0.3074
vn -0.2457 0.9127 0.3264
vn -0.1269 0.9117 0.3907
vn 0.0070 0.9127 0.4085
vn -0.0062 0.9578 0.2874
vn -0.0541 0.9846 0.1664
vn -0.1639 0.9578 0.2361
vn -0.1876 0.7947 0.5773
vn -0.2840 0.8293 0.4812
vn -0.2640 0.7673 0.5844
vn -0.2202 0.7017 0.6776
vn -0.1299 0.7673 0.6280
vn -0.0531 0.8294 0.5562
vn -0.1670 0.8414 0.5139
vn 0.0447 0.6571 0.7525
vn -0.0983 0.6179 0.7801
vn 0.0230 0.5839 0.8115
vn 0.1548 0.5669 0.8091
vn 0.1372 0.6711 0.7286
vn 0.0845 0.7576 0.6472
vn -0.0236 0.7050 0.7088
vn 0.2615 0.9463 0.1900
vn 0.2345 0.9127 0.3346
vn 0.3323 0.9117 0.2415
vn 0.3906 0.9127 0.1196
vn 0.2714 0.9578 0.0947
vn 0.1415 0.9846 0.1028
vn 0.1739 0.9578 0.2289
vn 0.4911 0.7947 0.3568
vn 0.3699 0.8293 0.4188
vn 0.4742 0.7673 0.4317
vn 0.5764 0.7017 0.4188
vn 0.5571 0.7673 0.3176
vn 0.5126 0.8293 0.2224
vn 0.4371 0.8414 0.3176
vn 0.7295 0.6571 0.1900
vn 0.7115 0.6179 0.3346
vn 0.7789 0.5839 0.2289
vn 0.8173 0.5669 0.1028
vn 0.7353 0.6711 0.0947
vn 0.6417 0.7576 0.1196
vn 0.6669 0.7050 0.2415
vn 0.8911 0.3339 -0.3074
vn 0.9263 0.1884 -0.3264
vn 0.8722 0.2942 -0.3907
vn 0.8133 0.4144 -0.4085
vn 0.8594 0.4228 -0.2874
vn 0.9048 0.3920 -0.1664
vn 0.9300 0.2817 -0.2361
vn 0.7947 0.1876 -0.5773
vn 0.8688 0.1169 -0.4812
vn 0.8044 0.1070 -0.5844
vn 0.7261 0.1169 -0.6776
vn 0.7444 0.2270 -0.6280
vn 0.7655 0.3234 -0.5562
vn 0.8273 0.2270 -0.5139
vn 0.5677 0.3339 -0.7525
vn 0.5966 0.1884 -0.7801
vn 0.5119 0.2817 -0.8115
vn 0.4379 0.3920 -0.8091
vn 0.5389 0.4228 -0.7286
vn 0.6398 0.4144 -0.6472
vn 0.6411 0.2942 -0.7088
vn -0.0170 0.3339 -0.9425
vn -0.0242 0.1884 -0.9818
vn -0.1020 0.2942 -0.9503
vn -0.1372 0.4144 -0.8997
vn -0.0077 0.4228 -0.9062
vn 0.1213 0.3920 -0.9119
vn 0.0628 0.2817 -0.9574
vn -0.3035 0.1876 -0.9342
vn -0.1892 0.1169 -0.9750
vn -0.3072 0.1070 -0.9456
vn -0.4200 0.1169 -0.9000
vn -0.3672 0.2270 -0.9020
vn -0.2924 0.3234 -0.9000
vn -0.2331 0.2270 -0.9456
vn -0.5402 0.3339 -0.7725
vn -0.5575 0.1884 -0.8085
vn -0.6136 0.2817 -0.7377
vn -0.6342 0.3920 -0.6665
vn -0.5264 0.4228 -0.7377
vn -0.4179 0.4144 -0.8085
vn -0.4760 0.2942 -0.8288
vn -0.9016 0.3339 -0.2751
vn -0.9412 0.1884 -0.2804
vn -0.9353 0.2942 -0.1966
vn -0.8980 0.4144 -0.1476
vn -0.8642 0.4228 -0.2727
vn -0.8298 0.3920 -0.3972
vn -0.8912 0.2817 -0.3556
vn -0.9822 0.1876 -0.0000
vn -0.9857 0.1169 -0.1214
vn -0.9943 0.1070 -0.0000
vn -0.9857 0.1169 0.1214
vn -0.9713 0.2270 0.0705
vn -0.9463 0.3234 -0.0000
vn -0.9713 0.2270 -0.0705
vn -0.9016 0.3339 0.2751
vn -0.9412 0.1884 0.2804
vn -0.8912 0.2817 0.3556
vn -0.8298 0.3920 0.3972
vn -0.8642 0.4228 0.2727
vn -0.8980 0.4144 0.1476
vn -0.9353 0.2942 0.1966
vn -0.5402 0.3339 0.7725
vn -0.5575 0.1884 0.8085
vn -0.4760 0.2942 0.8288
vn -0.4179 0.4144 0.8085
vn -0.5264 0.4228 0.7377
vn -0.6342 0.3920 0.6665
vn -0.6136 0.2817 0.7377
vn -0.3035 0.1876 0.9342
vn -0.4200 0.1169 0.9000
vn -0.3072 0.1070 0.9456
vn -0.1892 0.1169 0.9750
vn -0.2331 0.2270 0.9456
vn -0.2924 0.3234 0.9000
vn -0.3672 0.2270 0.9020
vn -0.0170 0.3339 0.9425
vn -0.0242 0.1884 0.9818
vn 0.0628 0.2817 0.9574
vn 0.1213 0.3920 0.9119
vn -0.0077 0.4228 0.9062
vn -0.1372 0.4144 0.8997
vn -0.1020 0.2942 0.9503
vn 0.5677 0.3339 0.7525
vn 0.5966 0.1884 0.7801
vn 0.6411 0.2942 0.7088
vn 0.6398 0.4144 0.6472
vn 0.5389 0.4228 0.7286
vn 0.4379 0.3920 0.8091
vn 0.5119 0.2817 0.8115
vn 0.7947 0.1876 0.5774
vn 0.7261 0.1169 0.6776
vn 0.8044 0.1070 0.5844
vn 0.8688 0.1169 0.4812
vn 0.8273 0.2270 0.5139
vn 0.7655 0.3234 0.5562
vn 0.7444 0.2270 0.6280
vn 0.8911 0.3339 0.3074
vn 0.9263 0.1884 0.3264
vn 0.9300 0.2817 0.2361
vn 0.9048 0.3920 0.1664
vn 0.8594 0.4228 0.2874
vn 0.8133 0.4144 0.4085
vn 0.8722 0.2942 0.3907
vn 0.3062 0.1341 -0.9425
vn 0.4320 0.0627 -0.8997
vn 0.3088 0.0403 -0.9503
vn 0.1793 0.0627 -0.9818
vn 0.2239 0.1822 -0.9574
vn 0.2963 0.2838 -0.9119
vn 0.3817 0.1822 -0.9062
vn 0.3035 -0.1876 -0.9342
vn 0.4200 -0.1169 -0.9000
vn 0.3672 -0.2270 -0.9020
vn 0.2924 -0.3234 -0.9000
vn 0.2331 -0.2270 -0.9456
vn 0.1892 -0.1169 -0.9750
vn 0.3072 -0.1070 -0.9456
vn 0.0170 -0.3339 -0.9425
vn 0.1372 -0.4144 -0.8997
vn 0.0077 -0.4228 -0.9062
vn -0.1213 -0.3920 -0.9119
vn -0.0628 -0.2817 -0.9574
vn 0.0242 -0.1884 -0.9818
vn 0.1020 -0.2942 -0.9503
vn -0.8017 0.1341 -0.5825
vn -0.7222 0.0627 -0.6889
vn -0.8084 0.0403 -0.5873
vn -0.8783 0.0627 -0.4739
vn -0.8414 0.1822 -0.5088
vn -0.7757 0.2838 -0.5636
vn -0.7439 0.1822 -0.6430
vn -0.7947 -0.1876 -0.5773
vn -0.7261 -0.1169 -0.6776
vn -0.7444 -0.2270 -0.6280
vn -0.7655 -0.3234 -0.5562
vn -0.8273 -0.2270 -0.5139
vn -0.8688 -0.1169 -0.4812
vn -0.8044 -0.1070 -0.5844
vn -0.8911 -0.3339 -0.3074
vn -0.8133 -0.4144 -0.4085
vn -0.8594 -0.4228 -0.2874
vn -0.9048 -0.3920 -0.1664
vn -0.9300 -0.2817 -0.2361
vn -0.9263 -0.1884 -0.3264
vn -0.8722 -0.2942 -0.3907
vn -0.8017 0.1341 0.5825
vn -0.8783 0.0627 0.4739
vn -0.8084 0.0403 0.5873
vn -0.7222 0.0627 0.6889
vn -0.7439 0.1822 0.6430
vn -0.7757 0.2838 0.5636
vn -0.8414 0.1822 0.5088
vn -0.7947 -0.1876 0.5773
vn -0.8688 -0.1169 0.4812
vn -0.8273 -0.2270 0.5139
vn -0.7655 -0.3234 0.5562
vn -0.7444 -0.2270 0.6280
vn -0.7261 -0.1169 0.6776
vn -0.8044 -0.1070 0.5844
vn -0.5677 -0.3339 0.7525
vn -0.6398 -0.4144 0.6472
vn -0.5389 -0.4228 0.7286
vn -0.4379 -0.3920 0.8091
vn -0.5119 -0.2817 0.8115
vn -0.5966 -0.1884 0.7801
vn -0.6411 -0.2942 0.7088
vn 0.3062 0.1341 0.9425
vn 0.1793 0.0627 0.9818
vn 0.3088 0.0403 0.9503
vn 0.4320 0.0627 0.8997
vn 0.3817 0.1822 0.9062
vn 0.2963 0.2838 0.9119
vn 0.2239 0.1822 0.9574
vn 0.3035 -0.1876 0.9342
vn 0.1892 -0.1169 0.9750
vn 0.2331 -0.2270 0.9456
vn 0.2924 -0.3234 0.9000
vn 0.3672 -0.2270 0.9020
vn 0.4200 -0.1169 0.9000
vn 0.3072 -0.1070 0.9456
vn 0.5402 -0.3339 0.7725
vn 0.4179 -0.4144 0.8085
vn 0.5264 -0.4228 0.7377
vn 0.6342 -0.3920 0.6664
vn 0.6136 -0.2817 0.7377
vn 0.5575 -0.1884 0.8085
vn 0.4760 -0.2942 0.8288
vn 0.9910 0.1341 -0.0000
vn 0.9892 0.0627 0.1329
vn 0.9992 0.0403 -0.0000
vn 0.9892 0.0627 -0.1329
vn 0.9798 0.1822 -0.0830
vn 0.9589 0.2838 -0.0000
vn 0.9798 0.1822 0.0830
vn 0.9822 -0.1876 -0.0000
vn 0.9857 -0.1169 0.1214
vn 0.9713 -0.2270 0.0705
vn 0.9463 -0.3234 -0.0000
vn 0.9713 -0.2270 -0.0705
vn 0.9857 -0.1169 -0.1214
vn 0.9943 -0.1070 -0.0000
vn 0.9016 -0.3339 -0.2751
vn 0.8980 -0.4144 -0.1476
vn 0.8642 -0.4228 -0.2727
vn 0.8298 -0.3920 -0.3972
vn 0.8912 -0.2817 -0.3556
vn 0.9412 -0.1884 -0.2804
vn 0.9353 -0.2942 -0.1966
vn 0.4785 -0.6571 -0.5825
vn 0.4488 -0.7576 -0.4739
vn 0.3976 -0.7050 -0.5873
vn 0.3790 -0.6179 -0.6889
vn 0.4956 -0.5839 -0.6430
vn 0.6008 -0.5669 -0.5636
vn 0.5392 -0.6711 -0.5088
vn 0.1876 -0.7947 -0.5773
vn 0.2840 -0.8294 -0.4812
vn 0.1670 -0.8414 -0.5139
vn 0.0531 -0.8294 -0.5562
vn 0.1299 -0.7673 -0.6280
vn 0.2202 -0.7017 -0.6776
vn 0.2640 -0.7673 -0.5844
vn -0.0447 -0.6571 -0.7525
vn -0.0845 -0.7576 -0.6472
vn -0.1372 -0.6711 -0.7286
vn -0.1548 -0.5669 -0.8091
vn -0.0230 -0.5839 -0.8115
vn 0.0983 -0.6179 -0.7801
vn 0.0236 -0.7050 -0.7088
vn -0.4061 -0.6571 -0.6351
vn -0.3120 -0.7576 -0.5733
vn -0.4357 -0.7050 -0.5596
vn -0.5381 -0.6179 -0.5733
vn -0.4584 -0.5839 -0.6701
vn -0.3504 -0.5669 -0.7455
vn -0.3172 -0.6711 -0.6701
vn -0.4911 -0.7947 -0.3568
vn -0.3699 -0.8293 -0.4188
vn -0.4371 -0.8414 -0.3176
vn -0.5126 -0.8293 -0.2224
vn -0.5571 -0.7673 -0.3176
vn -0.5764 -0.7017 -0.4188
vn -0.4742 -0.7673 -0.4317
vn -0.7295 -0.6571 -0.1900
vn -0.6417 -0.7576 -0.1196
vn -0.7353 -0.6711 -0.0947
vn -0.8173 -0.5669 -0.1028
vn -0.7789 -0.5839 -0.2289
vn -0.7115 -0.6179 -0.3346
vn -0.6669 -0.7050 -0.2415
vn -0.7295 -0.6571 0.1900
vn -0.6417 -0.7576 0.1196
vn -0.6669 -0.7050 0.2415
vn -0.7115 -0.6179 0.3346
vn -0.7789 -0.5839 0.2289
vn -0.8173 -0.5669 0.1028
vn -0.7353 -0.6711 0.0947
vn -0.4911 -0.7947 0.3568
vn -0.5126 -0.8294 0.2224
vn -0.4371 -0.8414 0.3176
vn -0.3699 -0.8293 0.4188
vn -0.4742 -0.7673 0.4317
vn -0.5764 -0.7017 0.4188
vn -0.5571 -0.7673 0.3176
vn -0.4061 -0.6571 0.6351
vn -0.3120 -0.7576 0.5733
vn -0.3172 -0.6711 0.6701
vn -0.3504 -0.5669 0.7455
vn -0.4584 -0.5839 0.6701
vn -0.5381 -0.6179 0.5733
vn -0.4357 -0.7050 0.5596
vn 0.7018 -0.6571 -0.2751
vn 0.7723 -0.6179 -0.1476
vn 0.6814 -0.7050 -0.1966
vn 0.5894 -0.7576 -0.2804
vn 0.6505 -0.6711 -0.3556
vn 0.7217 -0.5669 -0.3972
vn 0.7647 -0.5839 -0.2727
vn 0.6071 -0.7947 -0.0000
vn 0.7124 -0.7017 -0.0000
vn 0.6374 -0.7673 0.0705
vn 0.5454 -0.8293 0.1214
vn 0.5403 -0.8414 -0.0000
vn 0.5454 -0.8293 -0.1214
vn 0.6374 -0.7673 -0.0705
vn 0.3232 -0.9463 -0.0000
vn 0.3863 -0.9127 0.1328
vn 0.2752 -0.9578 0.0830
vn 0.1750 -0.9846 -0.0000
vn 0.2752 -0.9578 -0.0829
vn 0.3863 -0.9127 -0.1328
vn 0.4108 -0.9117 -0.0000
vn -0.0447 -0.6571 0.7525
vn -0.0845 -0.7576 0.6472
vn 0.0236 -0.7050 0.7088
vn 0.0983 -0.6179 0.7801
vn -0.0230 -0.5839 0.8115
vn -0.1548 -0.5669 0.8091
vn -0.1372 -0.6711 0.7286
vn 0.1876 -0.7947 0.5773
vn 0.0531 -0.8294 0.5562
vn 0.1670 -0.8414 0.5139
vn 0.2840 -0.8293 0.4812
vn 0.2640 -0.7673 0.5844
vn 0.2202 -0.7017 0.6776
vn 0.1299 -0.7673 0.6280
vn 0.4785 -0.6571 0.5825
vn 0.4488 -0.7576 0.4739
vn 0.5392 -0.6711 0.5088
vn 0.6008 -0.5669 0.5636
vn 0.4956 -0.5839 0.6430
vn 0.3790 -0.6179 0.6889
vn 0.3976 -0.7050 0.5873
vn 0.2679 -0.3864 -0.8826
vn 0.2397 -0.3602 -0.9016
vn 0.2373 -0.3409 -0.9097
vn 0.3827 -0.3834 -0.8406
vn 0.3824 -0.3416 -0.8585
vn 0.3819 -0.3157 -0.8686
vn 0.4918 -0.3486 -0.7979
vn 0.5165 -0.3135 -0.7968
vn 0.5179 -0.2936 -0.8035
vn 0.8707 -0.1945 -0.4517
vn 0.8555 -0.1757 -0.4871
vn 0.8535 -0.1571 -0.4969
vn 0.9238 -0.1633 -0.3462
vn 0.9232 -0.1216 -0.3645
vn 0.9219 -0.0961 -0.3752
vn 0.9634 -0.1035 -0.2472
vn 0.9701 -0.0631 -0.2343
vn 0.9697 -0.0430 -0.2406
vn 0.9634 0.1145 0.2423
vn 0.9701 0.1319 0.2037
vn 0.9697 0.1500 0.1930
vn 0.9238 0.1480 0.3530
vn 0.9232 0.1895 0.3342
vn 0.9219 0.2146 0.3225
vn 0.8707 0.2055 0.4468
vn 0.8555 0.2445 0.4565
vn 0.8535 0.2641 0.4493
vn 0.4918 0.3596 0.7930
vn 0.5165 0.3824 0.7662
vn 0.5179 0.4006 0.7559
vn 0.3827 0.3682 0.8474
vn 0.3824 0.4095 0.8283
vn 0.3819 0.4342 0.8159
vn 0.2679 0.3974 0.8777
vn 0.2397 0.4290 0.8709
vn 0.2373 0.4479 0.8620
vn -0.2679 0.3974 0.8777
vn -0.2397 0.4290 0.8709
vn -0.2373 0.4479 0.8620
vn -0.3827 0.3682 0.8474
vn -0.3824 0.4095 0.8283
vn -0.3819 0.4342 0.8159
vn -0.4918 0.3596 0.7930
vn -0.5165 0.3824 0.7662
vn -0.5179 0.4006 0.7559
vn -0.8707 0.2055 0.4468
vn -0.8555 0.2445 0.4565
vn -0.8535 0.2641 0.4493
vn -0.9238 0.1480 0.3530
vn -0.9232 0.1895 0.3342
vn -0.9219 0.2146 0.3225
vn -0.9634 0.1145 0.2423
vn -0.9701 0.1319 0.2037
vn -0.9697 0.1500 0.1930
vn -0.0000 0.9135 -0.4067
vn 0.7035 -0.1936 -0.6839
vn 0.3758 -0.1967 -0.9056
vn -0.0000 -0.3121 -0.9501
vn -0.3758 -0.1967 -0.9056
vn -0.7035 -0.1936 -0.6839
vn -0.9073 0.0195 -0.4201
vn -0.9949 0.0926 -0.0412
vn -0.9073 0.3252 0.2666
vn -0.7035 0.3787 0.6014
vn -0.3758 0.5414 0.7521
vn -0.0000 0.4972 0.8676
vn 0.3758 0.5414 0.7521
vn 0.7035 0.3787 0.6014
vn 0.9073 0.3252 0.2666
vn 0.9949 0.0926 -0.0412
vn 0.9073 0.0195 -0.4201
vn -0.9634 -0.1035 -0.2472
vn -0.9701 -0.0631 -0.2343
vn -0.9697 -0.0430 -0.2406
vn -0.9238 -0.1633 -0.3462
vn -0.9232 -0.1216 -0.3645
vn -0.9219 -0.0961 -0.3752
vn -0.8707 -0.1945 -0.4517
vn -0.8555 -0.1757 -0.4871
vn -0.8535 -0.1571 -0.4969
vn -0.4918 -0.3486 -0.7979
vn -0.5165 -0.3135 -0.7968
vn -0.5179 -0.2936 -0.8035
vn -0.3827 -0.3834 -0.8406
vn -0.3824 -0.3416 -0.8585
vn -0.3819 -0.3157 -0.8686
vn -0.2679 -0.3864 -0.8826
vn -0.2397 -0.3602 -0.9016
vn -0.2373 -0.3409 -0.9097
vn -0.0000 -0.9135 0.4067
vn -0.0000 -0.5447 -0.8386
vn 0.3557 -0.6864 -0.6343
vn 0.6984 -0.4270 -0.5744
vn 0.8587 -0.4818 -0.1748
vn 0.9877 -0.1430 0.0636
vn 0.8587 -0.1925 0.4750
vn 0.6984 0.1411 0.7017
vn 0.3557 0.0121 0.9345
vn -0.0000 0.2588 0.9659
vn -0.3557 0.0121 0.9345
vn -0.6984 0.1411 0.7017
vn -0.8587 -0.1925 0.4750
vn -0.9877 -0.1430 0.0636
vn -0.8587 -0.4818 -0.1748
vn -0.6984 -0.4270 -0.5744
vn -0.3557 -0.6864 -0.6343
vn 0.2679 -0.1281 -0.9549
vn 0.2397 -0.0977 -0.9659
vn 0.2373 -0.0770 -0.9684
vn 0.3827 -0.1368 -0.9137
vn 0.3824 -0.0917 -0.9194
vn 0.3819 -0.0641 -0.9220
vn 0.4918 -0.1152 -0.8631
vn 0.5165 -0.0818 -0.8524
vn 0.5179 -0.0608 -0.8533
vn 0.8707 -0.0625 -0.4878
vn 0.8555 -0.0346 -0.5167
vn 0.8535 -0.0141 -0.5210
vn 0.9238 -0.0615 -0.3778
vn 0.9232 -0.0164 -0.3839
vn 0.9219 0.0111 -0.3872
vn 0.9634 -0.0313 -0.2661
vn 0.9701 0.0039 -0.2426
vn 0.9697 0.0250 -0.2431
vn 0.9634 0.0433 0.2645
vn 0.9701 0.0707 0.2322
vn 0.9697 0.0910 0.2268
vn 0.9238 0.0450 0.3801
vn 0.9232 0.0900 0.3735
vn 0.9219 0.1174 0.3691
vn 0.8707 0.0744 0.4862
vn 0.8555 0.1092 0.5062
vn 0.8535 0.1301 0.5047
vn 0.4918 0.1271 0.8614
vn 0.5165 0.1564 0.8419
vn 0.5179 0.1768 0.8370
vn 0.3827 0.1203 0.9160
vn 0.3824 0.1653 0.9091
vn 0.3819 0.1925 0.9039
vn 0.2679 0.1401 0.9532
vn 0.2397 0.1723 0.9554
vn 0.2373 0.1929 0.9521
vn -0.2679 0.1401 0.9532
vn -0.2397 0.1723 0.9554
vn -0.2373 0.1929 0.9521
vn -0.3827 0.1203 0.9160
vn -0.3824 0.1653 0.9091
vn -0.3819 0.1925 0.9039
vn -0.4918 0.1271 0.8614
vn -0.5165 0.1564 0.8419
vn -0.5179 0.1768 0.8370
vn -0.8707 0.0744 0.4862
vn -0.8555 0.1092 0.5062
vn -0.8535 0.1301 0.5047
vn -0.9238 0.0450 0.3801
vn -0.9232 0.0900 0.3735
vn -0.9219 0.1174 0.3691
vn -0.9634 0.0433 0.2645
vn -0.9701 0.0707 0.2322
vn -0.9697 0.0910 0.2268
vn -0.0000 0.9903 -0.1392
vn 0.7035 0.0024 -0.7107
vn 0.3758 0.0606 -0.9247
vn -0.0000 -0.0381 -0.9993
vn -0.3758 0.0606 -0.9247
vn -0.7035 0.0024 -0.7107
vn -0.9073 0.1345 -0.3984
vn -0.9949 0.1003 -0.0141
vn -0.9073 0.2391 0.3459
vn -0.7035 0.1982 0.6825
vn -0.3758 0.3131 0.8722
vn -0.0000 0.2388 0.9711
vn 0.3758 0.3131 0.8722
vn 0.7035 0.1982 0.6825
vn 0.9073 0.2391 0.3459
vn 0.9949 0.1003 -0.0141
vn 0.9073 0.1345 -0.3984
vn -0.9634 -0.0313 -0.2661
vn -0.9701 0.0039 -0.2426
vn -0.9697 0.0250 -0.2431
vn -0.9238 -0.0615 -0.3778
vn -0.9232 -0.0164 -0.3839
vn -0.9219 0.0111 -0.3872
vn -0.8707 -0.0625 -0.4878
vn -0.8555 -0.0346 -0.5167
vn -0.8535 -0.0141 -0.5210
vn -0.4918 -0.1152 -0.8631
vn -0.5165 -0.0818 -0.8524
vn -0.5179 -0.0608 -0.8533
vn -0.3827 -0.1368 -0.9137
vn -0.3824 -0.0917 -0.9194
vn -0.3819 -0.0641 -0.9220
vn -0.2679 -0.1281 -0.9549
vn -0.2397 -0.0977 -0.9659
vn -0.2373 -0.0770 -0.9684
vn -0.0000 -0.9903 0.1392
vn -0.0000 -0.2924 -0.9563
vn 0.3557 -0.4850 -0.7989
vn 0.6984 -0.2522 -0.6698
vn 0.8587 -0.4150 -0.3008
vn 0.9877 -0.1550 0.0218
vn 0.8587 -0.3160 0.4036
vn 0.6984 -0.0578 0.7134
vn 0.3557 -0.2460 0.9017
vn -0.0000 -0.0175 0.9998
vn -0.3557 -0.2460 0.9017
vn -0.6984 -0.0578 0.7134
vn -0.8587 -0.3160 0.4036
vn -0.9877 -0.1550 0.0218
vn -0.8587 -0.4150 -0.3008
vn -0.6984 -0.2522 -0.6698
vn -0.3557 -0.4850 -0.7989
vn 0.2679 0.1401 -0.9532
vn 0.2397 0.1723 -0.9554
vn 0.2373 0.1929 -0.9521
vn 0.3827 0.1203 -0.9160
vn 0.3824 0.1653 -0.9091
vn 0.3819 0.1925 -0.9039
vn 0.4918 0.1271 -0.8614
vn 0.5165 0.1564 -0.8419
vn 0.5179 0.1768 -0.8370
vn 0.8707 0.0744 -0.4862
vn 0.8555 0.1092 -0.5062
vn 0.8535 0.1301 -0.5047
vn 0.9238 0.0450 -0.3801
vn 0.9232 0.0900 -0.3735
vn 0.9219 0.1174 -0.3691
vn 0.9634 0.0433 -0.2645
vn 0.9701 0.0707 -0.2322
vn 0.9697 0.0910 -0.2268
vn 0.9634 -0.0313 0.2661
vn 0.9701 0.0039 0.2426
vn 0.9697 0.0250 0.2431
vn 0.9238 -0.0615 0.3778
vn 0.9232 -0.0164 0.3839
vn 0.9219 0.0111 0.3872
vn 0.8707 -0.0625 0.4879
vn 0.8555 -0.0346 0.5167
vn 0.8535 -0.0141 0.5210
vn 0.4918 -0.1152 0.8631
vn 0.5165 -0.0818 0.8524
vn 0.5179 -0.0608 0.8533
vn 0.3827 -0.1368 0.9137
vn 0.3824 -0.0917 0.9194
vn 0.3819 -0.0641 0.9220
vn 0.2679 -0.1281 0.9549
vn 0.2397 -0.0977 0.9659
vn 0.2373 -0.0770 0.9684
vn -0.2679 -0.1281 0.9549
vn -0.2397 -0.0977 0.9659
vn -0.2373 -0.0770 0.9684
vn -0.3827 -0.1368 0.9137
vn -0.3824 -0.0917 0.9194
vn -0.3819 -0.0641 0.9220
vn -0.4918 -0.1152 0.8631
vn -0.5165 -0.0818 0.8524
vn -0.5179 -0.0608 0.8533
vn -0.8707 -0.0625 0.4879
vn -0.8555 -0.0346 0.5167
vn -0.8535 -0.0141 0.5210
vn -0.9238 -0.0615 0.3778
vn -0.9232 -0.0164 0.3839
vn -0.9219 0.0111 0.3872
vn -0.9634 -0.0313 0.2661
vn -0.9701 0.0039 0.2426
vn -0.9697 0.0250 0.2431
vn -0.0000 0.9903 0.1392
vn 0.7035 0.1982 -0.6825
vn 0.3758 0.3131 -0.8722
vn -0.0000 0.2388 -0.9711
vn -0.3758 0.3131 -0.8722
vn -0.7035 0.1982 -0.6825
vn -0.9073 0.2391 -0.3459
vn -0.9949 0.1003 0.0141
vn -0.9073 0.1345 0.3984
vn -0.7035 0.0024 0.7107
vn -0.3758 0.0606 0.9247
vn -0.0000 -0.0381 0.9993
vn 0.3758 0.0606 0.9247
vn 0.7035 0.0024 0.7107
vn 0.9073 0.1345 0.3984
vn 0.9949 0.1003 0.0141
vn 0.9073 0.2391 -0.3459
vn -0.9634 0.0433 -0.2645
vn -0.9701 0.0707 -0.2322
vn -0.9697 0.0910 -0.2268
vn -0.9238 0.0450 -0.3801
vn -0.9232 0.0900 -0.3735
vn -0.9219 0.1174 -0.3691
vn -0.8707 0.0744 -0.4862
vn -0.8555 0.1092 -0.5062
vn -0.8535 0.1301 -0.5047
vn -0.4918 0.1271 -0.8614
vn -0.5165 0.1564 -0.8419
vn -0.5179 0.1768 -0.8370
vn -0.3827 0.1203 -0.9160
vn -0.3824 0.1653 -0.9091
vn -0.3819 0.1925 -0.9039
vn -0.2679 0.1401 -0.9532
vn -0.2397 0.1723 -0.9554
vn -0.2373 0.1929 -0.9521
vn -0.0000 -0.9903 -0.1392
vn -0.0000 -0.0175 -0.9998
vn 0.3557 -0.2460 -0.9017
vn 0.6984 -0.0578 -0.7134
vn 0.8587 -0.3160 -0.4036
vn 0.9877 -0.1550 -0.0218
vn 0.8587 -0.4150 0.3008
vn 0.6984 -0.2522 0.6698
vn 0.3557 -0.4850 0.7989
vn -0.0000 -0.2924 0.9563
vn -0.3557 -0.4850 0.7989
vn -0.6984 -0.2522 0.6698
vn -0.8587 -0.4150 0.3008
vn -0.9877 -0.1550 -0.0218
vn -0.8587 -0.3160 -0.4036
vn -0.6984 -0.0578 -0.7134
vn -0.3557 -0.2460 -0.9017
vt 0.968750 0.625000
vt 0.968750 0.750000
vt 0.937500 0.750000
vt 0.937500 0.625000
vt 0.968750 0.875000
vt 0.937500 0.875000
vt 0.906250 0.750000
vt 0.906250 0.625000
vt 0.906250 0.875000
vt 1.000000 0.500000
vt 1.000000 0.625000
vt 0.968750 0.500000
vt 1.000000 0.750000
vt 1.000000 0.875000
vt 1.000000 1.000000
vt 0.968750 1.000000
vt 0.937500 1.000000
vt 0.906250 1.000000
vt 0.875000 1.000000
vt 0.875000 0.875000
vt 0.875000 0.750000
vt 0.875000 0.625000
vt 0.906250 0.500000
vt 0.875000 0.500000
vt 0.937500 0.500000
vt 0.843750 0.625000
vt 0.843750 0.750000
vt 0.812500 0.750000
vt 0.812500 0.625000
vt 0.843750 0.875000
vt 0.812500 0.875000
vt 0.781250 0.750000
vt 0.781250 0.625000
vt 0.781250 0.875000
vt 0.843750 0.500000
vt 0.843750 1.000000
vt 0.812500 1.000000
vt 0.781250 1.000000
vt 0.750000 1.000000
vt 0.750000 0.875000
vt 0.750000 0.750000
vt 0.750000 0.625000
vt 0.781250 0.500000
vt 0.750000 0.500000
vt 0.812500 0.500000
vt 0.718750 0.625000
vt 0.718750 0.750000
vt 0.687500 0.750000
vt 0.687500 0.625000
vt 0.718750 0.875000
vt 0.687500 0.875000
vt 0.656250 0.750000
vt 0.656250 0.625000
vt 0.656250 0.875000
vt 0.718750 0.500000
vt 0.718750 1.000000
vt 0.687500 1.000000
vt 0.656250 1.000000
vt 0.625000 1.000000
vt 0.625000 0.875000
vt 0.625000 0.750000
vt 0.625000 0.625000
vt 0.656250 0.500000
vt 0.625000 0.500000
vt 0.687500 0.500000
vt 0.593750 0.625000
vt 0.593750 0.750000
vt 0.562500 0.750000
vt 0.562500 0.625000
vt 0.593750 0.875000
vt 0.562500 0.875000
vt 0.531250 0.750000
vt 0.531250 0.625000
vt 0.531250 0.875000
vt 0.593750 0.500000
vt 0.593750 1.000000
vt 0.562500 1.000000
vt 0.531250 1.000000
vt 0.500000 1.000000
vt 0.500000 0.875000
vt 0.500000 0.750000
vt 0.500000 0.625000
vt 0.531250 0.500000
vt 0.500000 0.500000
vt 0.562500 0.500000
vt 0.468750 0.625000
vt 0.468750 0.750000
vt 0.437500 0.750000
vt 0.437500 0.625000
vt 0.468750 0.875000
vt 0.437500 0.875000
vt 0.406250 0.750000
vt 0.406250 0.625000
vt 0.406250 0.875000
vt 0.468750 0.500000
vt 0.468750 1.000000
vt 0.437500 1.000000
vt 0.406250 1.000000
vt 0.375000 1.000000
vt 0.375000 0.875000
vt 0.375000 0.750000
vt 0.375000 0.625000
vt 0.406250 0.500000
vt 0.375000 0.500000
vt 0.437500 0.500000
vt 0.343750 0.625000
vt 0.343750 0.750000
vt 0.312500 0.750000
vt 0.312500 0.625000
vt 0.343750 0.875000
vt 0.312500 0.875000
vt 0.281250 0.750000
vt 0.281250 0.625000
vt 0.281250 0.875000
vt 0.343750 0.500000
vt 0.343750 1.000000
vt 0.312500 1.000000
vt 0.281250 1.000000
vt 0.250000 1.000000
vt 0.250000 0.875000
vt 0.250000 0.750000
vt 0.250000 0.625000
vt 0.281250 0.500000
vt 0.250000 0.500000
vt 0.312500 0.500000
vt 0.367698 0.367698
vt 0.301054 0.373256
vt 0.250000 0.250000
vt 0.373256 0.301054
vt 0.250000 0.416450
vt 0.198946 0.373256
vt 0.132302 0.367698
vt 0.126744 0.301054
vt 0.083550 0.250000
vt 0.126744 0.198946
vt 0.132302 0.132302
vt 0.198946 0.126744
vt 0.250000 0.083550
vt 0.301054 0.126744
vt 0.367698 0.132302
vt 0.373256 0.198946
vt 0.416450 0.250000
vt 0.419706 0.419706
vt 0.377279 0.437279
vt 0.437279 0.377279
vt 0.334853 0.454853
vt 0.454853 0.334853
vt 0.250000 0.490000
vt 0.207574 0.472426
vt 0.292426 0.472426
vt 0.165147 0.454853
vt 0.080294 0.419706
vt 0.062721 0.377279
vt 0.122721 0.437279
vt 0.045147 0.334853
vt 0.010000 0.250000
vt 0.027574 0.207574
vt 0.027574 0.292426
vt 0.045147 0.165147
vt 0.080294 0.080294
vt 0.122721 0.062721
vt 0.062721 0.122721
vt 0.165147 0.045147
vt 0.250000 0.010000
vt 0.292426 0.027574
vt 0.207574 0.027574
vt 0.334853 0.045147
vt 0.419706 0.080294
vt 0.437279 0.122721
vt 0.377279 0.062721
vt 0.454853 0.165147
vt 0.490000 0.250000
vt 0.472426 0.292426
vt 0.472426 0.207574
vt 0.218750 0.625000
vt 0.218750 0.750000
vt 0.187500 0.750000
vt 0.187500 0.625000
vt 0.218750 0.875000
vt 0.187500 0.875000
vt 0.156250 0.750000
vt 0.156250 0.625000
vt 0.156250 0.875000
vt 0.218750 0.500000
vt 0.218750 1.000000
vt 0.187500 1.000000
vt 0.156250 1.000000
vt 0.125000 1.000000
vt 0.125000 0.875000
vt 0.125000 0.750000
vt 0.125000 0.625000
vt 0.156250 0.500000
vt 0.125000 0.500000
vt 0.187500 0.500000
vt 0.093750 0.625000
vt 0.093750 0.750000
vt 0.062500 0.750000
vt 0.062500 0.625000
vt 0.093750 0.875000
vt 0.062500 0.875000
vt 0.031250 0.750000
vt 0.031250 0.625000
vt 0.031250 0.875000
vt 0.093750 0.500000
vt 0.093750 1.000000
vt 0.062500 1.000000
vt 0.031250 1.000000
vt 0.000000 1.000000
vt 0.000000 0.875000
vt 0.000000 0.750000
vt 0.000000 0.625000
vt 0.031250 0.500000
vt 0.000000 0.500000
vt 0.062500 0.500000
vt 0.750000 0.416450
vt 0.801054 0.373256
vt 0.750000 0.250000
vt 0.698946 0.373256
vt 0.867698 0.367698
vt 0.873256 0.301054
vt 0.916450 0.250000
vt 0.873256 0.198946
vt 0.867698 0.132302
vt 0.801054 0.126744
vt 0.750000 0.083550
vt 0.698946 0.126744
vt 0.632302 0.132302
vt 0.626744 0.198946
vt 0.583550 0.250000
vt 0.626744 0.301054
vt 0.632302 0.367698
vt 0.750000 0.490000
vt 0.792426 0.472426
vt 0.707574 0.472426
vt 0.834853 0.454853
vt 0.665147 0.454853
vt 0.919706 0.419706
vt 0.937279 0.377279
vt 0.877279 0.437279
vt 0.954853 0.334853
vt 0.990000 0.250000
vt 0.972427 0.207574
vt 0.972427 0.292426
vt 0.954853 0.165147
vt 0.919706 0.080294
vt 0.877279 0.062721
vt 0.937279 0.122721
vt 0.834853 0.045147
vt 0.750000 0.010000
vt 0.707574 0.027574
vt 0.792426 0.027574
vt 0.665147 0.045147
vt 0.580294 0.080294
vt 0.562721 0.122721
vt 0.622721 0.062721
vt 0.545147 0.165147
vt 0.510000 0.250000
vt 0.527574 0.292426
vt 0.527574 0.207574
vt 0.545147 0.334853
vt 0.580294 0.419706
vt 0.622721 0.437279
vt 0.562721 0.377279
vt 0.181819 0.032987
vt 0.191644 0.046815
vt 0.181819 0.052487
vt 0.171994 0.046815
vt 0.198391 0.062237
vt 0.181819 0.063832
vt 0.165247 0.062237
vt 0.181819 0.000000
vt 0.193183 0.019683
vt 0.170455 0.019683
vt 0.204546 0.039365
vt 0.159092 0.039365
vt 0.227273 0.078731
vt 0.201350 0.078799
vt 0.215910 0.059048
vt 0.181819 0.078731
vt 0.136365 0.078731
vt 0.147728 0.059048
vt 0.162288 0.078799
vt 0.301611 0.140968
vt 0.308358 0.125545
vt 0.318182 0.131218
vt 0.318183 0.142562
vt 0.318340 0.111991
vt 0.328007 0.125545
vt 0.334597 0.140694
vt 0.272728 0.157461
vt 0.284092 0.137778
vt 0.298651 0.157529
vt 0.295455 0.118096
vt 0.318182 0.157461
vt 0.318182 0.078731
vt 0.331203 0.101147
vt 0.306819 0.098413
vt 0.340910 0.118096
vt 0.363637 0.157461
vt 0.337674 0.157461
vt 0.350656 0.134976
vt 0.909091 0.032987
vt 0.918916 0.046815
vt 0.909091 0.052487
vt 0.899266 0.046815
vt 0.925663 0.062237
vt 0.909091 0.063832
vt 0.892519 0.062237
vt 0.909091 0.000000
vt 0.920455 0.019683
vt 0.897727 0.019683
vt 0.931818 0.039365
vt 0.886364 0.039365
vt 0.954545 0.078731
vt 0.928622 0.078799
vt 0.943182 0.059048
vt 0.909091 0.078731
vt 0.863636 0.078731
vt 0.875000 0.059048
vt 0.889560 0.078799
vt 0.727273 0.032987
vt 0.737098 0.046815
vt 0.727273 0.052487
vt 0.717448 0.046815
vt 0.743845 0.062237
vt 0.727273 0.063832
vt 0.710701 0.062237
vt 0.727273 0.000000
vt 0.738637 0.019683
vt 0.715909 0.019683
vt 0.750000 0.039365
vt 0.704546 0.039365
vt 0.772727 0.078731
vt 0.746804 0.078799
vt 0.761364 0.059048
vt 0.727273 0.078731
vt 0.681818 0.078731
vt 0.693182 0.059048
vt 0.707742 0.078799
vt 0.545455 0.032987
vt 0.555280 0.046815
vt 0.545455 0.052487
vt 0.535630 0.046815
vt 0.562027 0.062237
vt 0.545455 0.063832
vt 0.528883 0.062237
vt 0.545455 0.000000
vt 0.556819 0.019683
vt 0.534091 0.019683
vt 0.568182 0.039365
vt 0.522728 0.039365
vt 0.590909 0.078731
vt 0.564986 0.078799
vt 0.579546 0.059048
vt 0.545455 0.078731
vt 0.500000 0.078731
vt 0.511364 0.059048
vt 0.525924 0.078799
vt 0.301768 0.174228
vt 0.318183 0.172360
vt 0.318182 0.183704
vt 0.308358 0.189377
vt 0.334597 0.174228
vt 0.328007 0.189377
vt 0.318183 0.202658
vt 0.285709 0.179946
vt 0.295455 0.196826
vt 0.350656 0.179946
vt 0.340910 0.196826
vt 0.318183 0.236191
vt 0.305201 0.213707
vt 0.331164 0.213706
vt 0.119950 0.174228
vt 0.136365 0.172360
vt 0.136365 0.183704
vt 0.126540 0.189377
vt 0.152779 0.174228
vt 0.146189 0.189377
vt 0.136364 0.202658
vt 0.090910 0.157461
vt 0.116833 0.157529
vt 0.103931 0.179877
vt 0.136365 0.157461
vt 0.113637 0.196826
vt 0.181819 0.157461
vt 0.168838 0.179946
vt 0.155856 0.157461
vt 0.159092 0.196826
vt 0.136364 0.236191
vt 0.123383 0.213707
vt 0.149346 0.213706
vt 0.847223 0.174228
vt 0.863636 0.172360
vt 0.863636 0.183704
vt 0.853812 0.189377
vt 0.880051 0.174228
vt 0.873461 0.189377
vt 0.863637 0.202658
vt 0.818182 0.157461
vt 0.844105 0.157529
vt 0.831163 0.179946
vt 0.863636 0.157461
vt 0.840909 0.196826
vt 0.909091 0.157461
vt 0.896110 0.179946
vt 0.883128 0.157461
vt 0.886364 0.196826
vt 0.863637 0.236191
vt 0.850655 0.213707
vt 0.876618 0.213706
vt 0.665404 0.174228
vt 0.681819 0.172360
vt 0.681818 0.183704
vt 0.671994 0.189377
vt 0.698233 0.174228
vt 0.691643 0.189377
vt 0.681819 0.202658
vt 0.636364 0.157461
vt 0.662287 0.157529
vt 0.649345 0.179946
vt 0.681819 0.157461
vt 0.659091 0.196826
vt 0.727273 0.157461
vt 0.714292 0.179946
vt 0.701310 0.157461
vt 0.704546 0.196826
vt 0.681819 0.236191
vt 0.668837 0.213707
vt 0.694800 0.213706
vt 0.483586 0.174228
vt 0.500001 0.172360
vt 0.500001 0.183704
vt 0.490176 0.189377
vt 0.516415 0.174228
vt 0.509825 0.189377
vt 0.500001 0.202658
vt 0.454546 0.157461
vt 0.480469 0.157529
vt 0.467527 0.179946
vt 0.500001 0.157461
vt 0.477273 0.196826
vt 0.545455 0.157461
vt 0.532474 0.179946
vt 0.519492 0.157461
vt 0.522728 0.196826
vt 0.500001 0.236191
vt 0.487019 0.213707
vt 0.512982 0.213706
vt 0.272728 0.190994
vt 0.282553 0.204275
vt 0.272728 0.209948
vt 0.262903 0.204275
vt 0.289142 0.219424
vt 0.272728 0.221292
vt 0.256314 0.219424
vt 0.259747 0.179946
vt 0.250001 0.196826
vt 0.292220 0.236191
vt 0.272728 0.236191
vt 0.227274 0.236191
vt 0.240255 0.213707
vt 0.253236 0.236191
vt 0.091068 0.190721
vt 0.100735 0.204275
vt 0.090910 0.209948
vt 0.081085 0.204275
vt 0.107324 0.219424
vt 0.090910 0.221292
vt 0.074338 0.219698
vt 0.079546 0.177144
vt 0.068183 0.196826
vt 0.110402 0.236191
vt 0.090910 0.236191
vt 0.045455 0.236191
vt 0.056819 0.216509
vt 0.071378 0.236259
vt 0.818182 0.190994
vt 0.828007 0.204275
vt 0.818182 0.209948
vt 0.808357 0.204275
vt 0.834596 0.219424
vt 0.818182 0.221292
vt 0.801768 0.219424
vt 0.805201 0.179946
vt 0.795455 0.196826
vt 0.837674 0.236191
vt 0.818182 0.236191
vt 0.772728 0.236191
vt 0.785709 0.213707
vt 0.798690 0.236191
vt 0.636364 0.190994
vt 0.646189 0.204275
vt 0.636364 0.209948
vt 0.626539 0.204275
vt 0.652778 0.219424
vt 0.636364 0.221292
vt 0.619950 0.219424
vt 0.623383 0.179946
vt 0.613637 0.196826
vt 0.655856 0.236191
vt 0.636364 0.236191
vt 0.590910 0.236191
vt 0.603891 0.213707
vt 0.616872 0.236191
vt 0.454546 0.190994
vt 0.464371 0.204275
vt 0.454546 0.209948
vt 0.444721 0.204275
vt 0.470960 0.219424
vt 0.454546 0.221292
vt 0.438132 0.219424
vt 0.441565 0.179946
vt 0.431819 0.196826
vt 0.474038 0.236191
vt 0.454546 0.236191
vt 0.409092 0.236191
vt 0.422073 0.213707
vt 0.435054 0.236191
vt 0.210702 0.331414
vt 0.227274 0.329820
vt 0.227274 0.341165
vt 0.217449 0.346837
vt 0.243688 0.331688
vt 0.237098 0.346837
vt 0.227431 0.360392
vt 0.181819 0.314921
vt 0.207742 0.314853
vt 0.193183 0.334604
vt 0.227274 0.314921
vt 0.204546 0.354286
vt 0.272728 0.314921
vt 0.259747 0.337406
vt 0.246765 0.314921
vt 0.250001 0.354286
vt 0.227273 0.393651
vt 0.215910 0.373969
vt 0.240294 0.371235
vt 0.028883 0.331414
vt 0.045455 0.329820
vt 0.045455 0.341165
vt 0.035630 0.346837
vt 0.061869 0.331688
vt 0.055280 0.346837
vt 0.045613 0.360392
vt 0.000000 0.314921
vt 0.025884 0.314921
vt 0.011364 0.334604
vt 0.045455 0.314921
vt 0.022728 0.354286
vt 0.090910 0.314921
vt 0.077928 0.337406
vt 0.064947 0.314921
vt 0.068182 0.354286
vt 0.045455 0.393651
vt 0.034091 0.373969
vt 0.058476 0.371235
vt 0.756156 0.331414
vt 0.772728 0.329820
vt 0.772727 0.341165
vt 0.762903 0.346837
vt 0.789142 0.331688
vt 0.782552 0.346837
vt 0.772885 0.360392
vt 0.727273 0.314921
vt 0.753196 0.314853
vt 0.738637 0.334604
vt 0.772728 0.314921
vt 0.750000 0.354286
vt 0.818182 0.314921
vt 0.805201 0.337406
vt 0.792219 0.314921
vt 0.795455 0.354286
vt 0.772727 0.393651
vt 0.761364 0.373969
vt 0.785748 0.371235
vt 0.574338 0.331414
vt 0.590909 0.329820
vt 0.590909 0.341165
vt 0.581085 0.346837
vt 0.607324 0.331688
vt 0.600734 0.346837
vt 0.591067 0.360392
vt 0.545455 0.314921
vt 0.571378 0.314853
vt 0.556819 0.334604
vt 0.590910 0.314921
vt 0.568182 0.354286
vt 0.636364 0.314921
vt 0.623383 0.337406
vt 0.610401 0.314921
vt 0.613637 0.354286
vt 0.590909 0.393651
vt 0.579546 0.373969
vt 0.603930 0.371235
vt 0.392520 0.331414
vt 0.409092 0.329820
vt 0.409092 0.341165
vt 0.399267 0.346837
vt 0.425506 0.331688
vt 0.418916 0.346837
vt 0.409249 0.360392
vt 0.363637 0.314921
vt 0.389560 0.314853
vt 0.375001 0.334604
vt 0.409092 0.314921
vt 0.386364 0.354286
vt 0.454546 0.314921
vt 0.441565 0.337406
vt 0.428583 0.314921
vt 0.431819 0.354286
vt 0.409092 0.393651
vt 0.397728 0.373969
vt 0.422112 0.371235
vt 0.437974 0.410145
vt 0.454546 0.408550
vt 0.454546 0.419895
vt 0.444721 0.425567
vt 0.471118 0.410145
vt 0.464371 0.425567
vt 0.454546 0.439395
vt 0.435015 0.393583
vt 0.420455 0.413334
vt 0.454546 0.393652
vt 0.431819 0.433017
vt 0.500000 0.393651
vt 0.488637 0.413334
vt 0.474077 0.393583
vt 0.477273 0.433017
vt 0.454546 0.472382
vt 0.443182 0.452699
vt 0.465910 0.452699
vt 0.438132 0.376885
vt 0.444721 0.361736
vt 0.454546 0.367408
vt 0.454546 0.378753
vt 0.454546 0.348454
vt 0.464371 0.361736
vt 0.470960 0.376885
vt 0.467527 0.337406
vt 0.477273 0.354286
vt 0.486980 0.371235
vt 0.483586 0.331688
vt 0.500000 0.329820
vt 0.500000 0.341165
vt 0.490176 0.346837
vt 0.516572 0.331414
vt 0.509825 0.346837
vt 0.499843 0.360392
vt 0.480509 0.314921
vt 0.500001 0.314921
vt 0.534091 0.334604
vt 0.519532 0.314853
vt 0.522728 0.354286
vt 0.511364 0.373969
vt 0.619792 0.410145
vt 0.636364 0.408550
vt 0.636364 0.419895
vt 0.626539 0.425567
vt 0.652936 0.410145
vt 0.646189 0.425567
vt 0.636364 0.439395
vt 0.616833 0.393583
vt 0.602273 0.413334
vt 0.636364 0.393652
vt 0.613637 0.433017
vt 0.681818 0.393651
vt 0.670455 0.413334
vt 0.655895 0.393583
vt 0.659091 0.433017
vt 0.636364 0.472382
vt 0.625000 0.452699
vt 0.647728 0.452699
vt 0.619950 0.376885
vt 0.626539 0.361736
vt 0.636364 0.367408
vt 0.636364 0.378753
vt 0.636364 0.348454
vt 0.646189 0.361736
vt 0.652778 0.376885
vt 0.649345 0.337406
vt 0.659091 0.354286
vt 0.668798 0.371235
vt 0.665404 0.331688
vt 0.681819 0.329820
vt 0.681818 0.341165
vt 0.671994 0.346837
vt 0.698391 0.331414
vt 0.691643 0.346837
vt 0.681661 0.360392
vt 0.662327 0.314921
vt 0.681819 0.314921
vt 0.715909 0.334604
vt 0.701350 0.314853
vt 0.704546 0.354286
vt 0.693182 0.373969
vt 0.801610 0.410145
vt 0.818182 0.408550
vt 0.818182 0.419895
vt 0.808357 0.425567
vt 0.834754 0.410145
vt 0.828007 0.425567
vt 0.818182 0.439395
vt 0.798651 0.393583
vt 0.784091 0.413334
vt 0.818182 0.393652
vt 0.795455 0.433017
vt 0.863636 0.393651
vt 0.852273 0.413334
vt 0.837713 0.393583
vt 0.840909 0.433017
vt 0.818182 0.472382
vt 0.806818 0.452699
vt 0.829546 0.452699
vt 0.801768 0.376885
vt 0.808357 0.361736
vt 0.818182 0.367408
vt 0.818182 0.378753
vt 0.818182 0.348454
vt 0.828007 0.361736
vt 0.834596 0.376885
vt 0.831163 0.337406
vt 0.840909 0.354286
vt 0.850616 0.371235
vt 0.847222 0.331688
vt 0.863637 0.329820
vt 0.863636 0.341165
vt 0.853812 0.346837
vt 0.880209 0.331414
vt 0.873461 0.346837
vt 0.863479 0.360392
vt 0.844145 0.314921
vt 0.863637 0.314921
vt 0.909091 0.314921
vt 0.897727 0.334604
vt 0.883168 0.314853
vt 0.886364 0.354286
vt 0.875000 0.373969
vt 0.074338 0.410145
vt 0.090910 0.408550
vt 0.090910 0.419895
vt 0.081085 0.425567
vt 0.107482 0.410145
vt 0.100735 0.425567
vt 0.090910 0.439395
vt 0.071378 0.393583
vt 0.056819 0.413334
vt 0.090910 0.393652
vt 0.068183 0.433017
vt 0.136365 0.393651
vt 0.125001 0.413334
vt 0.110441 0.393583
vt 0.113637 0.433017
vt 0.090910 0.472382
vt 0.079546 0.452699
vt 0.102274 0.452699
vt 0.074495 0.376885
vt 0.081085 0.361736
vt 0.090910 0.367408
vt 0.090910 0.378753
vt 0.090910 0.348454
vt 0.100735 0.361736
vt 0.107324 0.376885
vt 0.103891 0.337406
vt 0.113637 0.354286
vt 0.123344 0.371235
vt 0.119950 0.331688
vt 0.136364 0.329820
vt 0.136364 0.341165
vt 0.126540 0.346837
vt 0.152936 0.331414
vt 0.146189 0.346837
vt 0.136207 0.360392
vt 0.116872 0.314921
vt 0.136364 0.314921
vt 0.170455 0.334604
vt 0.155896 0.314853
vt 0.159092 0.354286
vt 0.147728 0.373969
vt 0.256156 0.410145
vt 0.272728 0.408550
vt 0.272728 0.419895
vt 0.262903 0.425567
vt 0.289300 0.410145
vt 0.282553 0.425567
vt 0.272728 0.439395
vt 0.253197 0.393583
vt 0.238637 0.413334
vt 0.272728 0.393652
vt 0.250001 0.433017
vt 0.318182 0.393651
vt 0.306819 0.413334
vt 0.292259 0.393583
vt 0.295455 0.433017
vt 0.272728 0.472382
vt 0.261364 0.452699
vt 0.284092 0.452699
vt 0.256314 0.376885
vt 0.262903 0.361736
vt 0.272728 0.367408
vt 0.272728 0.378753
vt 0.272728 0.348454
vt 0.282553 0.361736
vt 0.289142 0.376885
vt 0.285709 0.337406
vt 0.295455 0.354286
vt 0.305162 0.371235
vt 0.301768 0.331688
vt 0.318182 0.329820
vt 0.318182 0.341165
vt 0.308358 0.346837
vt 0.334754 0.331414
vt 0.328007 0.346837
vt 0.318025 0.360392
vt 0.298691 0.314921
vt 0.318182 0.314921
vt 0.352273 0.334604
vt 0.337714 0.314853
vt 0.340910 0.354286
vt 0.329546 0.373969
vt 0.409092 0.269724
vt 0.418916 0.283005
vt 0.409092 0.288678
vt 0.399267 0.283005
vt 0.425506 0.298155
vt 0.409092 0.300023
vt 0.392677 0.298154
vt 0.422073 0.258676
vt 0.396110 0.258676
vt 0.431819 0.275556
vt 0.386364 0.275556
vt 0.441565 0.292437
vt 0.376618 0.292437
vt 0.438132 0.252958
vt 0.454546 0.251090
vt 0.454546 0.262434
vt 0.444721 0.268107
vt 0.470960 0.252958
vt 0.464371 0.268107
vt 0.454546 0.281388
vt 0.487019 0.258676
vt 0.477273 0.275556
vt 0.467527 0.292437
vt 0.500001 0.269724
vt 0.509825 0.283005
vt 0.500000 0.288678
vt 0.490176 0.283005
vt 0.516415 0.298154
vt 0.500001 0.300023
vt 0.483586 0.298154
vt 0.512982 0.258676
vt 0.522728 0.275556
vt 0.532474 0.292436
vt 0.590910 0.269724
vt 0.600734 0.283005
vt 0.590910 0.288678
vt 0.581085 0.283005
vt 0.607324 0.298155
vt 0.590909 0.300023
vt 0.574495 0.298154
vt 0.603891 0.258676
vt 0.577928 0.258676
vt 0.613637 0.275556
vt 0.568182 0.275556
vt 0.623383 0.292437
vt 0.558436 0.292437
vt 0.619950 0.252958
vt 0.636364 0.251090
vt 0.636364 0.262434
vt 0.626539 0.268107
vt 0.652778 0.252958
vt 0.646189 0.268107
vt 0.636364 0.281388
vt 0.668837 0.258676
vt 0.659091 0.275556
vt 0.649345 0.292437
vt 0.681819 0.269724
vt 0.691643 0.283005
vt 0.681819 0.288678
vt 0.671994 0.283005
vt 0.698233 0.298154
vt 0.681819 0.300023
vt 0.665404 0.298154
vt 0.694800 0.258676
vt 0.704546 0.275556
vt 0.714292 0.292436
vt 0.772728 0.269724
vt 0.782552 0.283005
vt 0.772728 0.288678
vt 0.762903 0.283005
vt 0.789142 0.298155
vt 0.772728 0.300023
vt 0.756313 0.298154
vt 0.785709 0.258676
vt 0.759746 0.258676
vt 0.795455 0.275556
vt 0.750000 0.275556
vt 0.805201 0.292437
vt 0.740254 0.292437
vt 0.801768 0.252958
vt 0.818182 0.251090
vt 0.818182 0.262434
vt 0.808357 0.268107
vt 0.834596 0.252958
vt 0.828007 0.268107
vt 0.818182 0.281388
vt 0.850655 0.258676
vt 0.840909 0.275556
vt 0.831163 0.292437
vt 0.863637 0.269724
vt 0.873461 0.283005
vt 0.863636 0.288678
vt 0.853812 0.283005
vt 0.880051 0.298154
vt 0.863636 0.300023
vt 0.847223 0.298154
vt 0.876618 0.258676
vt 0.886364 0.275556
vt 0.896070 0.292505
vt 0.045613 0.269451
vt 0.055280 0.283005
vt 0.045455 0.288678
vt 0.035630 0.283005
vt 0.061869 0.298154
vt 0.045455 0.300023
vt 0.028883 0.298428
vt 0.058476 0.258607
vt 0.034091 0.255874
vt 0.068182 0.275556
vt 0.022728 0.275556
vt 0.077928 0.292437
vt 0.011364 0.295239
vt 0.074495 0.252958
vt 0.090910 0.251090
vt 0.090910 0.262434
vt 0.081085 0.268107
vt 0.107324 0.252958
vt 0.100735 0.268107
vt 0.090910 0.281388
vt 0.123383 0.258676
vt 0.113637 0.275556
vt 0.103891 0.292437
vt 0.136364 0.269724
vt 0.146189 0.283005
vt 0.136364 0.288678
vt 0.126540 0.283005
vt 0.152779 0.298154
vt 0.136364 0.300023
vt 0.119950 0.298154
vt 0.149346 0.258676
vt 0.159092 0.275556
vt 0.168838 0.292436
vt 0.227274 0.269724
vt 0.237098 0.283005
vt 0.227274 0.288678
vt 0.217449 0.283005
vt 0.243688 0.298155
vt 0.227274 0.300023
vt 0.210859 0.298154
vt 0.240255 0.258676
vt 0.214292 0.258676
vt 0.250001 0.275556
vt 0.204546 0.275556
vt 0.259747 0.292437
vt 0.194800 0.292437
vt 0.256314 0.252958
vt 0.272728 0.251090
vt 0.272728 0.262434
vt 0.262903 0.268107
vt 0.289142 0.252958
vt 0.282553 0.268107
vt 0.272728 0.281388
vt 0.305201 0.258676
vt 0.295455 0.275556
vt 0.285709 0.292437
vt 0.318183 0.269724
vt 0.328007 0.283005
vt 0.318183 0.288678
vt 0.308358 0.283005
vt 0.334597 0.298154
vt 0.318182 0.300023
vt 0.301768 0.298154
vt 0.331164 0.258676
vt 0.340910 0.275556
vt 0.350656 0.292436
vt 0.529041 0.252958
vt 0.545455 0.251090
vt 0.545455 0.262434
vt 0.535630 0.268107
vt 0.561869 0.252958
vt 0.555280 0.268107
vt 0.545455 0.281388
vt 0.525963 0.236191
vt 0.545455 0.236191
vt 0.564947 0.236191
vt 0.529041 0.219424
vt 0.535630 0.204275
vt 0.545455 0.209948
vt 0.545455 0.221292
vt 0.545455 0.190994
vt 0.555280 0.204275
vt 0.561869 0.219424
vt 0.558436 0.179946
vt 0.568182 0.196826
vt 0.577928 0.213706
vt 0.574495 0.174228
vt 0.590909 0.172360
vt 0.590909 0.183704
vt 0.581085 0.189377
vt 0.607324 0.174228
vt 0.600734 0.189377
vt 0.590910 0.202658
vt 0.571418 0.157461
vt 0.590910 0.157461
vt 0.610441 0.157529
vt 0.710859 0.252958
vt 0.727273 0.251090
vt 0.727273 0.262434
vt 0.717448 0.268107
vt 0.743687 0.252958
vt 0.737098 0.268107
vt 0.727273 0.281388
vt 0.707781 0.236191
vt 0.727273 0.236191
vt 0.746765 0.236191
vt 0.710859 0.219424
vt 0.717448 0.204275
vt 0.727273 0.209948
vt 0.727273 0.221292
vt 0.727273 0.190994
vt 0.737098 0.204275
vt 0.743687 0.219424
vt 0.740254 0.179946
vt 0.750000 0.196826
vt 0.759746 0.213706
vt 0.756314 0.174228
vt 0.772728 0.172360
vt 0.772727 0.183704
vt 0.762903 0.189377
vt 0.789142 0.174228
vt 0.782552 0.189377
vt 0.772728 0.202658
vt 0.753236 0.157461
vt 0.772728 0.157461
vt 0.792259 0.157529
vt 0.892677 0.252958
vt 0.909091 0.251090
vt 0.909091 0.262434
vt 0.899266 0.268107
vt 0.925663 0.252684
vt 0.918916 0.268107
vt 0.908933 0.281661
vt 0.889599 0.236191
vt 0.909091 0.236191
vt 0.954545 0.236191
vt 0.943182 0.255874
vt 0.928622 0.236123
vt 0.931818 0.275556
vt 0.920455 0.295239
vt 0.892677 0.219424
vt 0.899266 0.204275
vt 0.909091 0.209948
vt 0.909091 0.221292
vt 0.909091 0.190994
vt 0.918916 0.204275
vt 0.925505 0.219424
vt 0.922072 0.179946
vt 0.931818 0.196826
vt 0.941525 0.213775
vt 0.938131 0.174228
vt 0.954546 0.172360
vt 0.954545 0.183704
vt 0.944721 0.189377
vt 0.971118 0.173954
vt 0.964370 0.189377
vt 0.954388 0.202931
vt 0.935054 0.157461
vt 0.954546 0.157461
vt 1.000000 0.157461
vt 0.988636 0.177144
vt 0.974116 0.157461
vt 0.977273 0.196826
vt 0.965909 0.216509
vt 0.165405 0.252958
vt 0.181819 0.251090
vt 0.181819 0.262434
vt 0.171994 0.268107
vt 0.198233 0.252958
vt 0.191644 0.268107
vt 0.181819 0.281388
vt 0.162327 0.236191
vt 0.181819 0.236191
vt 0.201311 0.236191
vt 0.165405 0.219424
vt 0.171994 0.204275
vt 0.181819 0.209948
vt 0.181819 0.221292
vt 0.181819 0.190994
vt 0.191644 0.204275
vt 0.198233 0.219424
vt 0.194800 0.179946
vt 0.204546 0.196826
vt 0.214292 0.213706
vt 0.210859 0.174228
vt 0.227274 0.172360
vt 0.227274 0.183704
vt 0.217449 0.189377
vt 0.243688 0.174228
vt 0.237098 0.189377
vt 0.227274 0.202658
vt 0.207782 0.157461
vt 0.227274 0.157461
vt 0.246805 0.157529
vt 0.347223 0.252958
vt 0.363637 0.251090
vt 0.363637 0.262434
vt 0.353812 0.268107
vt 0.380051 0.252958
vt 0.373462 0.268107
vt 0.363637 0.281388
vt 0.344145 0.236191
vt 0.363637 0.236191
vt 0.383129 0.236191
vt 0.347223 0.219424
vt 0.353812 0.204275
vt 0.363637 0.209948
vt 0.363637 0.221292
vt 0.363637 0.190994
vt 0.373462 0.204275
vt 0.380051 0.219424
vt 0.376618 0.179946
vt 0.386364 0.196826
vt 0.396110 0.213706
vt 0.392677 0.174228
vt 0.409092 0.172360
vt 0.409092 0.183704
vt 0.399267 0.189377
vt 0.425506 0.174228
vt 0.418916 0.189377
vt 0.409092 0.202658
vt 0.389600 0.157461
vt 0.409092 0.157461
vt 0.428623 0.157529
vt 0.500158 0.111991
vt 0.509825 0.125545
vt 0.500001 0.131218
vt 0.490176 0.125545
vt 0.516415 0.140694
vt 0.500001 0.142562
vt 0.483429 0.140968
vt 0.513021 0.101147
vt 0.488637 0.098413
vt 0.522728 0.118096
vt 0.477273 0.118096
vt 0.532474 0.134976
vt 0.465910 0.137778
vt 0.529041 0.095497
vt 0.545455 0.093629
vt 0.545455 0.104974
vt 0.535630 0.110646
vt 0.561869 0.095497
vt 0.555280 0.110646
vt 0.545455 0.123928
vt 0.577889 0.101147
vt 0.568182 0.118096
vt 0.558436 0.134976
vt 0.590752 0.111991
vt 0.600734 0.125545
vt 0.590910 0.131218
vt 0.581085 0.125545
vt 0.607481 0.140968
vt 0.590909 0.142562
vt 0.574495 0.140694
vt 0.602273 0.098413
vt 0.613637 0.118096
vt 0.625000 0.137778
vt 0.681976 0.111991
vt 0.691643 0.125545
vt 0.681819 0.131218
vt 0.671994 0.125545
vt 0.698233 0.140694
vt 0.681819 0.142562
vt 0.665247 0.140968
vt 0.694839 0.101147
vt 0.670455 0.098413
vt 0.704546 0.118096
vt 0.659091 0.118096
vt 0.714292 0.134976
vt 0.647728 0.137778
vt 0.710859 0.095497
vt 0.727273 0.093629
vt 0.727273 0.104974
vt 0.717448 0.110646
vt 0.743687 0.095497
vt 0.737098 0.110646
vt 0.727273 0.123928
vt 0.759707 0.101147
vt 0.750000 0.118096
vt 0.740254 0.134976
vt 0.772570 0.111991
vt 0.782552 0.125545
vt 0.772727 0.131218
vt 0.762903 0.125545
vt 0.789300 0.140968
vt 0.772728 0.142562
vt 0.756314 0.140694
vt 0.784091 0.098413
vt 0.795455 0.118096
vt 0.806818 0.137778
vt 0.863794 0.111991
vt 0.873461 0.125545
vt 0.863636 0.131218
vt 0.853812 0.125545
vt 0.880051 0.140694
vt 0.863637 0.142562
vt 0.847065 0.140968
vt 0.876657 0.101147
vt 0.852273 0.098413
vt 0.886364 0.118096
vt 0.840909 0.118096
vt 0.896110 0.134976
vt 0.829546 0.137778
vt 0.892677 0.095497
vt 0.909091 0.093629
vt 0.909091 0.104974
vt 0.899266 0.110646
vt 0.925505 0.095497
vt 0.918916 0.110646
vt 0.909091 0.123928
vt 0.941525 0.101147
vt 0.931818 0.118096
vt 0.922073 0.134976
vt 0.954388 0.111991
vt 0.964370 0.125545
vt 0.954546 0.131218
vt 0.944721 0.125545
vt 0.971118 0.140968
vt 0.954546 0.142562
vt 0.938131 0.140694
vt 0.965909 0.098413
vt 0.977273 0.118096
vt 0.988636 0.137778
vt 0.392677 0.140694
vt 0.399267 0.125545
vt 0.409092 0.131218
vt 0.409092 0.142562
vt 0.408934 0.111991
vt 0.418916 0.125545
vt 0.425664 0.140968
vt 0.376618 0.134976
vt 0.386364 0.118096
vt 0.409092 0.078731
vt 0.420455 0.098413
vt 0.396071 0.101147
vt 0.431819 0.118096
vt 0.443182 0.137778
vt 0.363637 0.123928
vt 0.353812 0.110646
vt 0.363637 0.104974
vt 0.373462 0.110646
vt 0.347223 0.095497
vt 0.363637 0.093629
vt 0.380051 0.095497
vt 0.344106 0.078799
vt 0.363637 0.078731
vt 0.383168 0.078799
vt 0.347065 0.062237
vt 0.353812 0.046815
vt 0.363637 0.052487
vt 0.363637 0.063832
vt 0.363637 0.032987
vt 0.373462 0.046815
vt 0.380209 0.062237
vt 0.329546 0.059048
vt 0.340910 0.039365
vt 0.363637 0.000000
vt 0.375001 0.019683
vt 0.352273 0.019683
vt 0.386364 0.039365
vt 0.397728 0.059048
vt 0.136522 0.111991
vt 0.146189 0.125545
vt 0.136365 0.131218
vt 0.126540 0.125545
vt 0.152779 0.140694
vt 0.136365 0.142562
vt 0.119793 0.140968
vt 0.149385 0.101147
vt 0.125001 0.098413
vt 0.159092 0.118096
vt 0.113637 0.118096
vt 0.168838 0.134976
vt 0.102274 0.137778
vt 0.165405 0.095497
vt 0.181819 0.093629
vt 0.181819 0.104974
vt 0.171994 0.110646
vt 0.198233 0.095497
vt 0.191644 0.110646
vt 0.181819 0.123928
vt 0.214253 0.101147
vt 0.204546 0.118096
vt 0.194800 0.134976
vt 0.227116 0.111991
vt 0.237098 0.125545
vt 0.227274 0.131218
vt 0.217449 0.125545
vt 0.243845 0.140968
vt 0.227274 0.142562
vt 0.210859 0.140694
vt 0.238637 0.098413
vt 0.250001 0.118096
vt 0.261364 0.137778
s 1
f 1143/307/1141 1144/308/1142 1147/309/1145 1146/310/1144
f 1144/308/1142 1145/311/1143 1148/312/1146 1147/309/1145
f 1146/310/1144 1147/309/1145 1150/313/1148 1149/314/1147
f 1147/309/1145 1148/312/1146 1151/315/1149 1150/313/1148
f 389/316/387 501/317/499 1143/307/1141 495/318/493
f 501/317/499 502/319/500 1144/308/1142 1143/307/1141
f 502/319/500 503/320/501 1145/311/1143 1144/308/1142
f 503/320/501 390/321/388 500/322/498 1145/311/1143
f 1145/311/1143 500/322/498 499/323/497 1148/312/1146
f 1148/312/1146 499/323/497 498/324/496 1151/315/1149
f 1151/315/1149 498/324/496 392/325/390 504/326/502
f 1150/313/1148 1151/315/1149 504/326/502 505/327/503
f 1149/314/1147 1150/313/1148 505/327/503 506/328/504
f 497/329/495 1149/314/1147 506/328/504 391/330/389
f 496/331/494 1146/310/1144 1149/314/1147 497/329/495
f 495/318/493 1143/307/1141 1146/310/1144 496/331/494
f 1152/332/1150 1153/333/1151 1156/334/1154 1155/335/1153
f 1153/333/1151 1154/336/1152 1157/337/1155 1156/334/1154
f 1155/335/1153 1156/334/1154 1159/338/1157 1158/339/1156
f 1156/334/1154 1157/337/1155 1160/340/1158 1159/338/1157
f 391/330/389 506/328/504 1152/332/1150 507/341/505
f 506/328/504 505/327/503 1153/333/1151 1152/332/1150
f 505/327/503 504/326/502 1154/336/1152 1153/333/1151
f 504/326/502 392/325/390 512/342/510 1154/336/1152
f 1154/336/1152 512/342/510 511/343/509 1157/337/1155
f 1157/337/1155 511/343/509 510/344/508 1160/340/1158
f 1160/340/1158 510/344/508 394/345/392 513/346/511
f 1159/338/1157 1160/340/1158 513/346/511 514/347/512
f 1158/339/1156 1159/338/1157 514/347/512 515/348/513
f 509/349/507 1158/339/1156 515/348/513 393/350/391
f 508/351/506 1155/335/1153 1158/339/1156 509/349/507
f 507/341/505 1152/332/1150 1155/335/1153 508/351/506
f 1161/352/1159 1162/353/1160 1165/354/1163 1164/355/1162
f 1162/353/1160 1163/356/1161 1166/357/1164 1165/354/1163
f 1164/355/1162 1165/354/1163 1168/358/1166 1167/359/1165
f 1165/354/1163 1166/357/1164 1169/360/1167 1168/358/1166
f 393/350/391 515/348/513 1161/352/1159 516/361/514
f 515/348/513 514/347/512 1162/353/1160 1161/352/1159
f 514/347/512 513/346/511 1163/356/1161 1162/353/1160
f 513/346/511 394/345/392 521/362/519 1163/356/1161
f 1163/356/1161 521/362/519 520/363/518 1166/357/1164
f 1166/357/1164 520/363/518 519/364/517 1169/360/1167
f 1169/360/1167 519/364/517 396/365/394 522/366/520
f 1168/358/1166 1169/360/1167 522/366/520 523/367/521
f 1167/359/1165 1168/358/1166 523/367/521 524/368/522
f 518/369/516 1167/359/1165 524/368/522 395/370/393
f 517/371/515 1164/355/1162 1167/359/1165 518/369/516
f 516/361/514 1161/352/1159 1164/355/1162 517/371/515
f 1170/372/1168 1171/373/1169 1174/374/1172 1173/375/1171
f 1171/373/1169 1172/376/1170 1175/377/1173 1174/374/1172
f 1173/375/1171 1174/374/1172 1177/378/1175 1176/379/1174
f 1174/374/1172 1175/377/1173 1178/380/1176 1177/378/1175
f 395/370/393 524/368/522 1170/372/1168 525/381/523
f 524/368/522 523/367/521 1171/373/1169 1170/372/1168
f 523/367/521 522/366/520 1172/376/1170 1171/373/1169
f 522/366/520 396/365/394 530/382/528 1172/376/1170
f 1172/376/1170 530/382/528 529/383/527 1175/377/1173
f 1175/377/1173 529/383/527 528/384/526 1178/380/1176
f 1178/380/1176 528/384/526 398/385/396 531/386/529
f 1177/378/1175 1178/380/1176 531/386/529 532/387/530
f 1176/379/1174 1177/378/1175 532/387/530 533/388/531
f 527/389/525 1176/379/1174 533/388/531 397/390/395
f 526/391/524 1173/375/1171 1176/379/1174 527/389/525
f 525/381/523 1170/372/1168 1173/375/1171 526/391/524
f 1179/392/1177 1180/393/1178 1183/394/1181 1182/395/1180
f 1180/393/1178 1181/396/1179 1184/397/1182 1183/394/1181
f 1182/395/1180 1183/394/1181 1186/398/1184 1185/399/1183
f 1183/394/1181 1184/397/1182 1187/400/1185 1186/398/1184
f 397/390/395 533/388/531 1179/392/1177 534/401/532
f 533/388/531 532/387/530 1180/393/1178 1179/392/1177
f 532/387/530 531/386/529 1181/396/1179 1180/393/1178
f 531/386/529 398/385/396 539/402/537 1181/396/1179
f 1181/396/1179 539/402/537 538/403/536 1184/397/1182
f 1184/397/1182 538/403/536 537/404/535 1187/400/1185
f 1187/400/1185 537/404/535 400/405/398 540/406/538
f 1186/398/1184 1187/400/1185 540/406/538 541/407/539
f 1185/399/1183 1186/398/1184 541/407/539 542/408/540
f 536/409/534 1185/399/1183 542/408/540 399/410/397
f 535/411/533 1182/395/1180 1185/399/1183 536/409/534
f 534/401/532 1179/392/1177 1182/395/1180 535/411/533
f 1188/412/1186 1189/413/1187 1192/414/1190 1191/415/1189
f 1189/413/1187 1190/416/1188 1193/417/1191 1192/414/1190
f 1191/415/1189 1192/414/1190 1195/418/1193 1194/419/1192
f 1192/414/1190 1193/417/1191 1196/420/1194 1195/418/1193
f 399/410/397 542/408/540 1188/412/1186 543/421/541
f 542/408/540 541/407/539 1189/413/1187 1188/412/1186
f 541/407/539 540/406/538 1190/416/1188 1189/413/1187
f 540/406/538 400/405/398 548/422/546 1190/416/1188
f 1190/416/1188 548/422/546 547/423/545 1193/417/1191
f 1193/417/1191 547/423/545 546/424/544 1196/420/1194
f 1196/420/1194 546/424/544 402/425/400 549/426/547
f 1195/418/1193 1196/420/1194 549/426/547 550/427/548
f 1194/419/1192 1195/418/1193 550/427/548 551/428/549
f 545/429/543 1194/419/1192 551/428/549 401/430/399
f 544/431/542 1191/415/1189 1194/419/1192 545/429/543
f 543/421/541 1188/412/1186 1191/415/1189 544/431/542
f 1198/432/1196 1199/433/1197 1197/434/1195 1213/435/1211
f 1200/436/1198 1201/437/1199 1197/434/1195 1199/433/1197
f 1202/438/1200 1203/439/1201 1197/434/1195 1201/437/1199
f 1204/440/1202 1205/441/1203 1197/434/1195 1203/439/1201
f 1206/442/1204 1207/443/1205 1197/434/1195 1205/441/1203
f 1208/444/1206 1209/445/1207 1197/434/1195 1207/443/1205
f 1210/446/1208 1211/447/1209 1197/434/1195 1209/445/1207
f 1212/448/1210 1213/435/1211 1197/434/1195 1211/447/1209
f 392/449/390 498/450/496 1198/432/1196 512/451/510
f 498/450/496 499/452/497 1199/433/1197 1198/432/1196
f 512/451/510 1198/432/1196 1213/435/1211 511/453/509
f 390/454/388 564/455/562 1200/436/1198 500/456/498
f 564/455/562 565/457/563 1201/437/1199 1200/436/1198
f 500/456/498 1200/436/1198 1199/433/1197 499/452/497
f 404/458/402 555/459/553 1202/438/1200 566/460/564
f 555/459/553 556/461/554 1203/439/1201 1202/438/1200
f 566/460/564 1202/438/1200 1201/437/1199 565/457/563
f 402/462/400 546/463/544 1204/440/1202 557/464/555
f 546/463/544 547/465/545 1205/441/1203 1204/440/1202
f 557/464/555 1204/440/1202 1203/439/1201 556/461/554
f 400/466/398 537/467/535 1206/442/1204 548/468/546
f 537/467/535 538/469/536 1207/443/1205 1206/442/1204
f 548/468/546 1206/442/1204 1205/441/1203 547/465/545
f 398/470/396 528/471/526 1208/444/1206 539/472/537
f 528/471/526 529/473/527 1209/445/1207 1208/444/1206
f 539/472/537 1208/444/1206 1207/443/1205 538/469/536
f 396/474/394 519/475/517 1210/446/1208 530/476/528
f 519/475/517 520/477/518 1211/447/1209 1210/446/1208
f 530/476/528 1210/446/1208 1209/445/1207 529/473/527
f 394/478/392 510/479/508 1212/448/1210 521/480/519
f 510/479/508 511/453/509 1213/435/1211 1212/448/1210
f 521/480/519 1212/448/1210 1211/447/1209 520/477/518
f 1214/481/1212 1215/482/1213 1218/483/1216 1217/484/1215
f 1215/482/1213 1216/485/1214 1219/486/1217 1218/483/1216
f 1217/484/1215 1218/483/1216 1221/487/1219 1220/488/1218
f 1218/483/1216 1219/486/1217 1222/489/1220 1221/487/1219
f 401/430/399 551/428/549 1214/481/1212 552/490/550
f 551/428/549 550/427/548 1215/482/1213 1214/481/1212
f 550/427/548 549/426/547 1216/485/1214 1215/482/1213
f 549/426/547 402/425/400 557/491/555 1216/485/1214
f 1216/485/1214 557/491/555 556/492/554 1219/486/1217
f 1219/486/1217 556/492/554 555/493/553 1222/489/1220
f 1222/489/1220 555/493/553 404/494/402 558/495/556
f 1221/487/1219 1222/489/1220 558/495/556 559/496/557
f 1220/488/1218 1221/487/1219 559/496/557 560/497/558
f 554/498/552 1220/488/1218 560/497/558 403/499/401
f 553/500/551 1217/484/1215 1220/488/1218 554/498/552
f 552/490/550 1214/481/1212 1217/484/1215 553/500/551
f 1223/501/1221 1224/502/1222 1227/503/1225 1226/504/1224
f 1224/502/1222 1225/505/1223 1228/506/1226 1227/503/1225
f 1226/504/1224 1227/503/1225 1230/507/1228 1229/508/1227
f 1227/503/1225 1228/506/1226 1231/509/1229 1230/507/1228
f 403/499/401 560/497/558 1223/501/1221 561/510/559
f 560/497/558 559/496/557 1224/502/1222 1223/501/1221
f 559/496/557 558/495/556 1225/505/1223 1224/502/1222
f 558/495/556 404/494/402 566/511/564 1225/505/1223
f 1225/505/1223 566/511/564 565/512/563 1228/506/1226
f 1228/506/1226 565/512/563 564/513/562 1231/509/1229
f 1231/509/1229 564/513/562 390/514/388 503/515/501
f 1230/507/1228 1231/509/1229 503/515/501 502/516/500
f 1229/508/1227 1230/507/1228 502/516/500 501/517/499
f 563/518/561 1229/508/1227 501/517/499 389/519/387
f 562/520/560 1226/504/1224 1229/508/1227 563/518/561
f 561/510/559 1223/501/1221 1226/504/1224 562/520/560
f 1233/521/1231 1234/522/1232 1232/523/1230 1248/524/1246
f 1235/525/1233 1236/526/1234 1232/523/1230 1234/522/1232
f 1237/527/1235 1238/528/1236 1232/523/1230 1236/526/1234
f 1239/529/1237 1240/530/1238 1232/523/1230 1238/528/1236
f 1241/531/1239 1242/532/1240 1232/523/1230 1240/530/1238
f 1243/533/1241 1244/534/1242 1232/523/1230 1242/532/1240
f 1245/535/1243 1246/536/1244 1232/523/1230 1244/534/1242
f 1247/537/1245 1248/524/1246 1232/523/1230 1246/536/1244
f 389/538/387 495/539/493 1233/521/1231 563/540/561
f 495/539/493 496/541/494 1234/522/1232 1233/521/1231
f 563/540/561 1233/521/1231 1248/524/1246 562/542/560
f 391/543/389 507/544/505 1235/525/1233 497/545/495
f 507/544/505 508/546/506 1236/526/1234 1235/525/1233
f 497/545/495 1235/525/1233 1234/522/1232 496/541/494
f 393/547/391 516/548/514 1237/527/1235 509/549/507
f 516/548/514 517/550/515 1238/528/1236 1237/527/1235
f 509/549/507 1237/527/1235 1236/526/1234 508/546/506
f 395/551/393 525/552/523 1239/529/1237 518/553/516
f 525/552/523 526/554/524 1240/530/1238 1239/529/1237
f 518/553/516 1239/529/1237 1238/528/1236 517/550/515
f 397/555/395 534/556/532 1241/531/1239 527/557/525
f 534/556/532 535/558/533 1242/532/1240 1241/531/1239
f 527/557/525 1241/531/1239 1240/530/1238 526/554/524
f 399/559/397 543/560/541 1243/533/1241 536/561/534
f 543/560/541 544/562/542 1244/534/1242 1243/533/1241
f 536/561/534 1243/533/1241 1242/532/1240 535/558/533
f 401/563/399 552/564/550 1245/535/1243 545/565/543
f 552/564/550 553/566/551 1246/536/1244 1245/535/1243
f 545/565/543 1245/535/1243 1244/534/1242 544/562/542
f 403/567/401 561/568/559 1247/537/1245 554/569/552
f 561/568/559 562/542/560 1248/524/1246 1247/537/1245
f 554/569/552 1247/537/1245 1246/536/1244 553/566/551
f 1250/570/1248 1251/571/1249 1249/572/1247 1255/573/1253
f 1252/574/1250 1253/575/1251 1249/572/1247 1251/571/1249
f 1254/576/1252 1255/573/1253 1249/572/1247 1253/575/1251
f 405/577/403 660/578/658 1250/570/1248 569/579/567
f 660/578/658 661/580/659 1251/571/1249 1250/570/1248
f 569/579/567 1250/570/1248 1255/573/1253 568/581/566
f 418/582/416 923/583/921 1252/574/1250 662/584/660
f 923/583/921 922/585/920 1253/575/1251 1252/574/1250
f 662/584/660 1252/574/1250 1251/571/1249 661/580/659
f 417/586/415 567/587/565 1254/576/1252 921/588/919
f 567/587/565 568/581/566 1255/573/1253 1254/576/1252
f 921/588/919 1254/576/1252 1253/575/1251 922/585/920
f 1257/589/1255 1258/590/1256 1256/591/1254 1262/592/1260
f 1259/593/1257 1260/594/1258 1256/591/1254 1258/590/1256
f 1261/595/1259 1262/592/1260 1256/591/1254 1260/594/1258
f 406/596/404 572/597/570 1257/589/1255 578/598/576
f 572/597/570 571/599/569 1258/590/1256 1257/589/1255
f 578/598/576 1257/589/1255 1262/592/1260 577/600/575
f 418/601/416 914/602/912 1259/593/1257 570/603/568
f 914/602/912 913/604/911 1260/594/1258 1259/593/1257
f 570/603/568 1259/593/1257 1258/590/1256 571/599/569
f 420/605/418 576/606/574 1261/595/1259 912/607/910
f 576/606/574 577/600/575 1262/592/1260 1261/595/1259
f 912/607/910 1261/595/1259 1260/594/1258 913/604/911
f 1264/608/1262 1265/609/1263 1263/610/1261 1269/611/1267
f 1266/612/1264 1267/613/1265 1263/610/1261 1265/609/1263
f 1268/614/1266 1269/611/1267 1263/610/1261 1267/613/1265
f 405/615/403 569/616/567 1264/608/1262 584/617/582
f 569/616/567 568/618/566 1265/609/1263 1264/608/1262
f 584/617/582 1264/608/1262 1269/611/1267 583/619/581
f 417/620/415 905/621/903 1266/612/1264 567/622/565
f 905/621/903 904/623/902 1267/613/1265 1266/612/1264
f 567/622/565 1266/612/1264 1265/609/1263 568/618/566
f 422/624/420 582/625/580 1268/614/1266 903/626/901
f 582/625/580 583/619/581 1269/611/1267 1268/614/1266
f 903/626/901 1268/614/1266 1267/613/1265 904/623/902
f 1271/627/1269 1272/628/1270 1270/629/1268 1276/630/1274
f 1273/631/1271 1274/632/1272 1270/629/1268 1272/628/1270
f 1275/633/1273 1276/630/1274 1270/629/1268 1274/632/1272
f 405/634/403 584/635/582 1271/627/1269 590/636/588
f 584/635/582 583/637/581 1272/628/1270 1271/627/1269
f 590/636/588 1271/627/1269 1276/630/1274 589/638/587
f 422/639/420 896/640/894 1273/631/1271 582/641/580
f 896/640/894 895/642/893 1274/632/1272 1273/631/1271
f 582/641/580 1273/631/1271 1272/628/1270 583/637/581
f 424/643/422 588/644/586 1275/633/1273 894/645/892
f 588/644/586 589/638/587 1276/630/1274 1275/633/1273
f 894/645/892 1275/633/1273 1274/632/1272 895/642/893
f 1278/646/1276 1279/647/1277 1277/648/1275 1283/649/1281
f 1280/650/1278 1281/651/1279 1277/648/1275 1279/647/1277
f 1282/652/1280 1283/649/1281 1277/648/1275 1281/651/1279
f 405/653/403 590/654/588 1278/646/1276 669/655/667
f 590/654/588 589/656/587 1279/647/1277 1278/646/1276
f 669/655/667 1278/646/1276 1283/649/1281 670/657/668
f 424/658/422 887/659/885 1280/650/1278 588/660/586
f 887/659/885 886/661/884 1281/651/1279 1280/650/1278
f 588/660/586 1280/650/1278 1279/647/1277 589/656/587
f 421/662/419 671/663/669 1282/652/1280 885/664/883
f 671/663/669 670/657/668 1283/649/1281 1282/652/1280
f 885/664/883 1282/652/1280 1281/651/1279 886/661/884
f 1285/665/1283 1286/666/1284 1284/667/1282 1290/668/1288
f 1287/669/1285 1288/670/1286 1284/667/1282 1286/666/1284
f 1289/671/1287 1290/668/1288 1284/667/1282 1288/670/1286
f 406/596/404 578/598/576 1285/665/1283 599/672/597
f 578/598/576 577/600/575 1286/666/1284 1285/665/1283
f 599/672/597 1285/665/1283 1290/668/1288 598/673/596
f 420/605/418 878/674/876 1287/669/1285 576/606/574
f 878/674/876 877/675/875 1288/670/1286 1287/669/1285
f 576/606/574 1287/669/1285 1286/666/1284 577/600/575
f 427/676/425 597/677/595 1289/671/1287 876/678/874
f 597/677/595 598/673/596 1290/668/1288 1289/671/1287
f 876/678/874 1289/671/1287 1288/670/1286 877/675/875
f 1292/679/1290 1293/680/1291 1291/681/1289 1297/682/1295
f 1294/683/1292 1295/684/1293 1291/681/1289 1293/680/1291
f 1296/685/1294 1297/682/1295 1291/681/1289 1295/684/1293
f 407/686/405 575/687/573 1292/679/1290 605/688/603
f 575/687/573 574/689/572 1293/680/1291 1292/679/1290
f 605/688/603 1292/679/1290 1297/682/1295 604/690/602
f 419/691/417 869/692/867 1294/683/1292 573/693/571
f 869/692/867 868/694/866 1295/684/1293 1294/683/1292
f 573/693/571 1294/683/1292 1293/680/1291 574/689/572
f 429/695/427 603/696/601 1296/685/1294 867/697/865
f 603/696/601 604/690/602 1297/682/1295 1296/685/1294
f 867/697/865 1296/685/1294 1295/684/1293 868/694/866
f 1299/698/1297 1300/699/1298 1298/700/1296 1304/701/1302
f 1301/702/1299 1302/703/1300 1298/700/1296 1300/699/1298
f 1303/704/1301 1304/701/1302 1298/700/1296 1302/703/1300
f 408/705/406 587/706/585 1299/698/1297 611/707/609
f 587/706/585 586/708/584 1300/699/1298 1299/698/1297
f 611/707/609 1299/698/1297 1304/701/1302 610/709/608
f 423/710/421 860/711/858 1301/702/1299 585/712/583
f 860/711/858 859/713/857 1302/703/1300 1301/702/1299
f 585/712/583 1301/702/1299 1300/699/1298 586/708/584
f 431/714/429 609/715/607 1303/704/1301 858/716/856
f 609/715/607 610/709/608 1304/701/1302 1303/704/1301
f 858/716/856 1303/704/1301 1302/703/1300 859/713/857
f 1306/717/1304 1307/718/1305 1305/719/1303 1311/720/1309
f 1308/721/1306 1309/722/1307 1305/719/1303 1307/718/1305
f 1310/723/1308 1311/720/1309 1305/719/1303 1309/722/1307
f 409/724/407 593/725/591 1306/717/1304 617/726/615
f 593/725/591 592/727/590 1307/718/1305 1306/717/1304
f 617/726/615 1306/717/1304 1311/720/1309 616/728/614
f 425/729/423 851/730/849 1308/721/1306 591/731/589
f 851/730/849 850/732/848 1309/722/1307 1308/721/1306
f 591/731/589 1308/721/1306 1307/718/1305 592/727/590
f 433/733/431 615/734/613 1310/723/1308 849/735/847
f 615/734/613 616/728/614 1311/720/1309 1310/723/1308
f 849/735/847 1310/723/1308 1309/722/1307 850/732/848
f 1313/736/1311 1314/737/1312 1312/738/1310 1318/739/1316
f 1315/740/1313 1316/741/1314 1312/738/1310 1314/737/1312
f 1317/742/1315 1318/739/1316 1312/738/1310 1316/741/1314
f 410/743/408 596/744/594 1313/736/1311 623/745/621
f 596/744/594 595/746/593 1314/737/1312 1313/736/1311
f 623/745/621 1313/736/1311 1318/739/1316 622/747/620
f 426/748/424 842/749/840 1315/740/1313 594/750/592
f 842/749/840 841/751/839 1316/741/1314 1315/740/1313
f 594/750/592 1315/740/1313 1314/737/1312 595/746/593
f 435/752/433 621/753/619 1317/742/1315 840/754/838
f 621/753/619 622/747/620 1318/739/1316 1317/742/1315
f 840/754/838 1317/742/1315 1316/741/1314 841/751/839
f 1320/755/1318 1321/756/1319 1319/757/1317 1325/758/1323
f 1322/759/1320 1323/760/1321 1319/757/1317 1321/756/1319
f 1324/761/1322 1325/758/1323 1319/757/1317 1323/760/1321
f 406/596/404 599/672/597 1320/755/1318 696/762/694
f 599/672/597 598/673/596 1321/756/1319 1320/755/1318
f 696/762/694 1320/755/1318 1325/758/1323 697/763/695
f 427/676/425 833/764/831 1322/759/1320 597/677/595
f 833/764/831 832/765/830 1323/760/1321 1322/759/1320
f 597/677/595 1322/759/1320 1321/756/1319 598/673/596
f 430/766/428 698/767/696 1324/761/1322 831/768/829
f 698/767/696 697/763/695 1325/758/1323 1324/761/1322
f 831/768/829 1324/761/1322 1323/760/1321 832/765/830
f 1327/769/1325 1328/770/1326 1326/771/1324 1332/772/1330
f 1329/773/1327 1330/774/1328 1326/771/1324 1328/770/1326
f 1331/775/1329 1332/772/1330 1326/771/1324 1330/774/1328
f 407/686/405 605/688/603 1327/769/1325 702/776/700
f 605/688/603 604/690/602 1328/770/1326 1327/769/1325
f 702/776/700 1327/769/1325 1332/772/1330 703/777/701
f 429/695/427 824/778/822 1329/773/1327 603/696/601
f 824/778/822 823/779/821 1330/774/1328 1329/773/1327
f 603/696/601 1329/773/1327 1328/770/1326 604/690/602
f 432/780/430 704/781/702 1331/775/1329 822/782/820
f 704/781/702 703/777/701 1332/772/1330 1331/775/1329
f 822/782/820 1331/775/1329 1330/774/1328 823/779/821
f 1334/783/1332 1335/784/1333 1333/785/1331 1339/786/1337
f 1336/787/1334 1337/788/1335 1333/785/1331 1335/784/1333
f 1338/789/1336 1339/786/1337 1333/785/1331 1337/788/1335
f 408/705/406 611/707/609 1334/783/1332 708/790/706
f 611/707/609 610/709/608 1335/784/1333 1334/783/1332
f 708/790/706 1334/783/1332 1339/786/1337 709/791/707
f 431/714/429 815/792/813 1336/787/1334 609/715/607
f 815/792/813 814/793/812 1337/788/1335 1336/787/1334
f 609/715/607 1336/787/1334 1335/784/1333 610/709/608
f 434/794/432 710/795/708 1338/789/1336 813/796/811
f 710/795/708 709/791/707 1339/786/1337 1338/789/1336
f 813/796/811 1338/789/1336 1337/788/1335 814/793/812
f 1341/797/1339 1342/798/1340 1340/799/1338 1346/800/1344
f 1343/801/1341 1344/802/1342 1340/799/1338 1342/798/1340
f 1345/803/1343 1346/800/1344 1340/799/1338 1344/802/1342
f 409/724/407 617/726/615 1341/797/1339 714/804/712
f 617/726/615 616/728/614 1342/798/1340 1341/797/1339
f 714/804/712 1341/797/1339 1346/800/1344 715/805/713
f 433/733/431 806/806/804 1343/801/1341 615/734/613
f 806/806/804 805/807/803 1344/802/1342 1343/801/1341
f 615/734/613 1343/801/1341 1342/798/1340 616/728/614
f 436/808/434 716/809/714 1345/803/1343 804/810/802
f 716/809/714 715/805/713 1346/800/1344 1345/803/1343
f 804/810/802 1345/803/1343 1344/802/1342 805/807/803
f 1348/811/1346 1349/812/1347 1347/813/1345 1353/814/1351
f 1350/815/1348 1351/816/1349 1347/813/1345 1349/812/1347
f 1352/817/1350 1353/814/1351 1347/813/1345 1351/816/1349
f 410/743/408 623/745/621 1348/811/1346 690/818/688
f 623/745/621 622/747/620 1349/812/1347 1348/811/1346
f 690/818/688 1348/811/1346 1353/814/1351 691/819/689
f 435/752/433 797/820/795 1350/815/1348 621/753/619
f 797/820/795 796/821/794 1351/816/1349 1350/815/1348
f 621/753/619 1350/815/1348 1349/812/1347 622/747/620
f 428/822/426 692/823/690 1352/817/1350 795/824/793
f 692/823/690 691/819/689 1353/814/1351 1352/817/1350
f 795/824/793 1352/817/1350 1351/816/1349 796/821/794
f 1355/825/1353 1356/826/1354 1354/827/1352 1360/828/1358
f 1357/829/1355 1358/830/1356 1354/827/1352 1356/826/1354
f 1359/831/1357 1360/828/1358 1354/827/1352 1358/830/1356
f 411/832/409 629/833/627 1355/825/1353 644/834/642
f 629/833/627 628/835/626 1356/826/1354 1355/825/1353
f 644/834/642 1355/825/1353 1360/828/1358 643/836/641
f 437/837/435 788/838/786 1357/829/1355 627/839/625
f 788/838/786 787/840/785 1358/830/1356 1357/829/1355
f 627/839/625 1357/829/1355 1356/826/1354 628/835/626
f 442/841/440 642/842/640 1359/831/1357 786/843/784
f 642/842/640 643/836/641 1360/828/1358 1359/831/1357
f 786/843/784 1359/831/1357 1358/830/1356 787/840/785
f 1362/844/1360 1363/845/1361 1361/846/1359 1367/847/1365
f 1364/848/1362 1365/849/1363 1361/846/1359 1363/845/1361
f 1366/850/1364 1367/847/1365 1361/846/1359 1365/849/1363
f 412/851/410 632/852/630 1362/844/1360 650/853/648
f 632/852/630 631/854/629 1363/845/1361 1362/844/1360
f 650/853/648 1362/844/1360 1367/847/1365 649/855/647
f 438/856/436 779/857/777 1364/848/1362 630/858/628
f 779/857/777 778/859/776 1365/849/1363 1364/848/1362
f 630/858/628 1364/848/1362 1363/845/1361 631/854/629
f 444/860/442 648/861/646 1366/850/1364 777/862/775
f 648/861/646 649/855/647 1367/847/1365 1366/850/1364
f 777/862/775 1366/850/1364 1365/849/1363 778/859/776
f 1369/863/1367 1370/864/1368 1368/865/1366 1374/866/1372
f 1371/867/1369 1372/868/1370 1368/865/1366 1370/864/1368
f 1373/869/1371 1374/866/1372 1368/865/1366 1372/868/1370
f 413/870/411 635/871/633 1369/863/1367 653/872/651
f 635/871/633 634/873/632 1370/864/1368 1369/863/1367
f 653/872/651 1369/863/1367 1374/866/1372 652/874/650
f 439/875/437 770/876/768 1371/867/1369 633/877/631
f 770/876/768 769/878/767 1372/868/1370 1371/867/1369
f 633/877/631 1371/867/1369 1370/864/1368 634/873/632
f 445/879/443 651/880/649 1373/869/1371 768/881/766
f 651/880/649 652/874/650 1374/866/1372 1373/869/1371
f 768/881/766 1373/869/1371 1372/868/1370 769/878/767
f 1376/882/1374 1377/883/1375 1375/884/1373 1381/885/1379
f 1378/886/1376 1379/887/1377 1375/884/1373 1377/883/1375
f 1380/888/1378 1381/885/1379 1375/884/1373 1379/887/1377
f 414/889/412 638/890/636 1376/882/1374 656/891/654
f 638/890/636 637/892/635 1377/883/1375 1376/882/1374
f 656/891/654 1376/882/1374 1381/885/1379 655/893/653
f 440/894/438 761/895/759 1378/886/1376 636/896/634
f 761/895/759 760/897/758 1379/887/1377 1378/886/1376
f 636/896/634 1378/886/1376 1377/883/1375 637/892/635
f 446/898/444 654/899/652 1380/888/1378 759/900/757
f 654/899/652 655/893/653 1381/885/1379 1380/888/1378
f 759/900/757 1380/888/1378 1379/887/1377 760/897/758
f 1383/901/1381 1384/902/1382 1382/903/1380 1388/904/1386
f 1385/905/1383 1386/906/1384 1382/903/1380 1384/902/1382
f 1387/907/1385 1388/904/1386 1382/903/1380 1386/906/1384
f 415/908/413 641/909/639 1383/901/1381 735/910/733
f 641/909/639 640/911/638 1384/902/1382 1383/901/1381
f 735/910/733 1383/901/1381 1388/904/1386 736/912/734
f 441/913/439 752/914/750 1385/905/1383 639/915/637
f 752/914/750 751/916/749 1386/906/1384 1385/905/1383
f 639/915/637 1385/905/1383 1384/902/1382 640/911/638
f 443/917/441 737/918/735 1387/907/1385 750/919/748
f 737/918/735 736/912/734 1388/904/1386 1387/907/1385
f 750/919/748 1387/907/1385 1386/906/1384 751/916/749
f 1390/920/1388 1391/921/1389 1389/922/1387 1395/923/1393
f 1392/924/1390 1393/925/1391 1389/922/1387 1391/921/1389
f 1394/926/1392 1395/923/1393 1389/922/1387 1393/925/1391
f 443/917/441 747/927/745 1390/920/1388 645/928/643
f 747/927/745 748/929/746 1391/921/1389 1390/920/1388
f 645/928/643 1390/920/1388 1395/923/1393 646/930/644
f 446/931/444 746/932/744 1392/924/1390 749/933/747
f 746/932/744 745/934/743 1393/925/1391 1392/924/1390
f 749/933/747 1392/924/1390 1391/921/1389 748/929/746
f 416/935/414 647/936/645 1394/926/1392 744/937/742
f 647/936/645 646/930/644 1395/923/1393 1394/926/1392
f 744/937/742 1394/926/1392 1393/925/1391 745/934/743
f 1397/938/1395 1398/939/1396 1396/940/1394 1402/941/1400
f 1399/942/1397 1400/943/1398 1396/940/1394 1398/939/1396
f 1401/944/1399 1402/941/1400 1396/940/1394 1400/943/1398
f 443/917/441 750/919/748 1397/938/1395 747/927/745
f 750/919/748 751/916/749 1398/939/1396 1397/938/1395
f 747/927/745 1397/938/1395 1402/941/1400 748/929/746
f 441/913/439 755/945/753 1399/942/1397 752/914/750
f 755/945/753 754/946/752 1400/943/1398 1399/942/1397
f 752/914/750 1399/942/1397 1398/939/1396 751/916/749
f 446/931/444 749/933/747 1401/944/1399 753/947/751
f 749/933/747 748/929/746 1402/941/1400 1401/944/1399
f 753/947/751 1401/944/1399 1400/943/1398 754/946/752
f 1404/948/1402 1405/949/1403 1403/950/1401 1409/951/1407
f 1406/952/1404 1407/953/1405 1403/950/1401 1405/949/1403
f 1408/954/1406 1409/951/1407 1403/950/1401 1407/953/1405
f 441/913/439 731/955/729 1404/948/1402 755/945/753
f 731/955/729 730/956/728 1405/949/1403 1404/948/1402
f 755/945/753 1404/948/1402 1409/951/1407 754/946/752
f 414/889/412 656/957/654 1406/952/1404 729/958/727
f 656/957/654 655/959/653 1407/953/1405 1406/952/1404
f 729/958/727 1406/952/1404 1405/949/1403 730/956/728
f 446/931/444 753/947/751 1408/954/1406 654/960/652
f 753/947/751 754/946/752 1409/951/1407 1408/954/1406
f 654/960/652 1408/954/1406 1407/953/1405 655/959/653
f 1411/961/1409 1412/962/1410 1410/963/1408 1416/964/1414
f 1413/965/1411 1414/966/1412 1410/963/1408 1412/962/1410
f 1415/967/1413 1416/964/1414 1410/963/1408 1414/966/1412
f 446/898/444 756/968/754 1411/961/1409 746/969/744
f 756/968/754 757/970/755 1412/962/1410 1411/961/1409
f 746/969/744 1411/961/1409 1416/964/1414 745/971/743
f 445/972/443 743/973/741 1413/965/1411 758/974/756
f 743/973/741 742/975/740 1414/966/1412 1413/965/1411
f 758/974/756 1413/965/1411 1412/962/1410 757/970/755
f 416/976/414 744/977/742 1415/967/1413 741/978/739
f 744/977/742 745/971/743 1416/964/1414 1415/967/1413
f 741/978/739 1415/967/1413 1414/966/1412 742/975/740
f 1418/979/1416 1419/980/1417 1417/981/1415 1423/982/1421
f 1420/983/1418 1421/984/1419 1417/981/1415 1419/980/1417
f 1422/985/1420 1423/982/1421 1417/981/1415 1421/984/1419
f 446/898/444 759/900/757 1418/979/1416 756/968/754
f 759/900/757 760/897/758 1419/980/1417 1418/979/1416
f 756/968/754 1418/979/1416 1423/982/1421 757/970/755
f 440/894/438 764/986/762 1420/983/1418 761/895/759
f 764/986/762 763/987/761 1421/984/1419 1420/983/1418
f 761/895/759 1420/983/1418 1419/980/1417 760/897/758
f 445/972/443 758/974/756 1422/985/1420 762/988/760
f 758/974/756 757/970/755 1423/982/1421 1422/985/1420
f 762/988/760 1422/985/1420 1421/984/1419 763/987/761
f 1425/989/1423 1426/990/1424 1424/991/1422 1430/992/1428
f 1427/993/1425 1428/994/1426 1424/991/1422 1426/990/1424
f 1429/995/1427 1430/992/1428 1424/991/1422 1428/994/1426
f 440/894/438 728/996/726 1425/989/1423 764/986/762
f 728/996/726 727/997/725 1426/990/1424 1425/989/1423
f 764/986/762 1425/989/1423 1430/992/1428 763/987/761
f 413/870/411 653/998/651 1427/993/1425 726/999/724
f 653/998/651 652/1000/650 1428/994/1426 1427/993/1425
f 726/999/724 1427/993/1425 1426/990/1424 727/997/725
f 445/972/443 762/988/760 1429/995/1427 651/1001/649
f 762/988/760 763/987/761 1430/992/1428 1429/995/1427
f 651/1001/649 1429/995/1427 1428/994/1426 652/1000/650
f 1432/1002/1430 1433/1003/1431 1431/1004/1429 1437/1005/1435
f 1434/1006/1432 1435/1007/1433 1431/1004/1429 1433/1003/1431
f 1436/1008/1434 1437/1005/1435 1431/1004/1429 1435/1007/1433
f 445/879/443 765/1009/763 1432/1002/1430 743/1010/741
f 765/1009/763 766/1011/764 1433/1003/1431 1432/1002/1430
f 743/1010/741 1432/1002/1430 1437/1005/1435 742/1012/740
f 444/1013/442 740/1014/738 1434/1006/1432 767/1015/765
f 740/1014/738 739/1016/737 1435/1007/1433 1434/1006/1432
f 767/1015/765 1434/1006/1432 1433/1003/1431 766/1011/764
f 416/1017/414 741/1018/739 1436/1008/1434 738/1019/736
f 741/1018/739 742/1012/740 1437/1005/1435 1436/1008/1434
f 738/1019/736 1436/1008/1434 1435/1007/1433 739/1016/737
f 1439/1020/1437 1440/1021/1438 1438/1022/1436 1444/1023/1442
f 1441/1024/1439 1442/1025/1440 1438/1022/1436 1440/1021/1438
f 1443/1026/1441 1444/1023/1442 1438/1022/1436 1442/1025/1440
f 445/879/443 768/881/766 1439/1020/1437 765/1009/763
f 768/881/766 769/878/767 1440/1021/1438 1439/1020/1437
f 765/1009/763 1439/1020/1437 1444/1023/1442 766/1011/764
f 439/875/437 773/1027/771 1441/1024/1439 770/876/768
f 773/1027/771 772/1028/770 1442/1025/1440 1441/1024/1439
f 770/876/768 1441/1024/1439 1440/1021/1438 769/878/767
f 444/1013/442 767/1015/765 1443/1026/1441 771/1029/769
f 767/1015/765 766/1011/764 1444/1023/1442 1443/1026/1441
f 771/1029/769 1443/1026/1441 1442/1025/1440 772/1028/770
f 1446/1030/1444 1447/1031/1445 1445/1032/1443 1451/1033/1449
f 1448/1034/1446 1449/1035/1447 1445/1032/1443 1447/1031/1445
f 1450/1036/1448 1451/1033/1449 1445/1032/1443 1449/1035/1447
f 439/875/437 725/1037/723 1446/1030/1444 773/1027/771
f 725/1037/723 724/1038/722 1447/1031/1445 1446/1030/1444
f 773/1027/771 1446/1030/1444 1451/1033/1449 772/1028/770
f 412/1039/410 650/1040/648 1448/1034/1446 723/1041/721
f 650/1040/648 649/1042/647 1449/1035/1447 1448/1034/1446
f 723/1041/721 1448/1034/1446 1447/1031/1445 724/1038/722
f 444/1013/442 771/1029/769 1450/1036/1448 648/1043/646
f 771/1029/769 772/1028/770 1451/1033/1449 1450/1036/1448
f 648/1043/646 1450/1036/1448 1449/1035/1447 649/1042/647
f 1453/1044/1451 1454/1045/1452 1452/1046/1450 1458/1047/1456
f 1455/1048/1453 1456/1049/1454 1452/1046/1450 1454/1045/1452
f 1457/1050/1455 1458/1047/1456 1452/1046/1450 1456/1049/1454
f 444/860/442 774/1051/772 1453/1044/1451 740/1052/738
f 774/1051/772 775/1053/773 1454/1045/1452 1453/1044/1451
f 740/1052/738 1453/1044/1451 1458/1047/1456 739/1054/737
f 442/1055/440 734/1056/732 1455/1048/1453 776/1057/774
f 734/1056/732 733/1058/731 1456/1049/1454 1455/1048/1453
f 776/1057/774 1455/1048/1453 1454/1045/1452 775/1053/773
f 416/1059/414 738/1060/736 1457/1050/1455 732/1061/730
f 738/1060/736 739/1054/737 1458/1047/1456 1457/1050/1455
f 732/1061/730 1457/1050/1455 1456/1049/1454 733/1058/731
f 1460/1062/1458 1461/1063/1459 1459/1064/1457 1465/1065/1463
f 1462/1066/1460 1463/1067/1461 1459/1064/1457 1461/1063/1459
f 1464/1068/1462 1465/1065/1463 1459/1064/1457 1463/1067/1461
f 444/860/442 777/862/775 1460/1062/1458 774/1051/772
f 777/862/775 778/859/776 1461/1063/1459 1460/1062/1458
f 774/1051/772 1460/1062/1458 1465/1065/1463 775/1053/773
f 438/856/436 782/1069/780 1462/1066/1460 779/857/777
f 782/1069/780 781/1070/779 1463/1067/1461 1462/1066/1460
f 779/857/777 1462/1066/1460 1461/1063/1459 778/859/776
f 442/1055/440 776/1057/774 1464/1068/1462 780/1071/778
f 776/1057/774 775/1053/773 1465/1065/1463 1464/1068/1462
f 780/1071/778 1464/1068/1462 1463/1067/1461 781/1070/779
f 1467/1072/1465 1468/1073/1466 1466/1074/1464 1472/1075/1470
f 1469/1076/1467 1470/1077/1468 1466/1074/1464 1468/1073/1466
f 1471/1078/1469 1472/1075/1470 1466/1074/1464 1470/1077/1468
f 438/856/436 722/1079/720 1467/1072/1465 782/1069/780
f 722/1079/720 721/1080/719 1468/1073/1466 1467/1072/1465
f 782/1069/780 1467/1072/1465 1472/1075/1470 781/1070/779
f 411/832/409 644/1081/642 1469/1076/1467 720/1082/718
f 644/1081/642 643/1083/641 1470/1077/1468 1469/1076/1467
f 720/1082/718 1469/1076/1467 1468/1073/1466 721/1080/719
f 442/1055/440 780/1071/778 1471/1078/1469 642/1084/640
f 780/1071/778 781/1070/779 1472/1075/1470 1471/1078/1469
f 642/1084/640 1471/1078/1469 1470/1077/1468 643/1083/641
f 1474/1085/1472 1475/1086/1473 1473/1087/1471 1479/1088/1477
f 1476/1089/1474 1477/1090/1475 1473/1087/1471 1475/1086/1473
f 1478/1091/1476 1479/1088/1477 1473/1087/1471 1477/1090/1475
f 442/841/440 783/1092/781 1474/1085/1472 734/1093/732
f 783/1092/781 784/1094/782 1475/1086/1473 1474/1085/1472
f 734/1093/732 1474/1085/1472 1479/1088/1477 733/1095/731
f 443/1096/441 645/1097/643 1476/1089/1474 785/1098/783
f 645/1097/643 646/1099/644 1477/1090/1475 1476/1089/1474
f 785/1098/783 1476/1089/1474 1475/1086/1473 784/1094/782
f 416/1100/414 732/1101/730 1478/1091/1476 647/1102/645
f 732/1101/730 733/1095/731 1479/1088/1477 1478/1091/1476
f 647/1102/645 1478/1091/1476 1477/1090/1475 646/1099/644
f 1481/1103/1479 1482/1104/1480 1480/1105/1478 1486/1106/1484
f 1483/1107/1481 1484/1108/1482 1480/1105/1478 1482/1104/1480
f 1485/1109/1483 1486/1106/1484 1480/1105/1478 1484/1108/1482
f 442/841/440 786/843/784 1481/1103/1479 783/1092/781
f 786/843/784 787/840/785 1482/1104/1480 1481/1103/1479
f 783/1092/781 1481/1103/1479 1486/1106/1484 784/1094/782
f 437/837/435 791/1110/789 1483/1107/1481 788/838/786
f 791/1110/789 790/1111/788 1484/1108/1482 1483/1107/1481
f 788/838/786 1483/1107/1481 1482/1104/1480 787/840/785
f 443/1096/441 785/1098/783 1485/1109/1483 789/1112/787
f 785/1098/783 784/1094/782 1486/1106/1484 1485/1109/1483
f 789/1112/787 1485/1109/1483 1484/1108/1482 790/1111/788
f 1488/1113/1486 1489/1114/1487 1487/1115/1485 1493/1116/1491
f 1490/1117/1488 1491/1118/1489 1487/1115/1485 1489/1114/1487
f 1492/1119/1490 1493/1116/1491 1487/1115/1485 1491/1118/1489
f 437/837/435 719/1120/717 1488/1113/1486 791/1110/789
f 719/1120/717 718/1121/716 1489/1114/1487 1488/1113/1486
f 791/1110/789 1488/1113/1486 1493/1116/1491 790/1111/788
f 415/908/413 735/1122/733 1490/1117/1488 717/1123/715
f 735/1122/733 736/1124/734 1491/1118/1489 1490/1117/1488
f 717/1123/715 1490/1117/1488 1489/1114/1487 718/1121/716
f 443/1096/441 789/1112/787 1492/1119/1490 737/1125/735
f 789/1112/787 790/1111/788 1493/1116/1491 1492/1119/1490
f 737/1125/735 1492/1119/1490 1491/1118/1489 736/1124/734
f 1495/1126/1493 1496/1127/1494 1494/1128/1492 1500/1129/1498
f 1497/1130/1495 1498/1131/1496 1494/1128/1492 1496/1127/1494
f 1499/1132/1497 1500/1129/1498 1494/1128/1492 1498/1131/1496
f 428/822/426 792/1133/790 1495/1126/1493 600/1134/598
f 792/1133/790 793/1135/791 1496/1127/1494 1495/1126/1493
f 600/1134/598 1495/1126/1493 1500/1129/1498 601/1136/599
f 441/913/439 639/915/637 1497/1130/1495 794/1137/792
f 639/915/637 640/911/638 1498/1131/1496 1497/1130/1495
f 794/1137/792 1497/1130/1495 1496/1127/1494 793/1135/791
f 415/908/413 602/1138/600 1499/1132/1497 641/909/639
f 602/1138/600 601/1136/599 1500/1129/1498 1499/1132/1497
f 641/909/639 1499/1132/1497 1498/1131/1496 640/911/638
f 1502/1139/1500 1503/1140/1501 1501/1141/1499 1507/1142/1505
f 1504/1143/1502 1505/1144/1503 1501/1141/1499 1503/1140/1501
f 1506/1145/1504 1507/1142/1505 1501/1141/1499 1505/1144/1503
f 428/822/426 795/824/793 1502/1139/1500 792/1133/790
f 795/824/793 796/821/794 1503/1140/1501 1502/1139/1500
f 792/1133/790 1502/1139/1500 1507/1142/1505 793/1135/791
f 435/752/433 800/1146/798 1504/1143/1502 797/820/795
f 800/1146/798 799/1147/797 1505/1144/1503 1504/1143/1502
f 797/820/795 1504/1143/1502 1503/1140/1501 796/821/794
f 441/913/439 794/1137/792 1506/1145/1504 798/1148/796
f 794/1137/792 793/1135/791 1507/1142/1505 1506/1145/1504
f 798/1148/796 1506/1145/1504 1505/1144/1503 799/1147/797
f 1509/1149/1507 1510/1150/1508 1508/1151/1506 1514/1152/1512
f 1511/1153/1509 1512/1154/1510 1508/1151/1506 1510/1150/1508
f 1513/1155/1511 1514/1152/1512 1508/1151/1506 1512/1154/1510
f 435/752/433 713/1156/711 1509/1149/1507 800/1146/798
f 713/1156/711 712/1157/710 1510/1150/1508 1509/1149/1507
f 800/1146/798 1509/1149/1507 1514/1152/1512 799/1147/797
f 414/889/412 729/958/727 1511/1153/1509 711/1158/709
f 729/958/727 730/956/728 1512/1154/1510 1511/1153/1509
f 711/1158/709 1511/1153/1509 1510/1150/1508 712/1157/710
f 441/913/439 798/1148/796 1513/1155/1511 731/955/729
f 798/1148/796 799/1147/797 1514/1152/1512 1513/1155/1511
f 731/955/729 1513/1155/1511 1512/1154/1510 730/956/728
f 1516/1159/1514 1517/1160/1515 1515/1161/1513 1521/1162/1519
f 1518/1163/1516 1519/1164/1517 1515/1161/1513 1517/1160/1515
f 1520/1165/1518 1521/1162/1519 1515/1161/1513 1519/1164/1517
f 436/808/434 801/1166/799 1516/1159/1514 624/1167/622
f 801/1166/799 802/1168/800 1517/1160/1515 1516/1159/1514
f 624/1167/622 1516/1159/1514 1521/1162/1519 625/1169/623
f 440/894/438 636/896/634 1518/1163/1516 803/1170/801
f 636/896/634 637/892/635 1519/1164/1517 1518/1163/1516
f 803/1170/801 1518/1163/1516 1517/1160/1515 802/1168/800
f 414/889/412 626/1171/624 1520/1165/1518 638/890/636
f 626/1171/624 625/1169/623 1521/1162/1519 1520/1165/1518
f 638/890/636 1520/1165/1518 1519/1164/1517 637/892/635
f 1523/1172/1521 1524/1173/1522 1522/1174/1520 1528/1175/1526
f 1525/1176/1523 1526/1177/1524 1522/1174/1520 1524/1173/1522
f 1527/1178/1525 1528/1175/1526 1522/1174/1520 1526/1177/1524
f 436/808/434 804/810/802 1523/1172/1521 801/1166/799
f 804/810/802 805/807/803 1524/1173/1522 1523/1172/1521
f 801/1166/799 1523/1172/1521 1528/1175/1526 802/1168/800
f 433/733/431 809/1179/807 1525/1176/1523 806/806/804
f 809/1179/807 808/1180/806 1526/1177/1524 1525/1176/1523
f 806/806/804 1525/1176/1523 1524/1173/1522 805/807/803
f 440/894/438 803/1170/801 1527/1178/1525 807/1181/805
f 803/1170/801 802/1168/800 1528/1175/1526 1527/1178/1525
f 807/1181/805 1527/1178/1525 1526/1177/1524 808/1180/806
f 1530/1182/1528 1531/1183/1529 1529/1184/1527 1535/1185/1533
f 1532/1186/1530 1533/1187/1531 1529/1184/1527 1531/1183/1529
f 1534/1188/1532 1535/1185/1533 1529/1184/1527 1533/1187/1531
f 433/733/431 707/1189/705 1530/1182/1528 809/1179/807
f 707/1189/705 706/1190/704 1531/1183/1529 1530/1182/1528
f 809/1179/807 1530/1182/1528 1535/1185/1533 808/1180/806
f 413/870/411 726/999/724 1532/1186/1530 705/1191/703
f 726/999/724 727/997/725 1533/1187/1531 1532/1186/1530
f 705/1191/703 1532/1186/1530 1531/1183/1529 706/1190/704
f 440/894/438 807/1181/805 1534/1188/1532 728/996/726
f 807/1181/805 808/1180/806 1535/1185/1533 1534/1188/1532
f 728/996/726 1534/1188/1532 1533/1187/1531 727/997/725
f 1537/1192/1535 1538/1193/1536 1536/1194/1534 1542/1195/1540
f 1539/1196/1537 1540/1197/1538 1536/1194/1534 1538/1193/1536
f 1541/1198/1539 1542/1195/1540 1536/1194/1534 1540/1197/1538
f 434/794/432 810/1199/808 1537/1192/1535 618/1200/616
f 810/1199/808 811/1201/809 1538/1193/1536 1537/1192/1535
f 618/1200/616 1537/1192/1535 1542/1195/1540 619/1202/617
f 439/875/437 633/877/631 1539/1196/1537 812/1203/810
f 633/877/631 634/873/632 1540/1197/1538 1539/1196/1537
f 812/1203/810 1539/1196/1537 1538/1193/1536 811/1201/809
f 413/870/411 620/1204/618 1541/1198/1539 635/871/633
f 620/1204/618 619/1202/617 1542/1195/1540 1541/1198/1539
f 635/871/633 1541/1198/1539 1540/1197/1538 634/873/632
f 1544/1205/1542 1545/1206/1543 1543/1207/1541 1549/1208/1547
f 1546/1209/1544 1547/1210/1545 1543/1207/1541 1545/1206/1543
f 1548/1211/1546 1549/1208/1547 1543/1207/1541 1547/1210/1545
f 434/794/432 813/796/811 1544/1205/1542 810/1199/808
f 813/796/811 814/793/812 1545/1206/1543 1544/1205/1542
f 810/1199/808 1544/1205/1542 1549/1208/1547 811/1201/809
f 431/714/429 818/1212/816 1546/1209/1544 815/792/813
f 818/1212/816 817/1213/815 1547/1210/1545 1546/1209/1544
f 815/792/813 1546/1209/1544 1545/1206/1543 814/793/812
f 439/875/437 812/1203/810 1548/1211/1546 816/1214/814
f 812/1203/810 811/1201/809 1549/1208/1547 1548/1211/1546
f 816/1214/814 1548/1211/1546 1547/1210/1545 817/1213/815
f 1551/1215/1549 1552/1216/1550 1550/1217/1548 1556/1218/1554
f 1553/1219/1551 1554/1220/1552 1550/1217/1548 1552/1216/1550
f 1555/1221/1553 1556/1218/1554 1550/1217/1548 1554/1220/1552
f 431/714/429 701/1222/699 1551/1215/1549 818/1212/816
f 701/1222/699 700/1223/698 1552/1216/1550 1551/1215/1549
f 818/1212/816 1551/1215/1549 1556/1218/1554 817/1213/815
f 412/1039/410 723/1041/721 1553/1219/1551 699/1224/697
f 723/1041/721 724/1038/722 1554/1220/1552 1553/1219/1551
f 699/1224/697 1553/1219/1551 1552/1216/1550 700/1223/698
f 439/875/437 816/1214/814 1555/1221/1553 725/1037/723
f 816/1214/814 817/1213/815 1556/1218/1554 1555/1221/1553
f 725/1037/723 1555/1221/1553 1554/1220/1552 724/1038/722
f 1558/1225/1556 1559/1226/1557 1557/1227/1555 1563/1228/1561
f 1560/1229/1558 1561/1230/1559 1557/1227/1555 1559/1226/1557
f 1562/1231/1560 1563/1228/1561 1557/1227/1555 1561/1230/1559
f 432/780/430 819/1232/817 1558/1225/1556 612/1233/610
f 819/1232/817 820/1234/818 1559/1226/1557 1558/1225/1556
f 612/1233/610 1558/1225/1556 1563/1228/1561 613/1235/611
f 438/856/436 630/858/628 1560/1229/1558 821/1236/819
f 630/858/628 631/854/629 1561/1230/1559 1560/1229/1558
f 821/1236/819 1560/1229/1558 1559/1226/1557 820/1234/818
f 412/851/410 614/1237/612 1562/1231/1560 632/852/630
f 614/1237/612 613/1235/611 1563/1228/1561 1562/1231/1560
f 632/852/630 1562/1231/1560 1561/1230/1559 631/854/629
f 1565/1238/1563 1566/1239/1564 1564/1240/1562 1570/1241/1568
f 1567/1242/1565 1568/1243/1566 1564/1240/1562 1566/1239/1564
f 1569/1244/1567 1570/1241/1568 1564/1240/1562 1568/1243/1566
f 432/780/430 822/782/820 1565/1238/1563 819/1232/817
f 822/782/820 823/779/821 1566/1239/1564 1565/1238/1563
f 819/1232/817 1565/1238/1563 1570/1241/1568 820/1234/818
f 429/695/427 827/1245/825 1567/1242/1565 824/778/822
f 827/1245/825 826/1246/824 1568/1243/1566 1567/1242/1565
f 824/778/822 1567/1242/1565 1566/1239/1564 823/779/821
f 438/856/436 821/1236/819 1569/1244/1567 825/1247/823
f 821/1236/819 820/1234/818 1570/1241/1568 1569/1244/1567
f 825/1247/823 1569/1244/1567 1568/1243/1566 826/1246/824
f 1572/1248/1570 1573/1249/1571 1571/1250/1569 1577/1251/1575
f 1574/1252/1572 1575/1253/1573 1571/1250/1569 1573/1249/1571
f 1576/1254/1574 1577/1251/1575 1571/1250/1569 1575/1253/1573
f 429/695/427 695/1255/693 1572/1248/1570 827/1245/825
f 695/1255/693 694/1256/692 1573/1249/1571 1572/1248/1570
f 827/1245/825 1572/1248/1570 1577/1251/1575 826/1246/824
f 411/832/409 720/1082/718 1574/1252/1572 693/1257/691
f 720/1082/718 721/1080/719 1575/1253/1573 1574/1252/1572
f 693/1257/691 1574/1252/1572 1573/1249/1571 694/1256/692
f 438/856/436 825/1247/823 1576/1254/1574 722/1079/720
f 825/1247/823 826/1246/824 1577/1251/1575 1576/1254/1574
f 722/1079/720 1576/1254/1574 1575/1253/1573 721/1080/719
f 1579/1258/1577 1580/1259/1578 1578/1260/1576 1584/1261/1582
f 1581/1262/1579 1582/1263/1580 1578/1260/1576 1580/1259/1578
f 1583/1264/1581 1584/1261/1582 1578/1260/1576 1582/1263/1580
f 430/766/428 828/1265/826 1579/1258/1577 606/1266/604
f 828/1265/826 829/1267/827 1580/1259/1578 1579/1258/1577
f 606/1266/604 1579/1258/1577 1584/1261/1582 607/1268/605
f 437/837/435 627/839/625 1581/1262/1579 830/1269/828
f 627/839/625 628/835/626 1582/1263/1580 1581/1262/1579
f 830/1269/828 1581/1262/1579 1580/1259/1578 829/1267/827
f 411/832/409 608/1270/606 1583/1264/1581 629/833/627
f 608/1270/606 607/1268/605 1584/1261/1582 1583/1264/1581
f 629/833/627 1583/1264/1581 1582/1263/1580 628/835/626
f 1586/1271/1584 1587/1272/1585 1585/1273/1583 1591/1274/1589
f 1588/1275/1586 1589/1276/1587 1585/1273/1583 1587/1272/1585
f 1590/1277/1588 1591/1274/1589 1585/1273/1583 1589/1276/1587
f 430/766/428 831/768/829 1586/1271/1584 828/1265/826
f 831/768/829 832/765/830 1587/1272/1585 1586/1271/1584
f 828/1265/826 1586/1271/1584 1591/1274/1589 829/1267/827
f 427/676/425 836/1278/834 1588/1275/1586 833/764/831
f 836/1278/834 835/1279/833 1589/1276/1587 1588/1275/1586
f 833/764/831 1588/1275/1586 1587/1272/1585 832/765/830
f 437/837/435 830/1269/828 1590/1277/1588 834/1280/832
f 830/1269/828 829/1267/827 1591/1274/1589 1590/1277/1588
f 834/1280/832 1590/1277/1588 1589/1276/1587 835/1279/833
f 1593/1281/1591 1594/1282/1592 1592/1283/1590 1598/1284/1596
f 1595/1285/1593 1596/1286/1594 1592/1283/1590 1594/1282/1592
f 1597/1287/1595 1598/1284/1596 1592/1283/1590 1596/1286/1594
f 427/676/425 689/1288/687 1593/1281/1591 836/1278/834
f 689/1288/687 688/1289/686 1594/1282/1592 1593/1281/1591
f 836/1278/834 1593/1281/1591 1598/1284/1596 835/1279/833
f 415/908/413 717/1123/715 1595/1285/1593 687/1290/685
f 717/1123/715 718/1121/716 1596/1286/1594 1595/1285/1593
f 687/1290/685 1595/1285/1593 1594/1282/1592 688/1289/686
f 437/837/435 834/1280/832 1597/1287/1595 719/1120/717
f 834/1280/832 835/1279/833 1598/1284/1596 1597/1287/1595
f 719/1120/717 1597/1287/1595 1596/1286/1594 718/1121/716
f 1600/1291/1598 1601/1292/1599 1599/1293/1597 1605/1294/1603
f 1602/1295/1600 1603/1296/1601 1599/1293/1597 1601/1292/1599
f 1604/1297/1602 1605/1294/1603 1599/1293/1597 1603/1296/1601
f 435/752/433 837/1298/835 1600/1291/1598 713/1156/711
f 837/1298/835 838/1299/836 1601/1292/1599 1600/1291/1598
f 713/1156/711 1600/1291/1598 1605/1294/1603 712/1157/710
f 436/808/434 624/1167/622 1602/1295/1600 839/1300/837
f 624/1167/622 625/1169/623 1603/1296/1601 1602/1295/1600
f 839/1300/837 1602/1295/1600 1601/1292/1599 838/1299/836
f 414/889/412 711/1158/709 1604/1297/1602 626/1171/624
f 711/1158/709 712/1157/710 1605/1294/1603 1604/1297/1602
f 626/1171/624 1604/1297/1602 1603/1296/1601 625/1169/623
f 1607/1301/1605 1608/1302/1606 1606/1303/1604 1612/1304/1610
f 1609/1305/1607 1610/1306/1608 1606/1303/1604 1608/1302/1606
f 1611/1307/1609 1612/1304/1610 1606/1303/1604 1610/1306/1608
f 435/752/433 840/754/838 1607/1301/1605 837/1298/835
f 840/754/838 841/751/839 1608/1302/1606 1607/1301/1605
f 837/1298/835 1607/1301/1605 1612/1304/1610 838/1299/836
f 426/748/424 845/1308/843 1609/1305/1607 842/749/840
f 845/1308/843 844/1309/842 1610/1306/1608 1609/1305/1607
f 842/749/840 1609/1305/1607 1608/1302/1606 841/751/839
f 436/808/434 839/1300/837 1611/1307/1609 843/1310/841
f 839/1300/837 838/1299/836 1612/1304/1610 1611/1307/1609
f 843/1310/841 1611/1307/1609 1610/1306/1608 844/1309/842
f 1614/1311/1612 1615/1312/1613 1613/1313/1611 1619/1314/1617
f 1616/1315/1614 1617/1316/1615 1613/1313/1611 1615/1312/1613
f 1618/1317/1616 1619/1314/1617 1613/1313/1611 1617/1316/1615
f 426/748/424 686/1318/684 1614/1311/1612 845/1308/843
f 686/1318/684 685/1319/683 1615/1312/1613 1614/1311/1612
f 845/1308/843 1614/1311/1612 1619/1314/1617 844/1309/842
f 409/724/407 714/804/712 1616/1315/1614 684/1320/682
f 714/804/712 715/805/713 1617/1316/1615 1616/1315/1614
f 684/1320/682 1616/1315/1614 1615/1312/1613 685/1319/683
f 436/808/434 843/1310/841 1618/1317/1616 716/809/714
f 843/1310/841 844/1309/842 1619/1314/1617 1618/1317/1616
f 716/809/714 1618/1317/1616 1617/1316/1615 715/805/713
f 1621/1321/1619 1622/1322/1620 1620/1323/1618 1626/1324/1624
f 1623/1325/1621 1624/1326/1622 1620/1323/1618 1622/1322/1620
f 1625/1327/1623 1626/1324/1624 1620/1323/1618 1624/1326/1622
f 433/733/431 846/1328/844 1621/1321/1619 707/1189/705
f 846/1328/844 847/1329/845 1622/1322/1620 1621/1321/1619
f 707/1189/705 1621/1321/1619 1626/1324/1624 706/1190/704
f 434/794/432 618/1200/616 1623/1325/1621 848/1330/846
f 618/1200/616 619/1202/617 1624/1326/1622 1623/1325/1621
f 848/1330/846 1623/1325/1621 1622/1322/1620 847/1329/845
f 413/870/411 705/1191/703 1625/1327/1623 620/1204/618
f 705/1191/703 706/1190/704 1626/1324/1624 1625/1327/1623
f 620/1204/618 1625/1327/1623 1624/1326/1622 619/1202/617
f 1628/1331/1626 1629/1332/1627 1627/1333/1625 1633/1334/1631
f 1630/1335/1628 1631/1336/1629 1627/1333/1625 1629/1332/1627
f 1632/1337/1630 1633/1334/1631 1627/1333/1625 1631/1336/1629
f 433/733/431 849/735/847 1628/1331/1626 846/1328/844
f 849/735/847 850/732/848 1629/1332/1627 1628/1331/1626
f 846/1328/844 1628/1331/1626 1633/1334/1631 847/1329/845
f 425/729/423 854/1338/852 1630/1335/1628 851/730/849
f 854/1338/852 853/1339/851 1631/1336/1629 1630/1335/1628
f 851/730/849 1630/1335/1628 1629/1332/1627 850/732/848
f 434/794/432 848/1330/846 1632/1337/1630 852/1340/850
f 848/1330/846 847/1329/845 1633/1334/1631 1632/1337/1630
f 852/1340/850 1632/1337/1630 1631/1336/1629 853/1339/851
f 1635/1341/1633 1636/1342/1634 1634/1343/1632 1640/1344/1638
f 1637/1345/1635 1638/1346/1636 1634/1343/1632 1636/1342/1634
f 1639/1347/1637 1640/1344/1638 1634/1343/1632 1638/1346/1636
f 425/729/423 683/1348/681 1635/1341/1633 854/1338/852
f 683/1348/681 682/1349/680 1636/1342/1634 1635/1341/1633
f 854/1338/852 1635/1341/1633 1640/1344/1638 853/1339/851
f 408/705/406 708/790/706 1637/1345/1635 681/1350/679
f 708/790/706 709/791/707 1638/1346/1636 1637/1345/1635
f 681/1350/679 1637/1345/1635 1636/1342/1634 682/1349/680
f 434/794/432 852/1340/850 1639/1347/1637 710/795/708
f 852/1340/850 853/1339/851 1640/1344/1638 1639/1347/1637
f 710/795/708 1639/1347/1637 1638/1346/1636 709/791/707
f 1642/1351/1640 1643/1352/1641 1641/1353/1639 1647/1354/1645
f 1644/1355/1642 1645/1356/1643 1641/1353/1639 1643/1352/1641
f 1646/1357/1644 1647/1354/1645 1641/1353/1639 1645/1356/1643
f 431/714/429 855/1358/853 1642/1351/1640 701/1222/699
f 855/1358/853 856/1359/854 1643/1352/1641 1642/1351/1640
f 701/1222/699 1642/1351/1640 1647/1354/1645 700/1223/698
f 432/1360/430 612/1361/610 1644/1355/1642 857/1362/855
f 612/1361/610 613/1363/611 1645/1356/1643 1644/1355/1642
f 857/1362/855 1644/1355/1642 1643/1352/1641 856/1359/854
f 412/1039/410 699/1224/697 1646/1357/1644 614/1364/612
f 699/1224/697 700/1223/698 1647/1354/1645 1646/1357/1644
f 614/1364/612 1646/1357/1644 1645/1356/1643 613/1363/611
f 1649/1365/1647 1650/1366/1648 1648/1367/1646 1654/1368/1652
f 1651/1369/1649 1652/1370/1650 1648/1367/1646 1650/1366/1648
f 1653/1371/1651 1654/1368/1652 1648/1367/1646 1652/1370/1650
f 431/714/429 858/716/856 1649/1365/1647 855/1358/853
f 858/716/856 859/713/857 1650/1366/1648 1649/1365/1647
f 855/1358/853 1649/1365/1647 1654/1368/1652 856/1359/854
f 423/710/421 863/1372/861 1651/1369/1649 860/711/858
f 863/1372/861 862/1373/860 1652/1370/1650 1651/1369/1649
f 860/711/858 1651/1369/1649 1650/1366/1648 859/713/857
f 432/1360/430 857/1362/855 1653/1371/1651 861/1374/859
f 857/1362/855 856/1359/854 1654/1368/1652 1653/1371/1651
f 861/1374/859 1653/1371/1651 1652/1370/1650 862/1373/860
f 1656/1375/1654 1657/1376/1655 1655/1377/1653 1661/1378/1659
f 1658/1379/1656 1659/1380/1657 1655/1377/1653 1657/1376/1655
f 1660/1381/1658 1661/1378/1659 1655/1377/1653 1659/1380/1657
f 423/710/421 677/1382/675 1656/1375/1654 863/1372/861
f 677/1382/675 676/1383/674 1657/1376/1655 1656/1375/1654
f 863/1372/861 1656/1375/1654 1661/1378/1659 862/1373/860
f 407/1384/405 702/1385/700 1658/1379/1656 675/1386/673
f 702/1385/700 703/1387/701 1659/1380/1657 1658/1379/1656
f 675/1386/673 1658/1379/1656 1657/1376/1655 676/1383/674
f 432/1360/430 861/1374/859 1660/1381/1658 704/1388/702
f 861/1374/859 862/1373/860 1661/1378/1659 1660/1381/1658
f 704/1388/702 1660/1381/1658 1659/1380/1657 703/1387/701
f 1663/1389/1661 1664/1390/1662 1662/1391/1660 1668/1392/1666
f 1665/1393/1663 1666/1394/1664 1662/1391/1660 1664/1390/1662
f 1667/1395/1665 1668/1392/1666 1662/1391/1660 1666/1394/1664
f 429/695/427 864/1396/862 1663/1389/1661 695/1255/693
f 864/1396/862 865/1397/863 1664/1390/1662 1663/1389/1661
f 695/1255/693 1663/1389/1661 1668/1392/1666 694/1256/692
f 430/766/428 606/1266/604 1665/1393/1663 866/1398/864
f 606/1266/604 607/1268/605 1666/1394/1664 1665/1393/1663
f 866/1398/864 1665/1393/1663 1664/1390/1662 865/1397/863
f 411/832/409 693/1257/691 1667/1395/1665 608/1270/606
f 693/1257/691 694/1256/692 1668/1392/1666 1667/1395/1665
f 608/1270/606 1667/1395/1665 1666/1394/1664 607/1268/605
f 1670/1399/1668 1671/1400/1669 1669/1401/1667 1675/1402/1673
f 1672/1403/1670 1673/1404/1671 1669/1401/1667 1671/1400/1669
f 1674/1405/1672 1675/1402/1673 1669/1401/1667 1673/1404/1671
f 429/695/427 867/697/865 1670/1399/1668 864/1396/862
f 867/697/865 868/694/866 1671/1400/1669 1670/1399/1668
f 864/1396/862 1670/1399/1668 1675/1402/1673 865/1397/863
f 419/691/417 872/1406/870 1672/1403/1670 869/692/867
f 872/1406/870 871/1407/869 1673/1404/1671 1672/1403/1670
f 869/692/867 1672/1403/1670 1671/1400/1669 868/694/866
f 430/766/428 866/1398/864 1674/1405/1672 870/1408/868
f 866/1398/864 865/1397/863 1675/1402/1673 1674/1405/1672
f 870/1408/868 1674/1405/1672 1673/1404/1671 871/1407/869
f 1677/1409/1675 1678/1410/1676 1676/1411/1674 1682/1412/1680
f 1679/1413/1677 1680/1414/1678 1676/1411/1674 1678/1410/1676
f 1681/1415/1679 1682/1412/1680 1676/1411/1674 1680/1414/1678
f 419/691/417 665/1416/663 1677/1409/1675 872/1406/870
f 665/1416/663 664/1417/662 1678/1410/1676 1677/1409/1675
f 872/1406/870 1677/1409/1675 1682/1412/1680 871/1407/869
f 406/596/404 696/762/694 1679/1413/1677 663/1418/661
f 696/762/694 697/763/695 1680/1414/1678 1679/1413/1677
f 663/1418/661 1679/1413/1677 1678/1410/1676 664/1417/662
f 430/766/428 870/1408/868 1681/1415/1679 698/767/696
f 870/1408/868 871/1407/869 1682/1412/1680 1681/1415/1679
f 698/767/696 1681/1415/1679 1680/1414/1678 697/763/695
f 1684/1419/1682 1685/1420/1683 1683/1421/1681 1689/1422/1687
f 1686/1423/1684 1687/1424/1685 1683/1421/1681 1685/1420/1683
f 1688/1425/1686 1689/1422/1687 1683/1421/1681 1687/1424/1685
f 427/676/425 873/1426/871 1684/1419/1682 689/1288/687
f 873/1426/871 874/1427/872 1685/1420/1683 1684/1419/1682
f 689/1288/687 1684/1419/1682 1689/1422/1687 688/1289/686
f 428/822/426 600/1134/598 1686/1423/1684 875/1428/873
f 600/1134/598 601/1136/599 1687/1424/1685 1686/1423/1684
f 875/1428/873 1686/1423/1684 1685/1420/1683 874/1427/872
f 415/908/413 687/1290/685 1688/1425/1686 602/1138/600
f 687/1290/685 688/1289/686 1689/1422/1687 1688/1425/1686
f 602/1138/600 1688/1425/1686 1687/1424/1685 601/1136/599
f 1691/1429/1689 1692/1430/1690 1690/1431/1688 1696/1432/1694
f 1693/1433/1691 1694/1434/1692 1690/1431/1688 1692/1430/1690
f 1695/1435/1693 1696/1432/1694 1690/1431/1688 1694/1434/1692
f 427/676/425 876/678/874 1691/1429/1689 873/1426/871
f 876/678/874 877/675/875 1692/1430/1690 1691/1429/1689
f 873/1426/871 1691/1429/1689 1696/1432/1694 874/1427/872
f 420/605/418 881/1436/879 1693/1433/1691 878/674/876
f 881/1436/879 880/1437/878 1694/1434/1692 1693/1433/1691
f 878/674/876 1693/1433/1691 1692/1430/1690 877/675/875
f 428/822/426 875/1428/873 1695/1435/1693 879/1438/877
f 875/1428/873 874/1427/872 1696/1432/1694 1695/1435/1693
f 879/1438/877 1695/1435/1693 1694/1434/1692 880/1437/878
f 1698/1439/1696 1699/1440/1697 1697/1441/1695 1703/1442/1701
f 1700/1443/1698 1701/1444/1699 1697/1441/1695 1699/1440/1697
f 1702/1445/1700 1703/1442/1701 1697/1441/1695 1701/1444/1699
f 420/605/418 668/1446/666 1698/1439/1696 881/1436/879
f 668/1446/666 667/1447/665 1699/1440/1697 1698/1439/1696
f 881/1436/879 1698/1439/1696 1703/1442/1701 880/1437/878
f 410/743/408 690/818/688 1700/1443/1698 666/1448/664
f 690/818/688 691/819/689 1701/1444/1699 1700/1443/1698
f 666/1448/664 1700/1443/1698 1699/1440/1697 667/1447/665
f 428/822/426 879/1438/877 1702/1445/1700 692/823/690
f 879/1438/877 880/1437/878 1703/1442/1701 1702/1445/1700
f 692/823/690 1702/1445/1700 1701/1444/1699 691/819/689
f 1705/1449/1703 1706/1450/1704 1704/1451/1702 1710/1452/1708
f 1707/1453/1705 1708/1454/1706 1704/1451/1702 1706/1450/1704
f 1709/1455/1707 1710/1452/1708 1704/1451/1702 1708/1454/1706
f 421/662/419 882/1456/880 1705/1449/1703 579/1457/577
f 882/1456/880 883/1458/881 1706/1450/1704 1705/1449/1703
f 579/1457/577 1705/1449/1703 1710/1452/1708 580/1459/578
f 426/748/424 594/750/592 1707/1453/1705 884/1460/882
f 594/750/592 595/746/593 1708/1454/1706 1707/1453/1705
f 884/1460/882 1707/1453/1705 1706/1450/1704 883/1458/881
f 410/743/408 581/1461/579 1709/1455/1707 596/744/594
f 581/1461/579 580/1459/578 1710/1452/1708 1709/1455/1707
f 596/744/594 1709/1455/1707 1708/1454/1706 595/746/593
f 1712/1462/1710 1713/1463/1711 1711/1464/1709 1717/1465/1715
f 1714/1466/1712 1715/1467/1713 1711/1464/1709 1713/1463/1711
f 1716/1468/1714 1717/1465/1715 1711/1464/1709 1715/1467/1713
f 421/662/419 885/664/883 1712/1462/1710 882/1456/880
f 885/664/883 886/661/884 1713/1463/1711 1712/1462/1710
f 882/1456/880 1712/1462/1710 1717/1465/1715 883/1458/881
f 424/658/422 890/1469/888 1714/1466/1712 887/659/885
f 890/1469/888 889/1470/887 1715/1467/1713 1714/1466/1712
f 887/659/885 1714/1466/1712 1713/1463/1711 886/661/884
f 426/748/424 884/1460/882 1716/1468/1714 888/1471/886
f 884/1460/882 883/1458/881 1717/1465/1715 1716/1468/1714
f 888/1471/886 1716/1468/1714 1715/1467/1713 889/1470/887
f 1719/1472/1717 1720/1473/1718 1718/1474/1716 1724/1475/1722
f 1721/1476/1719 1722/1477/1720 1718/1474/1716 1720/1473/1718
f 1723/1478/1721 1724/1475/1722 1718/1474/1716 1722/1477/1720
f 424/658/422 680/1479/678 1719/1472/1717 890/1469/888
f 680/1479/678 679/1480/677 1720/1473/1718 1719/1472/1717
f 890/1469/888 1719/1472/1717 1724/1475/1722 889/1470/887
f 409/724/407 684/1320/682 1721/1476/1719 678/1481/676
f 684/1320/682 685/1319/683 1722/1477/1720 1721/1476/1719
f 678/1481/676 1721/1476/1719 1720/1473/1718 679/1480/677
f 426/748/424 888/1471/886 1723/1478/1721 686/1318/684
f 888/1471/886 889/1470/887 1724/1475/1722 1723/1478/1721
f 686/1318/684 1723/1478/1721 1722/1477/1720 685/1319/683
f 1726/1482/1724 1727/1483/1725 1725/1484/1723 1731/1485/1729
f 1728/1486/1726 1729/1487/1727 1725/1484/1723 1727/1483/1725
f 1730/1488/1728 1731/1485/1729 1725/1484/1723 1729/1487/1727
f 424/643/422 891/1489/889 1726/1482/1724 680/1490/678
f 891/1489/889 892/1491/890 1727/1483/1725 1726/1482/1724
f 680/1490/678 1726/1482/1724 1731/1485/1729 679/1492/677
f 425/729/423 591/731/589 1728/1486/1726 893/1493/891
f 591/731/589 592/727/590 1729/1487/1727 1728/1486/1726
f 893/1493/891 1728/1486/1726 1727/1483/1725 892/1491/890
f 409/724/407 678/1494/676 1730/1488/1728 593/725/591
f 678/1494/676 679/1492/677 1731/1485/1729 1730/1488/1728
f 593/725/591 1730/1488/1728 1729/1487/1727 592/727/590
f 1733/1495/1731 1734/1496/1732 1732/1497/1730 1738/1498/1736
f 1735/1499/1733 1736/1500/1734 1732/1497/1730 1734/1496/1732
f 1737/1501/1735 1738/1498/1736 1732/1497/1730 1736/1500/1734
f 424/643/422 894/645/892 1733/1495/1731 891/1489/889
f 894/645/892 895/642/893 1734/1496/1732 1733/1495/1731
f 891/1489/889 1733/1495/1731 1738/1498/1736 892/1491/890
f 422/639/420 899/1502/897 1735/1499/1733 896/640/894
f 899/1502/897 898/1503/896 1736/1500/1734 1735/1499/1733
f 896/640/894 1735/1499/1733 1734/1496/1732 895/642/893
f 425/729/423 893/1493/891 1737/1501/1735 897/1504/895
f 893/1493/891 892/1491/890 1738/1498/1736 1737/1501/1735
f 897/1504/895 1737/1501/1735 1736/1500/1734 898/1503/896
f 1740/1505/1738 1741/1506/1739 1739/1507/1737 1745/1508/1743
f 1742/1509/1740 1743/1510/1741 1739/1507/1737 1741/1506/1739
f 1744/1511/1742 1745/1508/1743 1739/1507/1737 1743/1510/1741
f 422/639/420 674/1512/672 1740/1505/1738 899/1502/897
f 674/1512/672 673/1513/671 1741/1506/1739 1740/1505/1738
f 899/1502/897 1740/1505/1738 1745/1508/1743 898/1503/896
f 408/705/406 681/1350/679 1742/1509/1740 672/1514/670
f 681/1350/679 682/1349/680 1743/1510/1741 1742/1509/1740
f 672/1514/670 1742/1509/1740 1741/1506/1739 673/1513/671
f 425/729/423 897/1504/895 1744/1511/1742 683/1348/681
f 897/1504/895 898/1503/896 1745/1508/1743 1744/1511/1742
f 683/1348/681 1744/1511/1742 1743/1510/1741 682/1349/680
f 1747/1515/1745 1748/1516/1746 1746/1517/1744 1752/1518/1750
f 1749/1519/1747 1750/1520/1748 1746/1517/1744 1748/1516/1746
f 1751/1521/1749 1752/1518/1750 1746/1517/1744 1750/1520/1748
f 422/624/420 900/1522/898 1747/1515/1745 674/1523/672
f 900/1522/898 901/1524/899 1748/1516/1746 1747/1515/1745
f 674/1523/672 1747/1515/1745 1752/1518/1750 673/1525/671
f 423/710/421 585/712/583 1749/1519/1747 902/1526/900
f 585/712/583 586/708/584 1750/1520/1748 1749/1519/1747
f 902/1526/900 1749/1519/1747 1748/1516/1746 901/1524/899
f 408/705/406 672/1527/670 1751/1521/1749 587/706/585
f 672/1527/670 673/1525/671 1752/1518/1750 1751/1521/1749
f 587/706/585 1751/1521/1749 1750/1520/1748 586/708/584
f 1754/1528/1752 1755/1529/1753 1753/1530/1751 1759/1531/1757
f 1756/1532/1754 1757/1533/1755 1753/1530/1751 1755/1529/1753
f 1758/1534/1756 1759/1531/1757 1753/1530/1751 1757/1533/1755
f 422/624/420 903/626/901 1754/1528/1752 900/1522/898
f 903/626/901 904/623/902 1755/1529/1753 1754/1528/1752
f 900/1522/898 1754/1528/1752 1759/1531/1757 901/1524/899
f 417/620/415 908/1535/906 1756/1532/1754 905/621/903
f 908/1535/906 907/1536/905 1757/1533/1755 1756/1532/1754
f 905/621/903 1756/1532/1754 1755/1529/1753 904/623/902
f 423/710/421 902/1526/900 1758/1534/1756 906/1537/904
f 902/1526/900 901/1524/899 1759/1531/1757 1758/1534/1756
f 906/1537/904 1758/1534/1756 1757/1533/1755 907/1536/905
f 1761/1538/1759 1762/1539/1760 1760/1540/1758 1766/1541/1764
f 1763/1542/1761 1764/1543/1762 1760/1540/1758 1762/1539/1760
f 1765/1544/1763 1766/1541/1764 1760/1540/1758 1764/1543/1762
f 417/620/415 659/1545/657 1761/1538/1759 908/1535/906
f 659/1545/657 658/1546/656 1762/1539/1760 1761/1538/1759
f 908/1535/906 1761/1538/1759 1766/1541/1764 907/1536/905
f 407/1384/405 675/1386/673 1763/1542/1761 657/1547/655
f 675/1386/673 676/1383/674 1764/1543/1762 1763/1542/1761
f 657/1547/655 1763/1542/1761 1762/1539/1760 658/1546/656
f 423/710/421 906/1537/904 1765/1544/1763 677/1382/675
f 906/1537/904 907/1536/905 1766/1541/1764 1765/1544/1763
f 677/1382/675 1765/1544/1763 1764/1543/1762 676/1383/674
f 1768/1548/1766 1769/1549/1767 1767/1550/1765 1773/1551/1771
f 1770/1552/1768 1771/1553/1769 1767/1550/1765 1769/1549/1767
f 1772/1554/1770 1773/1551/1771 1767/1550/1765 1771/1553/1769
f 420/605/418 909/1555/907 1768/1548/1766 668/1446/666
f 909/1555/907 910/1556/908 1769/1549/1767 1768/1548/1766
f 668/1446/666 1768/1548/1766 1773/1551/1771 667/1447/665
f 421/1557/419 579/1558/577 1770/1552/1768 911/1559/909
f 579/1558/577 580/1560/578 1771/1553/1769 1770/1552/1768
f 911/1559/909 1770/1552/1768 1769/1549/1767 910/1556/908
f 410/743/408 666/1448/664 1772/1554/1770 581/1561/579
f 666/1448/664 667/1447/665 1773/1551/1771 1772/1554/1770
f 581/1561/579 1772/1554/1770 1771/1553/1769 580/1560/578
f 1775/1562/1773 1776/1563/1774 1774/1564/1772 1780/1565/1778
f 1777/1566/1775 1778/1567/1776 1774/1564/1772 1776/1563/1774
f 1779/1568/1777 1780/1565/1778 1774/1564/1772 1778/1567/1776
f 420/605/418 912/607/910 1775/1562/1773 909/1555/907
f 912/607/910 913/604/911 1776/1563/1774 1775/1562/1773
f 909/1555/907 1775/1562/1773 1780/1565/1778 910/1556/908
f 418/601/416 917/1569/915 1777/1566/1775 914/602/912
f 917/1569/915 916/1570/914 1778/1567/1776 1777/1566/1775
f 914/602/912 1777/1566/1775 1776/1563/1774 913/604/911
f 421/1557/419 911/1559/909 1779/1568/1777 915/1571/913
f 911/1559/909 910/1556/908 1780/1565/1778 1779/1568/1777
f 915/1571/913 1779/1568/1777 1778/1567/1776 916/1570/914
f 1782/1572/1780 1783/1573/1781 1781/1574/1779 1787/1575/1785
f 1784/1576/1782 1785/1577/1783 1781/1574/1779 1783/1573/1781
f 1786/1578/1784 1787/1575/1785 1781/1574/1779 1785/1577/1783
f 418/601/416 662/1579/660 1782/1572/1780 917/1569/915
f 662/1579/660 661/1580/659 1783/1573/1781 1782/1572/1780
f 917/1569/915 1782/1572/1780 1787/1575/1785 916/1570/914
f 405/1581/403 669/1582/667 1784/1576/1782 660/1583/658
f 669/1582/667 670/1584/668 1785/1577/1783 1784/1576/1782
f 660/1583/658 1784/1576/1782 1783/1573/1781 661/1580/659
f 421/1557/419 915/1571/913 1786/1578/1784 671/1585/669
f 915/1571/913 916/1570/914 1787/1575/1785 1786/1578/1784
f 671/1585/669 1786/1578/1784 1785/1577/1783 670/1584/668
f 1789/1586/1787 1790/1587/1788 1788/1588/1786 1794/1589/1792
f 1791/1590/1789 1792/1591/1790 1788/1588/1786 1790/1587/1788
f 1793/1592/1791 1794/1589/1792 1788/1588/1786 1792/1591/1790
f 417/586/415 918/1593/916 1789/1586/1787 659/1594/657
f 918/1593/916 919/1595/917 1790/1587/1788 1789/1586/1787
f 659/1594/657 1789/1586/1787 1794/1589/1792 658/1596/656
f 419/691/417 573/693/571 1791/1590/1789 920/1597/918
f 573/693/571 574/689/572 1792/1591/1790 1791/1590/1789
f 920/1597/918 1791/1590/1789 1790/1587/1788 919/1595/917
f 407/686/405 657/1598/655 1793/1592/1791 575/687/573
f 657/1598/655 658/1596/656 1794/1589/1792 1793/1592/1791
f 575/687/573 1793/1592/1791 1792/1591/1790 574/689/572
f 1796/1599/1794 1797/1600/1795 1795/1601/1793 1801/1602/1799
f 1798/1603/1796 1799/1604/1797 1795/1601/1793 1797/1600/1795
f 1800/1605/1798 1801/1602/1799 1795/1601/1793 1799/1604/1797
f 417/586/415 921/588/919 1796/1599/1794 918/1593/916
f 921/588/919 922/585/920 1797/1600/1795 1796/1599/1794
f 918/1593/916 1796/1599/1794 1801/1602/1799 919/1595/917
f 418/582/416 926/1606/924 1798/1603/1796 923/583/921
f 926/1606/924 925/1607/923 1799/1604/1797 1798/1603/1796
f 923/583/921 1798/1603/1796 1797/1600/1795 922/585/920
f 419/691/417 920/1597/918 1800/1605/1798 924/1608/922
f 920/1597/918 919/1595/917 1801/1602/1799 1800/1605/1798
f 924/1608/922 1800/1605/1798 1799/1604/1797 925/1607/923
f 1803/1609/1801 1804/1610/1802 1802/1611/1800 1808/1612/1806
f 1805/1613/1803 1806/1614/1804 1802/1611/1800 1804/1610/1802
f 1807/1615/1805 1808/1612/1806 1802/1611/1800 1806/1614/1804
f 418/582/416 570/1616/568 1803/1609/1801 926/1606/924
f 570/1616/568 571/1617/569 1804/1610/1802 1803/1609/1801
f 926/1606/924 1803/1609/1801 1808/1612/1806 925/1607/923
f 406/596/404 663/1418/661 1805/1613/1803 572/1618/570
f 663/1418/661 664/1417/662 1806/1614/1804 1805/1613/1803
f 572/1618/570 1805/1613/1803 1804/1610/1802 571/1617/569
f 419/691/417 924/1608/922 1807/1615/1805 665/1416/663
f 924/1608/922 925/1607/923 1808/1612/1806 1807/1615/1805
f 665/1416/663 1807/1615/1805 1806/1614/1804 664/1417/662
f 1809/307/1807 1810/308/1808 1813/309/1811 1812/310/1810
f 1810/308/1808 1811/311/1809 1814/312/1812 1813/309/1811
f 1812/310/1810 1813/309/1811 1816/313/1814 1815/314/1813
f 1813/309/1811 1814/312/1812 1817/315/1815 1816/313/1814
f 447/316/445 933/317/931 1809/307/1807 927/318/925
f 933/317/931 934/319/932 1810/308/1808 1809/307/1807
f 934/319/932 935/320/933 1811/311/1809 1810/308/1808
f 935/320/933 448/321/446 932/322/930 1811/311/1809
f 1811/311/1809 932/322/930 931/323/929 1814/312/1812
f 1814/312/1812 931/323/929 930/324/928 1817/315/1815
f 1817/315/1815 930/324/928 450/325/448 936/326/934
f 1816/313/1814 1817/315/1815 936/326/934 937/327/935
f 1815/314/1813 1816/313/1814 937/327/935 938/328/936
f 929/329/927 1815/314/1813 938/328/936 449/330/447
f 928/331/926 1812/310/1810 1815/314/1813 929/329/927
f 927/318/925 1809/307/1807 1812/310/1810 928/331/926
f 1818/332/1816 1819/333/1817 1822/334/1820 1821/335/1819
f 1819/333/1817 1820/336/1818 1823/337/1821 1822/334/1820
f 1821/335/1819 1822/334/1820 1825/338/1823 1824/339/1822
f 1822/334/1820 1823/337/1821 1826/340/1824 1825/338/1823
f 449/330/447 938/328/936 1818/332/1816 939/341/937
f 938/328/936 937/327/935 1819/333/1817 1818/332/1816
f 937/327/935 936/326/934 1820/336/1818 1819/333/1817
f 936/326/934 450/325/448 944/342/942 1820/336/1818
f 1820/336/1818 944/342/942 943/343/941 1823/337/1821
f 1823/337/1821 943/343/941 942/344/940 1826/340/1824
f 1826/340/1824 942/344/940 452/345/450 945/346/943
f 1825/338/1823 1826/340/1824 945/346/943 946/347/944
f 1824/339/1822 1825/338/1823 946/347/944 947/348/945
f 941/349/939 1824/339/1822 947/348/945 451/350/449
f 940/351/938 1821/335/1819 1824/339/1822 941/349/939
f 939/341/937 1818/332/1816 1821/335/1819 940/351/938
f 1827/352/1825 1828/353/1826 1831/354/1829 1830/355/1828
f 1828/353/1826 1829/356/1827 1832/357/1830 1831/354/1829
f 1830/355/1828 1831/354/1829 1834/358/1832 1833/359/1831
f 1831/354/1829 1832/357/1830 1835/360/1833 1834/358/1832
f 451/350/449 947/348/945 1827/352/1825 948/361/946
f 947/348/945 946/347/944 1828/353/1826 1827/352/1825
f 946/347/944 945/346/943 1829/356/1827 1828/353/1826
f 945/346/943 452/345/450 953/362/951 1829/356/1827
f 1829/356/1827 953/362/951 952/363/950 1832/357/1830
f 1832/357/1830 952/363/950 951/364/949 1835/360/1833
f 1835/360/1833 951/364/949 454/365/452 954/366/952
f 1834/358/1832 1835/360/1833 954/366/952 955/367/953
f 1833/359/1831 1834/358/1832 955/367/953 956/368/954
f 950/369/948 1833/359/1831 956/368/954 453/370/451
f 949/371/947 1830/355/1828 1833/359/1831 950/369/948
f 948/361/946 1827/352/1825 1830/355/1828 949/371/947
f 1836/372/1834 1837/373/1835 1840/374/1838 1839/375/1837
f 1837/373/1835 1838/376/1836 1841/377/1839 1840/374/1838
f 1839/375/1837 1840/374/1838 1843/378/1841 1842/379/1840
f 1840/374/1838 1841/377/1839 1844/380/1842 1843/378/1841
f 453/370/451 956/368/954 1836/372/1834 957/381/955
f 956/368/954 955/367/953 1837/373/1835 1836/372/1834
f 955/367/953 954/366/952 1838/376/1836 1837/373/1835
f 954/366/952 454/365/452 962/382/960 1838/376/1836
f 1838/376/1836 962/382/960 961/383/959 1841/377/1839
f 1841/377/1839 961/383/959 960/384/958 1844/380/1842
f 1844/380/1842 960/384/958 456/385/454 963/386/961
f 1843/378/1841 1844/380/1842 963/386/961 964/387/962
f 1842/379/1840 1843/378/1841 964/387/962 965/388/963
f 959/389/957 1842/379/1840 965/388/963 455/390/453
f 958/391/956 1839/375/1837 1842/379/1840 959/389/957
f 957/381/955 1836/372/1834 1839/375/1837 958/391/956
f 1845/392/1843 1846/393/1844 1849/394/1847 1848/395/1846
f 1846/393/1844 1847/396/1845 1850/397/1848 1849/394/1847
f 1848/395/1846 1849/394/1847 1852/398/1850 1851/399/1849
f 1849/394/1847 1850/397/1848 1853/400/1851 1852/398/1850
f 455/390/453 965/388/963 1845/392/1843 966/401/964
f 965/388/963 964/387/962 1846/393/1844 1845/392/1843
f 964/387/962 963/386/961 1847/396/1845 1846/393/1844
f 963/386/961 456/385/454 971/402/969 1847/396/1845
f 1847/396/1845 971/402/969 970/403/968 1850/397/1848
f 1850/397/1848 970/403/968 969/404/967 1853/400/1851
f 1853/400/1851 969/404/967 458/405/456 972/406/970
f 1852/398/1850 1853/400/1851 972/406/970 973/407/971
f 1851/399/1849 1852/398/1850 973/407/971 974/408/972
f 968/409/966 1851/399/1849 974/408/972 457/410/455
f 967/411/965 1848/395/1846 1851/399/1849 968/409/966
f 966/401/964 1845/392/1843 1848/395/1846 967/411/965
f 1854/412/1852 1855/413/1853 1858/414/1856 1857/415/1855
f 1855/413/1853 1856/416/1854 1859/417/1857 1858/414/1856
f 1857/415/1855 1858/414/1856 1861/418/1859 1860/419/1858
f 1858/414/1856 1859/417/1857 1862/420/1860 1861/418/1859
f 457/410/455 974/408/972 1854/412/1852 975/421/973
f 974/408/972 973/407/971 1855/413/1853 1854/412/1852
f 973/407/971 972/406/970 1856/416/1854 1855/413/1853
f 972/406/970 458/405/456 980/422/978 1856/416/1854
f 1856/416/1854 980/422/978 979/423/977 1859/417/1857
f 1859/417/1857 979/423/977 978/424/976 1862/420/1860
f 1862/420/1860 978/424/976 460/425/458 981/426/979
f 1861/418/1859 1862/420/1860 981/426/979 982/427/980
f 1860/419/1858 1861/418/1859 982/427/980 983/428/981
f 977/429/975 1860/419/1858 983/428/981 459/430/457
f 976/431/974 1857/415/1855 1860/419/1858 977/429/975
f 975/421/973 1854/412/1852 1857/415/1855 976/431/974
f 1864/432/1862 1865/433/1863 1863/434/1861 1879/435/1877
f 1866/436/1864 1867/437/1865 1863/434/1861 1865/433/1863
f 1868/438/1866 1869/439/1867 1863/434/1861 1867/437/1865
f 1870/440/1868 1871/441/1869 1863/434/1861 1869/439/1867
f 1872/442/1870 1873/443/1871 1863/434/1861 1871/441/1869
f 1874/444/1872 1875/445/1873 1863/434/1861 1873/443/1871
f 1876/446/1874 1877/447/1875 1863/434/1861 1875/445/1873
f 1878/448/1876 1879/435/1877 1863/434/1861 1877/447/1875
f 450/449/448 930/450/928 1864/432/1862 944/451/942
f 930/450/928 931/452/929 1865/433/1863 1864/432/1862
f 944/451/942 1864/432/1862 1879/435/1877 943/453/941
f 448/454/446 996/455/994 1866/436/1864 932/456/930
f 996/455/994 997/457/995 1867/437/1865 1866/436/1864
f 932/456/930 1866/436/1864 1865/433/1863 931/452/929
f 462/458/460 987/459/985 1868/438/1866 998/460/996
f 987/459/985 988/461/986 1869/439/1867 1868/438/1866
f 998/460/996 1868/438/1866 1867/437/1865 997/457/995
f 460/462/458 978/463/976 1870/440/1868 989/464/987
f 978/463/976 979/465/977 1871/441/1869 1870/440/1868
f 989/464/987 1870/440/1868 1869/439/1867 988/461/986
f 458/466/456 969/467/967 1872/442/1870 980/468/978
f 969/467/967 970/469/968 1873/443/1871 1872/442/1870
f 980/468/978 1872/442/1870 1871/441/1869 979/465/977
f 456/470/454 960/471/958 1874/444/1872 971/472/969
f 960/471/958 961/473/959 1875/445/1873 1874/444/1872
f 971/472/969 1874/444/1872 1873/443/1871 970/469/968
f 454/474/452 951/475/949 1876/446/1874 962/476/960
f 951/475/949 952/477/950 1877/447/1875 1876/446/1874
f 962/476/960 1876/446/1874 1875/445/1873 961/473/959
f 452/478/450 942/479/940 1878/448/1876 953/480/951
f 942/479/940 943/453/941 1879/435/1877 1878/448/1876
f 953/480/951 1878/448/1876 1877/447/1875 952/477/950
f 1880/481/1878 1881/482/1879 1884/483/1882 1883/484/1881
f 1881/482/1879 1882/485/1880 1885/486/1883 1884/483/1882
f 1883/484/1881 1884/483/1882 1887/487/1885 1886/488/1884
f 1884/483/1882 1885/486/1883 1888/489/1886 1887/487/1885
f 459/430/457 983/428/981 1880/481/1878 984/490/982
f 983/428/981 982/427/980 1881/482/1879 1880/481/1878
f 982/427/980 981/426/979 1882/485/1880 1881/482/1879
f 981/426/979 460/425/458 989/491/987 1882/485/1880
f 1882/485/1880 989/491/987 988/492/986 1885/486/1883
f 1885/486/1883 988/492/986 987/493/985 1888/489/1886
f 1888/489/1886 987/493/985 462/494/460 990/495/988
f 1887/487/1885 1888/489/1886 990/495/988 991/496/989
f 1886/488/1884 1887/487/1885 991/496/989 992/497/990
f 986/498/984 1886/488/1884 992/497/990 461/499/459
f 985/500/983 1883/484/1881 1886/488/1884 986/498/984
f 984/490/982 1880/481/1878 1883/484/1881 985/500/983
f 1889/501/1887 1890/502/1888 1893/503/1891 1892/504/1890
f 1890/502/1888 1891/505/1889 1894/506/1892 1893/503/1891
f 1892/504/1890 1893/503/1891 1896/507/1894 1895/508/1893
f 1893/503/1891 1894/506/1892 1897/509/1895 1896/507/1894
f 461/499/459 992/497/990 1889/501/1887 993/510/991
f 992/497/990 991/496/989 1890/502/1888 1889/501/1887
f 991/496/989 990/495/988 1891/505/1889 1890/502/1888
f 990/495/988 462/494/460 998/511/996 1891/505/1889
f 1891/505/1889 998/511/996 997/512/995 1894/506/1892
f 1894/506/1892 997/512/995 996/513/994 1897/509/1895
f 1897/509/1895 996/513/994 448/514/446 935/515/933
f 1896/507/1894 1897/509/1895 935/515/933 934/516/932
f 1895/508/1893 1896/507/1894 934/516/932 933/517/931
f 995/518/993 1895/508/1893 933/517/931 447/519/445
f 994/520/992 1892/504/1890 1895/508/1893 995/518/993
f 993/510/991 1889/501/1887 1892/504/1890 994/520/992
f 1899/521/1897 1900/522/1898 1898/523/1896 1914/524/1912
f 1901/525/1899 1902/526/1900 1898/523/1896 1900/522/1898
f 1903/527/1901 1904/528/1902 1898/523/1896 1902/526/1900
f 1905/529/1903 1906/530/1904 1898/523/1896 1904/528/1902
f 1907/531/1905 1908/532/1906 1898/523/1896 1906/530/1904
f 1909/533/1907 1910/534/1908 1898/523/1896 1908/532/1906
f 1911/535/1909 1912/536/1910 1898/523/1896 1910/534/1908
f 1913/537/1911 1914/524/1912 1898/523/1896 1912/536/1910
f 447/538/445 927/539/925 1899/521/1897 995/540/993
f 927/539/925 928/541/926 1900/522/1898 1899/521/1897
f 995/540/993 1899/521/1897 1914/524/1912 994/542/992
f 449/543/447 939/544/937 1901/525/1899 929/545/927
f 939/544/937 940/546/938 1902/526/1900 1901/525/1899
f 929/545/927 1901/525/1899 1900/522/1898 928/541/926
f 451/547/449 948/548/946 1903/527/1901 941/549/939
f 948/548/946 949/550/947 1904/528/1902 1903/527/1901
f 941/549/939 1903/527/1901 1902/526/1900 940/546/938
f 453/551/451 957/552/955 1905/529/1903 950/553/948
f 957/552/955 958/554/956 1906/530/1904 1905/529/1903
f 950/553/948 1905/529/1903 1904/528/1902 949/550/947
f 455/555/453 966/556/964 1907/531/1905 959/557/957
f 966/556/964 967/558/965 1908/532/1906 1907/531/1905
f 959/557/957 1907/531/1905 1906/530/1904 958/554/956
f 457/559/455 975/560/973 1909/533/1907 968/561/966
f 975/560/973 976/562/974 1910/534/1908 1909/533/1907
f 968/561/966 1909/533/1907 1908/532/1906 967/558/965
f 459/563/457 984/564/982 1911/535/1909 977/565/975
f 984/564/982 985/566/983 1912/536/1910 1911/535/1909
f 977/565/975 1911/535/1909 1910/534/1908 976/562/974
f 461/567/459 993/568/991 1913/537/1911 986/569/984
f 993/568/991 994/542/992 1914/524/1912 1913/537/1911
f 986/569/984 1913/537/1911 1912/536/1910 985/566/983
f 1915/307/1913 1916/308/1914 1919/309/1917 1918/310/1916
f 1916/308/1914 1917/311/1915 1920/312/1918 1919/309/1917
f 1918/310/1916 1919/309/1917 1922/313/1920 1921/314/1919
f 1919/309/1917 1920/312/1918 1923/315/1921 1922/313/1920
f 463/316/461 1005/317/1003 1915/307/1913 999/318/997
f 1005/317/1003 1006/319/1004 1916/308/1914 1915/307/1913
f 1006/319/1004 1007/320/1005 1917/311/1915 1916/308/1914
f 1007/320/1005 464/321/462 1004/322/1002 1917/311/1915
f 1917/311/1915 1004/322/1002 1003/323/1001 1920/312/1918
f 1920/312/1918 1003/323/1001 1002/324/1000 1923/315/1921
f 1923/315/1921 1002/324/1000 466/325/464 1008/326/1006
f 1922/313/1920 1923/315/1921 1008/326/1006 1009/327/1007
f 1921/314/1919 1922/313/1920 1009/327/1007 1010/328/1008
f 1001/329/999 1921/314/1919 1010/328/1008 465/330/463
f 1000/331/998 1918/310/1916 1921/314/1919 1001/329/999
f 999/318/997 1915/307/1913 1918/310/1916 1000/331/998
f 1924/332/1922 1925/333/1923 1928/334/1926 1927/335/1925
f 1925/333/1923 1926/336/1924 1929/337/1927 1928/334/1926
f 1927/335/1925 1928/334/1926 1931/338/1929 1930/339/1928
f 1928/334/1926 1929/337/1927 1932/340/1930 1931/338/1929
f 465/330/463 1010/328/1008 1924/332/1922 1011/341/1009
f 1010/328/1008 1009/327/1007 1925/333/1923 1924/332/1922
f 1009/327/1007 1008/326/1006 1926/336/1924 1925/333/1923
f 1008/326/1006 466/325/464 1016/342/1014 1926/336/1924
f 1926/336/1924 1016/342/1014 1015/343/1013 1929/337/1927
f 1929/337/1927 1015/343/1013 1014/344/1012 1932/340/1930
f 1932/340/1930 1014/344/1012 468/345/466 1017/346/1015
f 1931/338/1929 1932/340/1930 1017/346/1015 1018/347/1016
f 1930/339/1928 1931/338/1929 1018/347/1016 1019/348/1017
f 1013/349/1011 1930/339/1928 1019/348/1017 467/350/465
f 1012/351/1010 1927/335/1925 1930/339/1928 1013/349/1011
f 1011/341/1009 1924/332/1922 1927/335/1925 1012/351/1010
f 1933/352/1931 1934/353/1932 1937/354/1935 1936/355/1934
f 1934/353/1932 1935/356/1933 1938/357/1936 1937/354/1935
f 1936/355/1934 1937/354/1935 1940/358/1938 1939/359/1937
f 1937/354/1935 1938/357/1936 1941/360/1939 1940/358/1938
f 467/350/465 1019/348/1017 1933/352/1931 1020/361/1018
f 1019/348/1017 1018/347/1016 1934/353/1932 1933/352/1931
f 1018/347/1016 1017/346/1015 1935/356/1933 1934/353/1932
f 1017/346/1015 468/345/466 1025/362/1023 1935/356/1933
f 1935/356/1933 1025/362/1023 1024/363/1022 1938/357/1936
f 1938/357/1936 1024/363/1022 1023/364/1021 1941/360/1939
f 1941/360/1939 1023/364/1021 470/365/468 1026/366/1024
f 1940/358/1938 1941/360/1939 1026/366/1024 1027/367/1025
f 1939/359/1937 1940/358/1938 1027/367/1025 1028/368/1026
f 1022/369/1020 1939/359/1937 1028/368/1026 469/370/467
f 1021/371/1019 1936/355/1934 1939/359/1937 1022/369/1020
f 1020/361/1018 1933/352/1931 1936/355/1934 1021/371/1019
f 1942/372/1940 1943/373/1941 1946/374/1944 1945/375/1943
f 1943/373/1941 1944/376/1942 1947/377/1945 1946/374/1944
f 1945/375/1943 1946/374/1944 1949/378/1947 1948/379/1946
f 1946/374/1944 1947/377/1945 1950/380/1948 1949/378/1947
f 469/370/467 1028/368/1026 1942/372/1940 1029/381/1027
f 1028/368/1026 1027/367/1025 1943/373/1941 1942/372/1940
f 1027/367/1025 1026/366/1024 1944/376/1942 1943/373/1941
f 1026/366/1024 470/365/468 1034/382/1032 1944/376/1942
f 1944/376/1942 1034/382/1032 1033/383/1031 1947/377/1945
f 1947/377/1945 1033/383/1031 1032/384/1030 1950/380/1948
f 1950/380/1948 1032/384/1030 472/385/470 1035/386/1033
f 1949/378/1947 1950/380/1948 1035/386/1033 1036/387/1034
f 1948/379/1946 1949/378/1947 1036/387/1034 1037/388/1035
f 1031/389/1029 1948/379/1946 1037/388/1035 471/390/469
f 1030/391/1028 1945/375/1943 1948/379/1946 1031/389/1029
f 1029/381/1027 1942/372/1940 1945/375/1943 1030/391/1028
f 1951/392/1949 1952/393/1950 1955/394/1953 1954/395/1952
f 1952/393/1950 1953/396/1951 1956/397/1954 1955/394/1953
f 1954/395/1952 1955/394/1953 1958/398/1956 1957/399/1955
f 1955/394/1953 1956/397/1954 1959/400/1957 1958/398/1956
f 471/390/469 1037/388/1035 1951/392/1949 1038/401/1036
f 1037/388/1035 1036/387/1034 1952/393/1950 1951/392/1949
f 1036/387/1034 1035/386/1033 1953/396/1951 1952/393/1950
f 1035/386/1033 472/385/470 1043/402/1041 1953/396/1951
f 1953/396/1951 1043/402/1041 1042/403/1040 1956/397/1954
f 1956/397/1954 1042/403/1040 1041/404/1039 1959/400/1957
f 1959/400/1957 1041/404/1039 474/405/472 1044/406/1042
f 1958/398/1956 1959/400/1957 1044/406/1042 1045/407/1043
f 1957/399/1955 1958/398/1956 1045/407/1043 1046/408/1044
f 1040/409/1038 1957/399/1955 1046/408/1044 473/410/471
f 1039/411/1037 1954/395/1952 1957/399/1955 1040/409/1038
f 1038/401/1036 1951/392/1949 1954/395/1952 1039/411/1037
f 1960/412/1958 1961/413/1959 1964/414/1962 1963/415/1961
f 1961/413/1959 1962/416/1960 1965/417/1963 1964/414/1962
f 1963/415/1961 1964/414/1962 1967/418/1965 1966/419/1964
f 1964/414/1962 1965/417/1963 1968/420/1966 1967/418/1965
f 473/410/471 1046/408/1044 1960/412/1958 1047/421/1045
f 1046/408/1044 1045/407/1043 1961/413/1959 1960/412/1958
f 1045/407/1043 1044/406/1042 1962/416/1960 1961/413/1959
f 1044/406/1042 474/405/472 1052/422/1050 1962/416/1960
f 1962/416/1960 1052/422/1050 1051/423/1049 1965/417/1963
f 1965/417/1963 1051/423/1049 1050/424/1048 1968/420/1966
f 1968/420/1966 1050/424/1048 476/425/474 1053/426/1051
f 1967/418/1965 1968/420/1966 1053/426/1051 1054/427/1052
f 1966/419/1964 1967/418/1965 1054/427/1052 1055/428/1053
f 1049/429/1047 1966/419/1964 1055/428/1053 475/430/473
f 1048/431/1046 1963/415/1961 1966/419/1964 1049/429/1047
f 1047/421/1045 1960/412/1958 1963/415/1961 1048/431/1046
f 1970/432/1968 1971/433/1969 1969/434/1967 1985/435/1983
f 1972/436/1970 1973/437/1971 1969/434/1967 1971/433/1969
f 1974/438/1972 1975/439/1973 1969/434/1967 1973/437/1971
f 1976/440/1974 1977/441/1975 1969/434/1967 1975/439/1973
f 1978/442/1976 1979/443/1977 1969/434/1967 1977/441/1975
f 1980/444/1978 1981/445/1979 1969/434/1967 1979/443/1977
f 1982/446/1980 1983/447/1981 1969/434/1967 1981/445/1979
f 1984/448/1982 1985/435/1983 1969/434/1967 1983/447/1981
f 466/449/464 1002/450/1000 1970/432/1968 1016/451/1014
f 1002/450/1000 1003/452/1001 1971/433/1969 1970/432/1968
f 1016/451/1014 1970/432/1968 1985/435/1983 1015/453/1013
f 464/454/462 1068/455/1066 1972/436/1970 1004/456/1002
f 1068/455/1066 1069/457/1067 1973/437/1971 1972/436/1970
f 1004/456/1002 1972/436/1970 1971/433/1969 1003/452/1001
f 478/458/476 1059/459/1057 1974/438/1972 1070/460/1068
f 1059/459/1057 1060/461/1058 1975/439/1973 1974/438/1972
f 1070/460/1068 1974/438/1972 1973/437/1971 1069/457/1067
f 476/462/474 1050/463/1048 1976/440/1974 1061/464/1059
f 1050/463/1048 1051/465/1049 1977/441/1975 1976/440/1974
f 1061/464/1059 1976/440/1974 1975/439/1973 1060/461/1058
f 474/466/472 1041/467/1039 1978/442/1976 1052/468/1050
f 1041/467/1039 1042/469/1040 1979/443/1977 1978/442/1976
f 1052/468/1050 1978/442/1976 1977/441/1975 1051/465/1049
f 472/470/470 1032/471/1030 1980/444/1978 1043/472/1041
f 1032/471/1030 1033/473/1031 1981/445/1979 1980/444/1978
f 1043/472/1041 1980/444/1978 1979/443/1977 1042/469/1040
f 470/474/468 1023/475/1021 1982/446/1980 1034/476/1032
f 1023/475/1021 1024/477/1022 1983/447/1981 1982/446/1980
f 1034/476/1032 1982/446/1980 1981/445/1979 1033/473/1031
f 468/478/466 1014/479/1012 1984/448/1982 1025/480/1023
f 1014/479/1012 1015/453/1013 1985/435/1983 1984/448/1982
f 1025/480/1023 1984/448/1982 1983/447/1981 1024/477/1022
f 1986/481/1984 1987/482/1985 1990/483/1988 1989/484/1987
f 1987/482/1985 1988/485/1986 1991/486/1989 1990/483/1988
f 1989/484/1987 1990/483/1988 1993/487/1991 1992/488/1990
f 1990/483/1988 1991/486/1989 1994/489/1992 1993/487/1991
f 475/430/473 1055/428/1053 1986/481/1984 1056/490/1054
f 1055/428/1053 1054/427/1052 1987/482/1985 1986/481/1984
f 1054/427/1052 1053/426/1051 1988/485/1986 1987/482/1985
f 1053/426/1051 476/425/474 1061/491/1059 1988/485/1986
f 1988/485/1986 1061/491/1059 1060/492/1058 1991/486/1989
f 1991/486/1989 1060/492/1058 1059/493/1057 1994/489/1992
f 1994/489/1992 1059/493/1057 478/494/476 1062/495/1060
f 1993/487/1991 1994/489/1992 1062/495/1060 1063/496/1061
f 1992/488/1990 1993/487/1991 1063/496/1061 1064/497/1062
f 1058/498/1056 1992/488/1990 1064/497/1062 477/499/475
f 1057/500/1055 1989/484/1987 1992/488/1990 1058/498/1056
f 1056/490/1054 1986/481/1984 1989/484/1987 1057/500/1055
f 1995/501/1993 1996/502/1994 1999/503/1997 1998/504/1996
f 1996/502/1994 1997/505/1995 2000/506/1998 1999/503/1997
f 1998/504/1996 1999/503/1997 2002/507/2000 2001/508/1999
f 1999/503/1997 2000/506/1998 2003/509/2001 2002/507/2000
f 477/499/475 1064/497/1062 1995/501/1993 1065/510/1063
f 1064/497/1062 1063/496/1061 1996/502/1994 1995/501/1993
f 1063/496/1061 1062/495/1060 1997/505/1995 1996/502/1994
f 1062/495/1060 478/494/476 1070/511/1068 1997/505/1995
f 1997/505/1995 1070/511/1068 1069/512/1067 2000/506/1998
f 2000/506/1998 1069/512/1067 1068/513/1066 2003/509/2001
f 2003/509/2001 1068/513/1066 464/514/462 1007/515/1005
f 2002/507/2000 2003/509/2001 1007/515/1005 1006/516/1004
f 2001/508/1999 2002/507/2000 1006/516/1004 1005/517/1003
f 1067/518/1065 2001/508/1999 1005/517/1003 463/519/461
f 1066/520/1064 1998/504/1996 2001/508/1999 1067/518/1065
f 1065/510/1063 1995/501/1993 1998/504/1996 1066/520/1064
f 2005/521/2003 2006/522/2004 2004/523/2002 2020/524/2018
f 2007/525/2005 2008/526/2006 2004/523/2002 2006/522/2004
f 2009/527/2007 2010/528/2008 2004/523/2002 2008/526/2006
f 2011/529/2009 2012/530/2010 2004/523/2002 2010/528/2008
f 2013/531/2011 2014/532/2012 2004/523/2002 2012/530/2010
f 2015/533/2013 2016/534/2014 2004/523/2002 2014/532/2012
f 2017/535/2015 2018/536/2016 2004/523/2002 2016/534/2014
f 2019/537/2017 2020/524/2018 2004/523/2002 2018/536/2016
f 463/538/461 999/539/997 2005/521/2003 1067/540/1065
f 999/539/997 1000/541/998 2006/522/2004 2005/521/2003
f 1067/540/1065 2005/521/2003 2020/524/2018 1066/542/1064
f 465/543/463 1011/544/1009 2007/525/2005 1001/545/999
f 1011/544/1009 1012/546/1010 2008/526/2006 2007/525/2005
f 1001/545/999 2007/525/2005 2006/522/2004 1000/541/998
f 467/547/465 1020/548/1018 2009/527/2007 1013/549/1011
f 1020/548/1018 1021/550/1019 2010/528/2008 2009/527/2007
f 1013/549/1011 2009/527/2007 2008/526/2006 1012/546/1010
f 469/551/467 1029/552/1027 2011/529/2009 1022/553/1020
f 1029/552/1027 1030/554/1028 2012/530/2010 2011/529/2009
f 1022/553/1020 2011/529/2009 2010/528/2008 1021/550/1019
f 471/555/469 1038/556/1036 2013/531/2011 1031/557/1029
f 1038/556/1036 1039/558/1037 2014/532/2012 2013/531/2011
f 1031/557/1029 2013/531/2011 2012/530/2010 1030/554/1028
f 473/559/471 1047/560/1045 2015/533/2013 1040/561/1038
f 1047/560/1045 1048/562/1046 2016/534/2014 2015/533/2013
f 1040/561/1038 2015/533/2013 2014/532/2012 1039/558/1037
f 475/563/473 1056/564/1054 2017/535/2015 1049/565/1047
f 1056/564/1054 1057/566/1055 2018/536/2016 2017/535/2015
f 1049/565/1047 2017/535/2015 2016/534/2014 1048/562/1046
f 477/567/475 1065/568/1063 2019/537/2017 1058/569/1056
f 1065/568/1063 1066/542/1064 2020/524/2018 2019/537/2017
f 1058/569/1056 2019/537/2017 2018/536/2016 1057/566/1055
f 2021/307/2019 2022/308/2020 2025/309/2023 2024/310/2022
f 2022/308/2020 2023/311/2021 2026/312/2024 2025/309/2023
f 2024/310/2022 2025/309/2023 2028/313/2026 2027/314/2025
f 2025/309/2023 2026/312/2024 2029/315/2027 2028/313/2026
f 479/316/477 1077/317/1075 2021/307/2019 1071/318/1069
f 1077/317/1075 1078/319/1076 2022/308/2020 2021/307/2019
f 1078/319/1076 1079/320/1077 2023/311/2021 2022/308/2020
f 1079/320/1077 480/321/478 1076/322/1074 2023/311/2021
f 2023/311/2021 1076/322/1074 1075/323/1073 2026/312/2024
f 2026/312/2024 1075/323/1073 1074/324/1072 2029/315/2027
f 2029/315/2027 1074/324/1072 482/325/480 1080/326/1078
f 2028/313/2026 2029/315/2027 1080/326/1078 1081/327/1079
f 2027/314/2025 2028/313/2026 1081/327/1079 1082/328/1080
f 1073/329/1071 2027/314/2025 1082/328/1080 481/330/479
f 1072/331/1070 2024/310/2022 2027/314/2025 1073/329/1071
f 1071/318/1069 2021/307/2019 2024/310/2022 1072/331/1070
f 2030/332/2028 2031/333/2029 2034/334/2032 2033/335/2031
f 2031/333/2029 2032/336/2030 2035/337/2033 2034/334/2032
f 2033/335/2031 2034/334/2032 2037/338/2035 2036/339/2034
f 2034/334/2032 2035/337/2033 2038/340/2036 2037/338/2035
f 481/330/479 1082/328/1080 2030/332/2028 1083/341/1081
f 1082/328/1080 1081/327/1079 2031/333/2029 2030/332/2028
f 1081/327/1079 1080/326/1078 2032/336/2030 2031/333/2029
f 1080/326/1078 482/325/480 1088/342/1086 2032/336/2030
f 2032/336/2030 1088/342/1086 1087/343/1085 2035/337/2033
f 2035/337/2033 1087/343/1085 1086/344/1084 2038/340/2036
f 2038/340/2036 1086/344/1084 484/345/482 1089/346/1087
f 2037/338/2035 2038/340/2036 1089/346/1087 1090/347/1088
f 2036/339/2034 2037/338/2035 1090/347/1088 1091/348/1089
f 1085/349/1083 2036/339/2034 1091/348/1089 483/350/481
f 1084/351/1082 2033/335/2031 2036/339/2034 1085/349/1083
f 1083/341/1081 2030/332/2028 2033/335/2031 1084/351/1082
f 2039/352/2037 2040/353/2038 2043/354/2041 2042/355/2040
f 2040/353/2038 2041/356/2039 2044/357/2042 2043/354/2041
f 2042/355/2040 2043/354/2041 2046/358/2044 2045/359/2043
f 2043/354/2041 2044/357/2042 2047/360/2045 2046/358/2044
f 483/350/481 1091/348/1089 2039/352/2037 1092/361/1090
f 1091/348/1089 1090/347/1088 2040/353/2038 2039/352/2037
f 1090/347/1088 1089/346/1087 2041/356/2039 2040/353/2038
f 1089/346/1087 484/345/482 1097/362/1095 2041/356/2039
f 2041/356/2039 1097/362/1095 1096/363/1094 2044/357/2042
f 2044/357/2042 1096/363/1094 1095/364/1093 2047/360/2045
f 2047/360/2045 1095/364/1093 486/365/484 1098/366/1096
f 2046/358/2044 2047/360/2045 1098/366/1096 1099/367/1097
f 2045/359/2043 2046/358/2044 1099/367/1097 1100/368/1098
f 1094/369/1092 2045/359/2043 1100/368/1098 485/370/483
f 1093/371/1091 2042/355/2040 2045/359/2043 1094/369/1092
f 1092/361/1090 2039/352/2037 2042/355/2040 1093/371/1091
f 2048/372/2046 2049/373/2047 2052/374/2050 2051/375/2049
f 2049/373/2047 2050/376/2048 2053/377/2051 2052/374/2050
f 2051/375/2049 2052/374/2050 2055/378/2053 2054/379/2052
f 2052/374/2050 2053/377/2051 2056/380/2054 2055/378/2053
f 485/370/483 1100/368/1098 2048/372/2046 1101/381/1099
f 1100/368/1098 1099/367/1097 2049/373/2047 2048/372/2046
f 1099/367/1097 1098/366/1096 2050/376/2048 2049/373/2047
f 1098/366/1096 486/365/484 1106/382/1104 2050/376/2048
f 2050/376/2048 1106/382/1104 1105/383/1103 2053/377/2051
f 2053/377/2051 1105/383/1103 1104/384/1102 2056/380/2054
f 2056/380/2054 1104/384/1102 488/385/486 1107/386/1105
f 2055/378/2053 2056/380/2054 1107/386/1105 1108/387/1106
f 2054/379/2052 2055/378/2053 1108/387/1106 1109/388/1107
f 1103/389/1101 2054/379/2052 1109/388/1107 487/390/485
f 1102/391/1100 2051/375/2049 2054/379/2052 1103/389/1101
f 1101/381/1099 2048/372/2046 2051/375/2049 1102/391/1100
f 2057/392/2055 2058/393/2056 2061/394/2059 2060/395/2058
f 2058/393/2056 2059/396/2057 2062/397/2060 2061/394/2059
f 2060/395/2058 2061/394/2059 2064/398/2062 2063/399/2061
f 2061/394/2059 2062/397/2060 2065/400/2063 2064/398/2062
f 487/390/485 1109/388/1107 2057/392/2055 1110/401/1108
f 1109/388/1107 1108/387/1106 2058/393/2056 2057/392/2055
f 1108/387/1106 1107/386/1105 2059/396/2057 2058/393/2056
f 1107/386/1105 488/385/486 1115/402/1113 2059/396/2057
f 2059/396/2057 1115/402/1113 1114/403/1112 2062/397/2060
f 2062/397/2060 1114/403/1112 1113/404/1111 2065/400/2063
f 2065/400/2063 1113/404/1111 490/405/488 1116/406/1114
f 2064/398/2062 2065/400/2063 1116/406/1114 1117/407/1115
f 2063/399/2061 2064/398/2062 1117/407/1115 1118/408/1116
f 1112/409/1110 2063/399/2061 1118/408/1116 489/410/487
f 1111/411/1109 2060/395/2058 2063/399/2061 1112/409/1110
f 1110/401/1108 2057/392/2055 2060/395/2058 1111/411/1109
f 2066/412/2064 2067/413/2065 2070/414/2068 2069/415/2067
f 2067/413/2065 2068/416/2066 2071/417/2069 2070/414/2068
f 2069/415/2067 2070/414/2068 2073/418/2071 2072/419/2070
f 2070/414/2068 2071/417/2069 2074/420/2072 2073/418/2071
f 489/410/487 1118/408/1116 2066/412/2064 1119/421/1117
f 1118/408/1116 1117/407/1115 2067/413/2065 2066/412/2064
f 1117/407/1115 1116/406/1114 2068/416/2066 2067/413/2065
f 1116/406/1114 490/405/488 1124/422/1122 2068/416/2066
f 2068/416/2066 1124/422/1122 1123/423/1121 2071/417/2069
f 2071/417/2069 1123/423/1121 1122/424/1120 2074/420/2072
f 2074/420/2072 1122/424/1120 492/425/490 1125/426/1123
f 2073/418/2071 2074/420/2072 1125/426/1123 1126/427/1124
f 2072/419/2070 2073/418/2071 1126/427/1124 1127/428/1125
f 1121/429/1119 2072/419/2070 1127/428/1125 491/430/489
f 1120/431/1118 2069/415/2067 2072/419/2070 1121/429/1119
f 1119/421/1117 2066/412/2064 2069/415/2067 1120/431/1118
f 2076/432/2074 2077/433/2075 2075/434/2073 2091/435/2089
f 2078/436/2076 2079/437/2077 2075/434/2073 2077/433/2075
f 2080/438/2078 2081/439/2079 2075/434/2073 2079/437/2077
f 2082/440/2080 2083/441/2081 2075/434/2073 2081/439/2079
f 2084/442/2082 2085/443/2083 2075/434/2073 2083/441/2081
f 2086/444/2084 2087/445/2085 2075/434/2073 2085/443/2083
f 2088/446/2086 2089/447/2087 2075/434/2073 2087/445/2085
f 2090/448/2088 2091/435/2089 2075/434/2073 2089/447/2087
f 482/449/480 1074/450/1072 2076/432/2074 1088/451/1086
f 1074/450/1072 1075/452/1073 2077/433/2075 2076/432/2074
f 1088/451/1086 2076/432/2074 2091/435/2089 1087/453/1085
f 480/454/478 1140/455/1138 2078/436/2076 1076/456/1074
f 1140/455/1138 1141/457/1139 2079/437/2077 2078/436/2076
f 1076/456/1074 2078/436/2076 2077/433/2075 1075/452/1073
f 494/458/492 1131/459/1129 2080/438/2078 1142/460/1140
f 1131/459/1129 1132/461/1130 2081/439/2079 2080/438/2078
f 1142/460/1140 2080/438/2078 2079/437/2077 1141/457/1139
f 492/462/490 1122/463/1120 2082/440/2080 1133/464/1131
f 1122/463/1120 1123/465/1121 2083/441/2081 2082/440/2080
f 1133/464/1131 2082/440/2080 2081/439/2079 1132/461/1130
f 490/466/488 1113/467/1111 2084/442/2082 1124/468/1122
f 1113/467/1111 1114/469/1112 2085/443/2083 2084/442/2082
f 1124/468/1122 2084/442/2082 2083/441/2081 1123/465/1121
f 488/470/486 1104/471/1102 2086/444/2084 1115/472/1113
f 1104/471/1102 1105/473/1103 2087/445/2085 2086/444/2084
f 1115/472/1113 2086/444/2084 2085/443/2083 1114/469/1112
f 486/474/484 1095/475/1093 2088/446/2086 1106/476/1104
f 1095/475/1093 1096/477/1094 2089/447/2087 2088/446/2086
f 1106/476/1104 2088/446/2086 2087/445/2085 1105/473/1103
f 484/478/482 1086/479/1084 2090/448/2088 1097/480/1095
f 1086/479/1084 1087/453/1085 2091/435/2089 2090/448/2088
f 1097/480/1095 2090/448/2088 2089/447/2087 1096/477/1094
f 2092/481/2090 2093/482/2091 2096/483/2094 2095/484/2093
f 2093/482/2091 2094/485/2092 2097/486/2095 2096/483/2094
f 2095/484/2093 2096/483/2094 2099/487/2097 2098/488/2096
f 2096/483/2094 2097/486/2095 2100/489/2098 2099/487/2097
f 491/430/489 1127/428/1125 2092/481/2090 1128/490/1126
f 1127/428/1125 1126/427/1124 2093/482/2091 2092/481/2090
f 1126/427/1124 1125/426/1123 2094/485/2092 2093/482/2091
f 1125/426/1123 492/425/490 1133/491/1131 2094/485/2092
f 2094/485/2092 1133/491/1131 1132/492/1130 2097/486/2095
f 2097/486/2095 1132/492/1130 1131/493/1129 2100/489/2098
f 2100/489/2098 1131/493/1129 494/494/492 1134/495/1132
f 2099/487/2097 2100/489/2098 1134/495/1132 1135/496/1133
f 2098/488/2096 2099/487/2097 1135/496/1133 1136/497/1134
f 1130/498/1128 2098/488/2096 1136/497/1134 493/499/491
f 1129/500/1127 2095/484/2093 2098/488/2096 1130/498/1128
f 1128/490/1126 2092/481/2090 2095/484/2093 1129/500/1127
f 2101/501/2099 2102/502/2100 2105/503/2103 2104/504/2102
f 2102/502/2100 2103/505/2101 2106/506/2104 2105/503/2103
f 2104/504/2102 2105/503/2103 2108/507/2106 2107/508/2105
f 2105/503/2103 2106/506/2104 2109/509/2107 2108/507/2106
f 493/499/491 1136/497/1134 2101/501/2099 1137/510/1135
f 1136/497/1134 1135/496/1133 2102/502/2100 2101/501/2099
f 1135/496/1133 1134/495/1132 2103/505/2101 2102/502/2100
f 1134/495/1132 494/494/492 1142/511/1140 2103/505/2101
f 2103/505/2101 1142/511/1140 1141/512/1139 2106/506/2104
f 2106/506/2104 1141/512/1139 1140/513/1138 2109/509/2107
f 2109/509/2107 1140/513/1138 480/514/478 1079/515/1077
f 2108/507/2106 2109/509/2107 1079/515/1077 1078/516/1076
f 2107/508/2105 2108/507/2106 1078/516/1076 1077/517/1075
f 1139/518/1137 2107/508/2105 1077/517/1075 479/519/477
f 1138/520/1136 2104/504/2102 2107/508/2105 1139/518/1137
f 1137/510/1135 2101/501/2099 2104/504/2102 1138/520/1136
f 2111/521/2109 2112/522/2110 2110/523/2108 2126/524/2124
f 2113/525/2111 2114/526/2112 2110/523/2108 2112/522/2110
f 2115/527/2113 2116/528/2114 2110/523/2108 2114/526/2112
f 2117/529/2115 2118/530/2116 2110/523/2108 2116/528/2114
f 2119/531/2117 2120/532/2118 2110/523/2108 2118/530/2116
f 2121/533/2119 2122/534/2120 2110/523/2108 2120/532/2118
f 2123/535/2121 2124/536/2122 2110/523/2108 2122/534/2120
f 2125/537/2123 2126/524/2124 2110/523/2108 2124/536/2122
f 479/538/477 1071/539/1069 2111/521/2109 1139/540/1137
f 1071/539/1069 1072/541/1070 2112/522/2110 2111/521/2109
f 1139/540/1137 2111/521/2109 2126/524/2124 1138/542/1136
f 481/543/479 1083/544/1081 2113/525/2111 1073/545/1071
f 1083/544/1081 1084/546/1082 2114/526/2112 2113/525/2111
f 1073/545/1071 2113/525/2111 2112/522/2110 1072/541/1070
f 483/547/481 1092/548/1090 2115/527/2113 1085/549/1083
f 1092/548/1090 1093/550/1091 2116/528/2114 2115/527/2113
f 1085/549/1083 2115/527/2113 2114/526/2112 1084/546/1082
f 485/551/483 1101/552/1099 2117/529/2115 1094/553/1092
f 1101/552/1099 1102/554/1100 2118/530/2116 2117/529/2115
f 1094/553/1092 2117/529/2115 2116/528/2114 1093/550/1091
f 487/555/485 1110/556/1108 2119/531/2117 1103/557/1101
f 1110/556/1108 1111/558/1109 2120/532/2118 2119/531/2117
f 1103/557/1101 2119/531/2117 2118/530/2116 1102/554/1100
f 489/559/487 1119/560/1117 2121/533/2119 1112/561/1110
f 1119/560/1117 1120/562/1118 2122/534/2120 2121/533/2119
f 1112/561/1110 2121/533/2119 2120/532/2118 1111/558/1109
f 491/563/489 1128/564/1126 2123/535/2121 1121/565/1119
f 1128/564/1126 1129/566/1127 2124/536/2122 2123/535/2121
f 1121/565/1119 2123/535/2121 2122/534/2120 1120/562/1118
f 493/567/491 1137/568/1135 2125/537/2123 1130/569/1128
f 1137/568/1135 1138/542/1136 2126/524/2124 2125/537/2123
f 1130/569/1128 2125/537/2123 2124/536/2122 1129/566/1127
o knife_energy_smooth
v 11.000000 2.900000 -0.194000
v 11.000000 7.200000 -0.094000
v 11.525028 2.900001 -0.097000
v 11.254395 7.200000 -0.047000
v 11.525028 2.900001 0.097000
v 11.254395 7.200000 0.047000
v 11.000000 2.900001 0.194000
v 11.000000 7.200000 0.094000
v 10.474972 2.900001 0.097000
v 10.745605 7.200000 0.047000
v 10.474972 2.900001 -0.097000
v 10.745605 7.200000 -0.047000
v 11.000000 -1.340759 -0.000000
v 11.572198 -0.903642 0.415722
v 10.781443 -0.903642 0.672657
v 10.292725 -0.903640 -0.000000
v 10.781443 -0.903643 -0.672657
v 11.572198 -0.903642 -0.415722
v 11.218557 -0.196359 0.672657
v 10.427802 -0.196359 0.415722
v 10.427802 -0.196359 -0.415722
v 11.218557 -0.196359 -0.672657
v 11.707275 -0.196361 -0.000000
v 11.000000 0.240758 0.000000
v 10.872287 -1.218731 0.393064
v 11.334362 -1.218731 0.242926
v 11.206650 -0.963301 0.635993
v 11.668725 -0.963300 -0.000000
v 11.334362 -1.218731 -0.242926
v 10.586706 -1.218729 0.000000
v 10.458990 -0.963299 0.393065
v 10.872287 -1.218731 -0.393064
v 10.458990 -0.963300 -0.393065
v 11.206650 -0.963301 -0.635993
v 11.747660 -0.550002 0.242927
v 11.747660 -0.550001 -0.242927
v 11.000000 -0.550001 0.786134
v 11.462079 -0.550001 0.635995
v 10.252340 -0.550001 0.242927
v 10.537921 -0.550001 0.635995
v 10.537921 -0.550001 -0.635995
v 10.252340 -0.550001 -0.242927
v 11.462079 -0.550001 -0.635995
v 11.000000 -0.550001 -0.786134
v 11.541010 -0.136703 0.393065
v 10.793350 -0.136701 0.635993
v 10.331275 -0.136703 -0.000000
v 10.793350 -0.136702 -0.635993
v 11.541010 -0.136702 -0.393065
v 11.127713 0.118728 0.393064
v 11.413294 0.118727 -0.000000
v 10.665638 0.118728 0.242926
v 10.665638 0.118728 -0.242926
v 11.127713 0.118728 -0.393064
v 10.350000 0.250000 -0.294281
v 11.650000 0.250000 -0.294281
v 10.350000 0.041912 -0.208088
v 11.650000 0.041913 -0.208088
v 10.350000 -0.044281 0.000000
v 11.650000 -0.044281 -0.000000
v 10.350000 0.041912 0.208088
v 11.650000 0.041912 0.208088
v 10.350000 0.250000 0.294281
v 11.650000 0.250000 0.294281
v 10.350000 0.458088 0.208088
v 11.650000 0.458088 0.208088
v 10.350000 0.544281 -0.000000
v 11.650000 0.544281 0.000000
v 10.350000 0.458088 -0.208088
v 11.650000 0.458088 -0.208088
v 11.118752 2.586390 -0.182557
v 11.281057 2.428858 -0.155778
v 11.434683 2.586390 -0.124188
v 11.189004 7.513611 -0.052467
v 11.113165 7.671142 -0.062722
v 11.047491 7.513611 -0.078612
v 11.000000 3.774405 -0.192556
v 11.000000 5.050000 -0.168167
v 11.000000 6.325595 -0.128107
v 11.346701 6.325595 -0.064054
v 11.455114 5.050000 -0.084083
v 11.521119 3.774405 -0.096278
v 11.553434 2.586389 -0.058369
v 11.562115 2.428858 0.000000
v 11.553434 2.586390 0.058369
v 11.236495 7.513611 0.026145
v 11.226330 7.671142 -0.000000
v 11.236495 7.513611 -0.026145
v 11.346701 6.325595 0.064054
v 11.455114 5.050000 0.084083
v 11.521119 3.774405 0.096278
v 11.434683 2.586389 0.124188
v 11.281057 2.428858 0.155778
v 11.118752 2.586390 0.182557
v 11.047491 7.513611 0.078612
v 11.113165 7.671142 0.062722
v 11.189004 7.513611 0.052467
v 11.000000 6.325595 0.128107
v 11.000000 5.050000 0.168167
v 11.000000 3.774405 0.192556
v 10.881248 2.586390 0.182557
v 10.718943 2.428858 0.155778
v 10.565317 2.586389 0.124188
v 10.810996 7.513611 0.052467
v 10.886835 7.671142 0.062722
v 10.952509 7.513611 0.078612
v 10.653299 6.325595 0.064054
v 10.544886 5.050000 0.084083
v 10.478881 3.774405 0.096278
v 10.446566 2.586390 0.058369
v 10.437885 2.428858 -0.000000
v 10.446566 2.586390 -0.058369
v 10.763505 7.513611 -0.026145
v 10.773671 7.671143 0.000000
v 10.763505 7.513611 0.026145
v 10.653299 6.325595 -0.064054
v 10.544886 5.050000 -0.084083
v 10.478881 3.774405 -0.096278
v 10.565317 2.586390 -0.124188
v 10.718943 2.428858 -0.155778
v 10.881248 2.586390 -0.182557
v 10.952509 7.513611 -0.078612
v 10.886835 7.671143 -0.062722
v 10.810996 7.513611 -0.052467
v 10.908883 -1.280602 0.280431
v 10.937159 -1.313666 0.193408
v 10.965643 -1.332967 0.105741
v 11.421982 -1.140473 0.306585
v 11.479014 -1.073420 0.348021
v 11.526331 -0.999603 0.382398
v 11.077371 -0.958237 0.669385
v 10.981561 -0.947735 0.682647
v 10.888912 -0.930887 0.684089
v 11.660532 -0.958236 0.133269
v 11.643538 -0.947733 0.228488
v 11.616281 -0.930887 0.317046
v 11.421982 -1.140473 -0.306585
v 11.479014 -1.073420 -0.348021
v 11.526331 -0.999603 -0.382398
v 10.705136 -1.280601 0.000000
v 10.796638 -1.313666 0.000000
v 10.888817 -1.332965 -0.000000
v 10.387283 -0.958236 0.280432
v 10.345063 -0.947732 0.193409
v 10.315062 -0.930885 0.105742
v 10.908884 -1.280602 -0.280431
v 10.937159 -1.313667 -0.193408
v 10.965643 -1.332966 -0.105741
v 10.543954 -0.958237 -0.496068
v 10.613671 -0.947734 -0.563114
v 10.687778 -0.930887 -0.618737
v 11.330866 -0.958237 -0.587018
v 11.416173 -0.947734 -0.541431
v 11.491974 -0.930887 -0.488140
v 11.716848 -0.663369 0.306585
v 11.682379 -0.744369 0.348021
v 11.637516 -0.819702 0.382398
v 11.760151 -0.436633 -0.173316
v 11.756619 -0.355634 -0.119533
v 11.740530 -0.280301 -0.065352
v 10.929936 -0.663370 0.776503
v 10.879877 -0.744369 0.756525
v 10.833320 -0.819703 0.724480
v 11.399733 -0.436633 0.669387
v 11.347490 -0.355632 0.682649
v 11.290988 -0.280300 0.684090
v 10.239849 -0.663368 0.173315
v 10.243381 -0.744368 0.119533
v 10.259469 -0.819700 0.065352
v 10.486898 -0.436633 0.587020
v 10.458141 -0.355632 0.541432
v 10.439311 -0.280300 0.488141
v 10.600267 -0.663370 -0.669387
v 10.652510 -0.744369 -0.682649
v 10.709012 -0.819703 -0.684090
v 10.283152 -0.436633 -0.306585
v 10.317621 -0.355632 -0.348021
v 10.362484 -0.280300 -0.382398
v 11.513102 -0.663369 -0.587020
v 11.541859 -0.744368 -0.541432
v 11.560689 -0.819702 -0.488141
v 11.070064 -0.436633 -0.776503
v 11.120123 -0.355632 -0.756525
v 11.166680 -0.280299 -0.724480
v 11.456046 -0.141765 0.496068
v 11.386329 -0.152267 0.563114
v 11.312222 -0.169114 0.618737
v 10.669134 -0.141764 0.587018
v 10.583827 -0.152267 0.541431
v 10.508026 -0.169114 0.488140
v 10.339468 -0.141765 -0.133269
v 10.356462 -0.152268 -0.228488
v 10.383719 -0.169114 -0.317046
v 10.922629 -0.141764 -0.669385
v 11.018439 -0.152267 -0.682647
v 11.111088 -0.169114 -0.684089
v 11.612717 -0.141766 -0.280432
v 11.654937 -0.152269 -0.193409
v 11.684938 -0.169116 -0.105742
v 11.161180 0.040472 0.496067
v 11.182964 -0.026581 0.563113
v 11.201037 -0.100398 0.618737
v 11.294864 0.180598 -0.000000
v 11.203362 0.213665 -0.000000
v 11.111183 0.232964 0.000000
v 10.578018 0.040472 0.306585
v 10.520986 -0.026581 0.348021
v 10.473669 -0.100398 0.382398
v 10.578018 0.040472 -0.306584
v 10.520986 -0.026581 -0.348021
v 10.473669 -0.100399 -0.382398
v 11.161180 0.040472 -0.496067
v 11.182964 -0.026581 -0.563113
v 11.201037 -0.100398 -0.618737
v 10.798963 -0.999603 0.618737
v 10.817036 -1.073420 0.563113
v 10.838820 -1.140473 0.496067
v 11.089950 -1.332966 0.065352
v 11.164524 -1.313667 0.119533
v 11.238550 -1.280602 0.173315
v 11.491974 -0.930887 0.488140
v 11.416173 -0.947734 0.541431
v 11.330866 -0.958237 0.587018
v 11.616281 -0.930887 -0.317046
v 11.643538 -0.947734 -0.228488
v 11.660532 -0.958236 -0.133269
v 11.089950 -1.332966 -0.065352
v 11.164524 -1.313666 -0.119533
v 11.238550 -1.280602 -0.173315
v 10.349420 -0.999601 0.000000
v 10.407907 -1.073418 0.000000
v 10.478402 -1.140471 0.000000
v 10.687778 -0.930887 0.618737
v 10.613671 -0.947734 0.563114
v 10.543954 -0.958237 0.496068
v 10.798963 -0.999603 -0.618737
v 10.817036 -1.073420 -0.563113
v 10.838820 -1.140473 -0.496067
v 10.315062 -0.930885 -0.105742
v 10.345063 -0.947732 -0.193409
v 10.387283 -0.958236 -0.280431
v 10.888912 -0.930887 -0.684089
v 10.981561 -0.947734 -0.682647
v 11.077371 -0.958237 -0.669385
v 11.740531 -0.280301 0.065352
v 11.756619 -0.355635 0.119533
v 11.760151 -0.436634 0.173315
v 11.637516 -0.819703 -0.382398
v 11.682379 -0.744369 -0.348021
v 11.716848 -0.663369 -0.306585
v 11.166680 -0.280299 0.724480
v 11.120123 -0.355633 0.756525
v 11.070064 -0.436633 0.776503
v 11.560690 -0.819703 0.488141
v 11.541859 -0.744369 0.541432
v 11.513102 -0.663369 0.587020
v 10.362484 -0.280300 0.382398
v 10.317621 -0.355633 0.348021
v 10.283152 -0.436633 0.306585
v 10.709012 -0.819703 0.684090
v 10.652510 -0.744369 0.682649
v 10.600267 -0.663370 0.669387
v 10.439311 -0.280300 -0.488141
v 10.458141 -0.355633 -0.541432
v 10.486898 -0.436633 -0.587020
v 10.259470 -0.819701 -0.065352
v 10.243381 -0.744368 -0.119533
v 10.239849 -0.663368 -0.173315
v 11.290988 -0.280300 -0.684090
v 11.347490 -0.355632 -0.682649
v 11.399733 -0.436633 -0.669387
v 10.833320 -0.819703 -0.724480
v 10.879877 -0.744369 -0.756525
v 10.929936 -0.663370 -0.776503
v 11.684938 -0.169116 0.105742
v 11.654937 -0.152269 0.193409
v 11.612717 -0.141766 0.280431
v 11.111088 -0.169114 0.684089
v 11.018439 -0.152267 0.682647
v 10.922629 -0.141764 0.669385
v 10.383719 -0.169114 0.317046
v 10.356462 -0.152267 0.228488
v 10.339468 -0.141765 0.133269
v 10.508026 -0.169114 -0.488140
v 10.583827 -0.152267 -0.541431
v 10.669134 -0.141764 -0.587018
v 11.312222 -0.169114 -0.618737
v 11.386329 -0.152267 -0.563114
v 11.456046 -0.141765 -0.496068
v 11.034357 0.232964 0.105741
v 11.062841 0.213665 0.193408
v 11.091117 0.180600 0.280431
v 11.650580 -0.100400 -0.000000
v 11.592094 -0.026584 -0.000000
v 11.521598 0.040470 -0.000000
v 10.910050 0.232964 0.065352
v 10.835476 0.213665 0.119533
v 10.761450 0.180600 0.173315
v 10.910050 0.232964 -0.065352
v 10.835476 0.213665 -0.119533
v 10.761450 0.180600 -0.173315
v 11.034357 0.232964 -0.105741
v 11.062841 0.213665 -0.193408
v 11.091117 0.180600 -0.280431
v 11.347452 0.143169 -0.121001
v 11.288360 0.149054 -0.209505
v 11.222446 0.143169 -0.293054
v 11.464601 0.070767 -0.121001
v 11.496290 0.020546 -0.209506
v 11.520505 -0.041039 -0.293055
v 11.258647 0.070769 -0.404468
v 11.352613 0.020547 -0.407257
v 11.439557 -0.041039 -0.404469
v 10.992288 0.143170 -0.367836
v 10.889854 0.149055 -0.338986
v 10.790027 0.143170 -0.302117
v 11.028488 0.070770 -0.479251
v 10.954106 0.020548 -0.536739
v 10.882130 -0.041038 -0.585586
v 10.695252 0.070770 -0.370975
v 10.721636 0.020547 -0.461203
v 10.751155 -0.041038 -0.543029
v 10.647782 0.143170 -0.106334
v 10.643567 0.149054 0.000000
v 10.647782 0.143170 0.106334
v 10.553007 0.070769 -0.175191
v 10.475348 0.020547 -0.122216
v 10.406649 -0.041039 -0.068857
v 10.553007 0.070769 0.175191
v 10.475348 0.020547 0.122216
v 10.406649 -0.041039 0.068857
v 10.790027 0.143170 0.302117
v 10.889854 0.149055 0.338986
v 10.992288 0.143170 0.367836
v 10.695252 0.070769 0.370975
v 10.721636 0.020547 0.461203
v 10.751155 -0.041038 0.543029
v 11.028488 0.070770 0.479251
v 10.954106 0.020548 0.536739
v 10.882130 -0.041038 0.585586
v 11.222446 0.143169 0.293054
v 11.288360 0.149054 0.209505
v 11.347452 0.143168 0.121001
v 11.258647 0.070769 0.404468
v 11.352613 0.020547 0.407257
v 11.439557 -0.041039 0.404469
v 11.464601 0.070767 0.121001
v 11.496290 0.020546 0.209506
v 11.520505 -0.041040 0.293055
v 11.713891 -0.427811 -0.302118
v 11.674509 -0.335889 -0.338987
v 11.623436 -0.246901 -0.367838
v 11.691518 -0.544961 -0.370976
v 11.634799 -0.543821 -0.461206
v 11.566513 -0.544961 -0.543032
v 11.542488 -0.246900 -0.479253
v 11.530832 -0.335889 -0.536741
v 11.507938 -0.427811 -0.585589
v 10.933270 -0.427811 -0.772310
v 10.886035 -0.335889 -0.746248
v 10.842814 -0.246900 -0.706589
v 10.860869 -0.544961 -0.772310
v 10.757528 -0.543820 -0.746249
v 10.658607 -0.544960 -0.706591
v 10.711839 -0.246900 -0.664033
v 10.653563 -0.335888 -0.670713
v 10.600032 -0.427811 -0.664034
v 10.244867 -0.427811 -0.175192
v 10.255057 -0.335889 -0.122217
v 10.279419 -0.246900 -0.068857
v 10.222494 -0.544960 -0.106335
v 10.215345 -0.543820 -0.000000
v 10.222494 -0.544960 0.106335
v 10.279419 -0.246900 0.068857
v 10.255057 -0.335889 0.122217
v 10.244867 -0.427811 0.175192
v 10.600031 -0.427811 0.664034
v 10.653563 -0.335889 0.670713
v 10.711839 -0.246900 0.664033
v 10.658607 -0.544961 0.706591
v 10.757528 -0.543820 0.746249
v 10.860869 -0.544960 0.772310
v 10.842814 -0.246900 0.706589
v 10.886035 -0.335888 0.746248
v 10.933270 -0.427811 0.772310
v 11.507938 -0.427811 0.585589
v 11.530832 -0.335889 0.536741
v 11.542488 -0.246900 0.479253
v 11.566513 -0.544961 0.543032
v 11.634799 -0.543821 0.461206
v 11.691518 -0.544961 0.370976
v 11.623436 -0.246901 0.367838
v 11.674509 -0.335889 0.338987
v 11.713891 -0.427811 0.302118
v 11.341393 -0.555041 -0.706591
v 11.242472 -0.556180 -0.746249
v 11.139131 -0.555041 -0.772310
v 11.399969 -0.672191 -0.664034
v 11.346437 -0.764112 -0.670713
v 11.288161 -0.853102 -0.664033
v 11.066730 -0.672191 -0.772310
v 11.113965 -0.764112 -0.746248
v 11.157186 -0.853102 -0.706589
v 10.433487 -0.555041 -0.543032
v 10.365201 -0.556180 -0.461206
v 10.308482 -0.555041 -0.370976
v 10.492062 -0.672191 -0.585589
v 10.469168 -0.764112 -0.536741
v 10.457512 -0.853101 -0.479253
v 10.286109 -0.672190 -0.302118
v 10.325491 -0.764112 -0.338987
v 10.376564 -0.853101 -0.367838
v 10.308482 -0.555041 0.370976
v 10.365201 -0.556180 0.461206
v 10.433487 -0.555041 0.543032
v 10.286109 -0.672190 0.302118
v 10.325491 -0.764112 0.338987
v 10.376564 -0.853101 0.367838
v 10.492062 -0.672191 0.585589
v 10.469168 -0.764112 0.536741
v 10.457512 -0.853101 0.479253
v 11.139131 -0.555041 0.772310
v 11.242472 -0.556180 0.746249
v 11.341393 -0.555041 0.706591
v 11.066730 -0.672191 0.772310
v 11.113965 -0.764112 0.746248
v 11.157186 -0.853102 0.706589
v 11.399969 -0.672191 0.664034
v 11.346437 -0.764112 0.670713
v 11.288161 -0.853102 0.664033
v 11.777506 -0.555041 0.106335
v 11.784655 -0.556180 0.000000
v 11.777506 -0.555041 -0.106335
v 11.755133 -0.672191 0.175192
v 11.744943 -0.764112 0.122217
v 11.720581 -0.853101 0.068857
v 11.755133 -0.672191 -0.175192
v 11.744943 -0.764112 -0.122217
v 11.720581 -0.853101 -0.068857
v 11.304748 -1.170771 -0.370975
v 11.278364 -1.120549 -0.461203
v 11.248845 -1.058963 -0.543029
v 11.209973 -1.243172 -0.302117
v 11.110146 -1.249055 -0.338986
v 11.007712 -1.243172 -0.367836
v 11.117870 -1.058963 -0.585586
v 11.045894 -1.120549 -0.536739
v 10.971512 -1.170772 -0.479251
v 10.741353 -1.170771 -0.404468
v 10.647387 -1.120549 -0.407257
v 10.560443 -1.058962 -0.404469
v 10.777554 -1.243172 -0.293054
v 10.711640 -1.249054 -0.209505
v 10.652548 -1.243171 -0.121001
v 10.479495 -1.058962 -0.293055
v 10.503710 -1.120548 -0.209506
v 10.535399 -1.170769 -0.121001
v 10.535399 -1.170768 0.121001
v 10.503710 -1.120548 0.209506
v 10.479495 -1.058962 0.293055
v 10.652548 -1.243171 0.121001
v 10.711640 -1.249054 0.209505
v 10.777554 -1.243171 0.293054
v 10.560443 -1.058963 0.404469
v 10.647387 -1.120549 0.407257
v 10.741353 -1.170770 0.404468
v 11.593351 -1.058963 -0.068857
v 11.524652 -1.120549 -0.122216
v 11.446993 -1.170770 -0.175191
v 11.593351 -1.058962 0.068857
v 11.524652 -1.120548 0.122216
v 11.446993 -1.170770 0.175191
v 11.352218 -1.243171 -0.106334
v 11.356433 -1.249055 -0.000000
v 11.352218 -1.243171 0.106334
v 10.971512 -1.170771 0.479251
v 11.045894 -1.120549 0.536739
v 11.117870 -1.058964 0.585586
v 11.007712 -1.243172 0.367836
v 11.110146 -1.249055 0.338986
v 11.209973 -1.243172 0.302117
v 11.248845 -1.058963 0.543029
v 11.278364 -1.120549 0.461203
v 11.304748 -1.170771 0.370975
v 10.255187 0.209308 -0.270425
v 10.207561 0.150830 -0.239415
v 10.255187 0.087554 -0.219993
v 11.744813 0.087554 -0.219993
v 11.792439 0.150830 -0.239415
v 11.744813 0.209307 -0.270425
v 10.614355 0.250000 -0.324968
v 11.000000 0.250000 -0.339418
v 11.385645 0.250000 -0.324968
v 11.385645 0.020213 -0.229787
v 11.000000 0.009995 -0.240004
v 10.614355 0.020213 -0.229787
v 10.255188 0.030006 -0.162445
v 10.207561 0.010585 -0.099169
v 10.255187 -0.020425 -0.040693
v 11.744813 -0.020425 -0.040693
v 11.792439 0.010585 -0.099169
v 11.744813 0.030006 -0.162445
v 11.385645 -0.074969 0.000000
v 11.000000 -0.089418 -0.000000
v 10.614355 -0.074968 0.000000
v 10.255188 -0.020425 0.040693
v 10.207561 0.010585 0.099169
v 10.255187 0.030007 0.162445
v 11.744813 0.030007 0.162445
v 11.792439 0.010585 0.099169
v 11.744813 -0.020425 0.040693
v 11.385645 0.020213 0.229787
v 11.000000 0.009995 0.240004
v 10.614355 0.020213 0.229787
v 10.255187 0.087555 0.219993
v 10.207561 0.150831 0.239415
v 10.255187 0.209307 0.270425
v 11.744813 0.209308 0.270425
v 11.792439 0.150831 0.239415
v 11.744813 0.087555 0.219993
v 11.385645 0.250000 0.324968
v 11.000000 0.250000 0.339418
v 10.614355 0.249999 0.324968
v 10.255187 0.290692 0.270425
v 10.207561 0.349168 0.239415
v 10.255187 0.412444 0.219993
v 11.744813 0.412445 0.219993
v 11.792439 0.349169 0.239415
v 11.744813 0.290692 0.270425
v 11.385645 0.479787 0.229787
v 11.000000 0.490004 0.240004
v 10.614355 0.479787 0.229787
v 10.255187 0.469993 0.162445
v 10.207561 0.489414 0.099169
v 10.255187 0.520424 0.040693
v 11.744813 0.520424 0.040693
v 11.792439 0.489414 0.099169
v 11.744813 0.469993 0.162445
v 11.385645 0.574968 -0.000000
v 11.000000 0.589417 -0.000000
v 10.614355 0.574968 -0.000000
v 10.255187 0.520424 -0.040693
v 10.207561 0.489414 -0.099169
v 10.255187 0.469993 -0.162445
v 11.744813 0.469993 -0.162445
v 11.792439 0.489415 -0.099169
v 11.744813 0.520424 -0.040693
v 11.385645 0.479787 -0.229787
v 11.000000 0.490004 -0.240004
v 10.614355 0.479786 -0.229787
v 10.255188 0.412445 -0.219993
v 10.207561 0.349168 -0.239415
v 10.255187 0.290692 -0.270425
v 11.744813 0.290692 -0.270425
v 11.792439 0.349169 -0.239415
v 11.744813 0.412446 -0.219993
v 11.151772 3.690525 -0.185696
v 11.132835 5.050000 -0.161396
v 11.093236 6.409476 -0.120228
v 11.298830 3.617496 -0.165628
v 11.258905 5.050000 -0.143500
v 11.187633 6.482504 -0.103997
v 11.426669 3.690525 -0.134908
v 11.370373 5.050000 -0.117510
v 11.278758 6.409476 -0.085952
v 11.578440 3.690525 -0.050788
v 11.503208 5.050000 -0.043885
v 11.371994 6.409476 -0.034276
v 11.597660 3.617496 0.000000
v 11.517811 5.050000 0.000000
v 11.375265 6.482504 -0.000000
v 11.578440 3.690525 0.050788
v 11.503208 5.050000 0.043885
v 11.371994 6.409476 0.034276
v 11.426669 3.690525 0.134908
v 11.370373 5.050000 0.117510
v 11.278758 6.409476 0.085952
v 11.298830 3.617496 0.165628
v 11.258905 5.050000 0.143500
v 11.187633 6.482504 0.103997
v 11.151772 3.690525 0.185696
v 11.132835 5.050000 0.161396
v 11.093236 6.409476 0.120228
v 10.848228 3.690525 0.185696
v 10.867165 5.050000 0.161396
v 10.906764 6.409476 0.120228
v 10.701170 3.617496 0.165628
v 10.741095 5.050000 0.143500
v 10.812367 6.482504 0.103997
v 10.573331 3.690525 0.134908
v 10.629627 5.050000 0.117510
v 10.721242 6.409476 0.085952
v 11.000000 8.785355 0.000000
v 11.133563 8.189495 -0.024676
v 11.056330 8.431219 -0.031221
v 11.000000 8.189495 -0.049352
v 10.943670 8.431219 -0.031221
v 10.866437 8.189496 -0.024676
v 10.887340 8.431218 0.000000
v 10.866437 8.189495 0.024676
v 10.943670 8.431219 0.031221
v 11.000000 8.189495 0.049352
v 11.056330 8.431219 0.031221
v 11.133563 8.189495 0.024676
v 11.112660 8.431219 -0.000000
v 10.421560 3.690525 0.050788
v 10.496792 5.050000 0.043885
v 10.628006 6.409476 0.034276
v 10.402340 3.617496 -0.000000
v 10.482189 5.050000 -0.000000
v 10.624735 6.482504 0.000000
v 10.421560 3.690525 -0.050788
v 10.496792 5.050000 -0.043885
v 10.628006 6.409476 -0.034276
v 10.573331 3.690525 -0.134908
v 10.629627 5.050000 -0.117510
v 10.721242 6.409476 -0.085952
v 10.701170 3.617496 -0.165628
v 10.741095 5.050000 -0.143500
v 10.812367 6.482504 -0.103997
v 10.848228 3.690525 -0.185696
v 10.867165 5.050000 -0.161396
v 10.906764 6.409476 -0.120228
v 11.000000 1.314646 0.000000
v 11.000000 1.910505 -0.149347
v 11.186479 1.668782 -0.103357
v 11.404183 1.910505 -0.074674
v 11.372956 1.668782 0.000000
v 11.404183 1.910505 0.074674
v 11.186479 1.668782 0.103357
v 11.000000 1.910505 0.149347
v 10.813521 1.668782 0.103357
v 10.595817 1.910505 0.074674
v 10.627044 1.668782 -0.000000
v 10.595817 1.910505 -0.074674
v 10.813521 1.668782 -0.103357
v 11.072836 -1.305045 0.224161
v 11.045257 -1.327578 0.139283
v 11.114491 -1.311322 0.180980
v 11.170135 -1.282773 0.234894
v 11.089027 -1.283806 0.273993
v 11.000428 -1.282774 0.290036
v 11.013755 -1.311322 0.213712
v 11.558794 -1.058223 0.234740
v 11.570389 -1.003721 0.308004
v 11.525400 -1.068471 0.283923
v 11.483402 -1.124313 0.239924
v 11.546190 -1.086640 0.187514
v 11.606205 -1.030501 0.150704
v 11.598295 -1.012785 0.230963
v 10.809317 -1.305043 0.138540
v 10.881518 -1.327578 0.086082
v 10.863256 -1.311321 0.164812
v 10.829176 -1.282773 0.234393
v 10.766927 -1.283805 0.169338
v 10.724290 -1.282773 0.090032
v 10.800998 -1.311321 0.079121
v 10.809317 -1.305044 -0.138540
v 10.881518 -1.327578 -0.086082
v 10.800998 -1.311321 -0.079121
v 10.724290 -1.282772 -0.090032
v 10.766927 -1.283805 -0.169338
v 10.829177 -1.282773 -0.234393
v 10.863256 -1.311321 -0.164812
v 11.072836 -1.305046 -0.224161
v 11.045257 -1.327578 -0.139283
v 11.013755 -1.311322 -0.213712
v 11.000428 -1.282773 -0.290036
v 11.089027 -1.283805 -0.273993
v 11.170135 -1.282774 -0.234894
v 11.114491 -1.311322 -0.180980
v 11.704466 -0.822524 0.234740
v 11.660902 -0.857268 0.308005
v 11.681489 -0.878175 0.230963
v 11.700871 -0.877328 0.150704
v 11.724245 -0.798541 0.187515
v 11.729862 -0.725534 0.239924
v 11.698697 -0.788072 0.283924
v 10.994441 -0.822524 0.742525
v 10.911300 -0.857268 0.723733
v 10.990932 -0.878175 0.719505
v 11.073254 -0.877328 0.713137
v 11.045467 -0.798542 0.746742
v 10.997357 -0.725534 0.768280
v 10.945881 -0.788072 0.752237
v 10.292097 -0.822523 0.224162
v 10.284277 -0.857266 0.139283
v 10.312905 -0.878173 0.213712
v 10.344400 -0.877326 0.290037
v 10.303854 -0.798541 0.273994
v 10.268504 -0.725533 0.234895
v 10.267854 -0.788071 0.180981
v 10.568055 -0.822524 -0.603984
v 10.646364 -0.857268 -0.637651
v 10.584424 -0.878175 -0.587423
v 10.521567 -0.877327 -0.533884
v 10.524294 -0.798542 -0.577404
v 10.550556 -0.725534 -0.623106
v 10.601631 -0.788072 -0.640384
v 11.440947 -0.822525 -0.597444
v 11.497164 -0.857268 -0.533372
v 11.430255 -0.878175 -0.576759
v 11.359913 -0.877328 -0.619995
v 11.402144 -0.798542 -0.630850
v 11.453725 -0.725534 -0.619996
v 11.485941 -0.788072 -0.576760
v 11.631632 -0.676851 0.458904
v 11.615646 -0.766755 0.447289
v 11.657102 -0.704877 0.411945
v 11.682529 -0.630867 0.385600
v 11.635220 -0.620486 0.461511
v 11.577643 -0.630867 0.529963
v 11.594842 -0.704878 0.497638
v 10.758739 -0.676852 0.742526
v 10.764847 -0.766755 0.723734
v 10.811271 -0.704877 0.752238
v 10.844184 -0.630867 0.768281
v 10.757369 -0.620486 0.746744
v 10.674475 -0.630867 0.713139
v 10.710533 -0.704877 0.719507
v 10.219261 -0.676850 0.000000
v 10.239020 -0.766753 0.000000
v 10.226257 -0.704876 0.052960
v 10.221170 -0.630866 0.089220
v 10.214826 -0.620485 0.000000
v 10.221170 -0.630867 -0.089220
v 10.226256 -0.704876 -0.052960
v 10.758739 -0.676851 -0.742526
v 10.764847 -0.766755 -0.723734
v 10.710533 -0.704877 -0.719507
v 10.674475 -0.630867 -0.713139
v 10.757369 -0.620486 -0.746744
v 10.844184 -0.630867 -0.768281
v 10.811271 -0.704878 -0.752238
v 11.631632 -0.676851 -0.458904
v 11.615646 -0.766755 -0.447289
v 11.594842 -0.704877 -0.497638
v 11.577643 -0.630867 -0.529963
v 11.635220 -0.620486 -0.461511
v 11.682529 -0.630867 -0.385600
v 11.657102 -0.704877 -0.411945
v 11.314094 -0.041778 0.518360
v 11.280409 -0.096280 0.584448
v 11.348270 -0.087216 0.538523
v 11.401846 -0.069502 0.478240
v 11.331656 -0.013362 0.472745
v 11.250053 0.024312 0.478240
v 11.258167 -0.031530 0.538522
v 10.604069 -0.041777 0.458902
v 10.530807 -0.096280 0.447288
v 10.595454 -0.087216 0.497636
v 10.669341 -0.069502 0.529961
v 10.652878 -0.013361 0.461509
v 10.622437 0.024312 0.385598
v 10.567612 -0.031529 0.411944
v 10.441206 -0.041778 -0.234740
v 10.429611 -0.096281 -0.308004
v 10.401705 -0.087216 -0.230963
v 10.393795 -0.069502 -0.150704
v 10.453810 -0.013361 -0.187514
v 10.516598 0.024311 -0.239924
v 10.474600 -0.031531 -0.283923
v 11.050573 -0.041777 -0.603982
v 11.116670 -0.096280 -0.637650
v 11.034775 -0.087216 -0.640383
v 10.955998 -0.069501 -0.623103
v 11.009553 -0.013361 -0.577402
v 11.078801 0.024312 -0.533882
v 11.107669 -0.031529 -0.587422
v 11.590053 -0.041779 -0.138540
v 11.642496 -0.096283 -0.086082
v 11.619789 -0.087218 -0.164813
v 11.579013 -0.069504 -0.234394
v 11.552097 -0.013364 -0.169338
v 11.532106 0.024309 -0.090032
v 11.591946 -0.031532 -0.079121
v 11.190683 0.205043 -0.138540
v 11.275710 0.182771 -0.090032
v 11.233073 0.183803 -0.169338
v 11.170823 0.182771 -0.234393
v 11.136744 0.211319 -0.164812
v 11.118482 0.227575 -0.086082
v 11.199002 0.211318 -0.079121
v 11.385148 0.073189 -0.279826
v 11.400933 0.098727 -0.180369
v 11.435180 0.052121 -0.249880
v 11.448112 0.004369 -0.325572
v 11.372128 0.052122 -0.336662
v 11.295436 0.098728 -0.325572
v 11.343930 0.108516 -0.249880
v 11.314094 -0.041777 -0.518360
v 11.401846 -0.069502 -0.478240
v 11.348270 -0.087216 -0.538523
v 11.280409 -0.096280 -0.584448
v 11.258167 -0.031530 -0.538522
v 11.250053 0.024312 -0.478240
v 11.331656 -0.013361 -0.472745
v 10.927164 0.205043 -0.224161
v 10.999572 0.182771 -0.290036
v 10.910973 0.183803 -0.273993
v 10.829865 0.182771 -0.234894
v 10.885509 0.211319 -0.180980
v 10.954743 0.227576 -0.139283
v 10.986245 0.211319 -0.213712
v 10.852884 0.073190 -0.452767
v 10.952352 0.098729 -0.437045
v 10.896825 0.052122 -0.491096
v 10.828834 0.004370 -0.526786
v 10.794806 0.052123 -0.457947
v 10.781655 0.098729 -0.381582
v 10.868629 0.108517 -0.404313
v 10.604069 -0.041777 -0.458902
v 10.669341 -0.069501 -0.529961
v 10.595454 -0.087216 -0.497636
v 10.530807 -0.096280 -0.447288
v 10.567612 -0.031530 -0.411944
v 10.622437 0.024312 -0.385598
v 10.652878 -0.013361 -0.461509
v 10.764301 0.205043 0.000000
v 10.724027 0.182771 -0.089220
v 10.711905 0.183803 -0.000000
v 10.724027 0.182771 0.089220
v 10.792497 0.211319 0.052960
v 10.853548 0.227576 0.000000
v 10.792497 0.211319 -0.052960
v 10.523931 0.073189 0.000000
v 10.569620 0.098728 -0.089740
v 10.501056 0.052122 -0.053634
v 10.446102 0.004369 0.000000
v 10.501056 0.052122 0.053634
v 10.569620 0.098728 0.089740
v 10.574878 0.108517 0.000000
v 10.441206 -0.041777 0.234740
v 10.393795 -0.069502 0.150704
v 10.401705 -0.087217 0.230963
v 10.429611 -0.096281 0.308005
v 10.474600 -0.031530 0.283923
v 10.516598 0.024311 0.239924
v 10.453810 -0.013362 0.187514
v 10.927164 0.205043 0.224161
v 10.829865 0.182771 0.234894
v 10.910973 0.183803 0.273993
v 10.999572 0.182771 0.290036
v 10.986245 0.211319 0.213712
v 10.954743 0.227576 0.139283
v 10.885509 0.211319 0.180980
v 10.852884 0.073190 0.452767
v 10.781655 0.098729 0.381582
v 10.794806 0.052122 0.457948
v 10.828834 0.004370 0.526786
v 10.896825 0.052123 0.491096
v 10.952352 0.098729 0.437045
v 10.868629 0.108517 0.404313
v 11.050573 -0.041777 0.603982
v 10.955998 -0.069501 0.623104
v 11.034775 -0.087216 0.640383
v 11.116670 -0.096280 0.637650
v 11.107669 -0.031530 0.587422
v 11.078801 0.024312 0.533882
v 11.009553 -0.013361 0.577402
v 11.190683 0.205042 0.138540
v 11.170823 0.182771 0.234393
v 11.233073 0.183803 0.169338
v 11.275710 0.182771 0.090032
v 11.199002 0.211318 0.079121
v 11.118482 0.227575 0.086082
v 11.136744 0.211318 0.164812
v 11.385148 0.073189 0.279826
v 11.295436 0.098728 0.325572
v 11.372128 0.052122 0.336662
v 11.448112 0.004369 0.325572
v 11.435180 0.052121 0.249880
v 11.400933 0.098727 0.180369
v 11.343930 0.108516 0.249880
v 11.590053 -0.041779 0.138540
v 11.579013 -0.069503 0.234394
v 11.619789 -0.087218 0.164813
v 11.642496 -0.096283 0.086082
v 11.591946 -0.031532 0.079121
v 11.532106 0.024309 0.090032
v 11.552097 -0.013364 0.169338
v 11.707903 -0.277480 -0.224162
v 11.731496 -0.374469 -0.234895
v 11.696146 -0.301461 -0.273994
v 11.655600 -0.222676 -0.290037
v 11.687095 -0.221828 -0.213712
v 11.715723 -0.242735 -0.139283
v 11.732146 -0.311931 -0.180981
v 11.623186 -0.402884 -0.452769
v 11.677885 -0.455174 -0.381584
v 11.630317 -0.464254 -0.457950
v 11.572388 -0.455174 -0.526788
v 11.584692 -0.373004 -0.491098
v 11.601545 -0.302495 -0.437047
v 11.647743 -0.373004 -0.404315
v 11.431945 -0.277479 -0.603984
v 11.449444 -0.374468 -0.623106
v 11.398369 -0.311930 -0.640384
v 11.353636 -0.242734 -0.637651
v 11.415576 -0.221827 -0.587423
v 11.478433 -0.222674 -0.533884
v 11.475706 -0.301459 -0.577404
v 11.005559 -0.277478 -0.742525
v 11.002643 -0.374468 -0.768280
v 10.954533 -0.301459 -0.746742
v 10.926746 -0.222673 -0.713137
v 11.009068 -0.221827 -0.719505
v 11.088700 -0.242733 -0.723733
v 11.054119 -0.311929 -0.752237
v 10.761963 -0.402884 -0.732597
v 10.846567 -0.455174 -0.762622
v 10.759240 -0.464254 -0.740981
v 10.675870 -0.455173 -0.707159
v 10.713614 -0.373004 -0.707832
v 10.770228 -0.302495 -0.707158
v 10.815634 -0.373004 -0.740980
v 10.559053 -0.277478 -0.597444
v 10.546275 -0.374468 -0.619996
v 10.514059 -0.311930 -0.576760
v 10.502836 -0.242734 -0.533372
v 10.569745 -0.221827 -0.576759
v 10.640087 -0.222674 -0.619995
v 10.597856 -0.301459 -0.630850
v 10.295534 -0.277479 -0.234740
v 10.270138 -0.374468 -0.239924
v 10.275755 -0.301459 -0.187515
v 10.299129 -0.222675 -0.150704
v 10.318511 -0.221827 -0.230963
v 10.339098 -0.242734 -0.308005
v 10.301303 -0.311930 -0.283924
v 10.229700 -0.402884 0.000000
v 10.227289 -0.455174 -0.089740
v 10.220885 -0.464254 -0.000000
v 10.227289 -0.455173 0.089740
v 10.238313 -0.373004 0.053634
v 10.256449 -0.302495 0.000000
v 10.238313 -0.373004 -0.053634
v 10.295534 -0.277479 0.234740
v 10.270138 -0.374468 0.239924
v 10.301303 -0.311930 0.283924
v 10.339098 -0.242735 0.308005
v 10.318511 -0.221828 0.230963
v 10.299129 -0.222674 0.150704
v 10.275755 -0.301460 0.187515
v 10.559053 -0.277478 0.597444
v 10.546275 -0.374468 0.619996
v 10.597856 -0.301459 0.630850
v 10.640087 -0.222673 0.619995
v 10.569745 -0.221827 0.576759
v 10.502836 -0.242733 0.533372
v 10.514059 -0.311929 0.576759
v 10.761963 -0.402884 0.732597
v 10.675870 -0.455174 0.707159
v 10.759240 -0.464254 0.740980
v 10.846567 -0.455173 0.762622
v 10.815635 -0.373004 0.740980
v 10.770228 -0.302495 0.707158
v 10.713614 -0.373004 0.707832
v 11.005560 -0.277478 0.742525
v 11.002643 -0.374468 0.768280
v 11.054119 -0.311930 0.752238
v 11.088700 -0.242733 0.723733
v 11.009068 -0.221827 0.719505
v 10.926746 -0.222674 0.713137
v 10.954533 -0.301459 0.746742
v 11.431945 -0.277478 0.603984
v 11.449444 -0.374468 0.623106
v 11.475706 -0.301459 0.577404
v 11.478433 -0.222674 0.533884
v 11.415576 -0.221827 0.587423
v 11.353636 -0.242734 0.637651
v 11.398369 -0.311930 0.640384
v 11.623185 -0.402884 0.452769
v 11.572388 -0.455174 0.526788
v 11.630317 -0.464254 0.457950
v 11.677885 -0.455174 0.381584
v 11.647743 -0.373004 0.404315
v 11.601545 -0.302496 0.437047
v 11.584692 -0.373004 0.491098
v 11.707903 -0.277480 0.224162
v 11.731496 -0.374469 0.234895
v 11.732146 -0.311932 0.180981
v 11.715723 -0.242736 0.139283
v 11.687095 -0.221829 0.213712
v 11.655600 -0.222675 0.290037
v 11.696146 -0.301461 0.273994
v 11.241261 -0.423149 -0.742526
v 11.325525 -0.469134 -0.713139
v 11.242631 -0.479516 -0.746744
v 11.155816 -0.469135 -0.768281
v 11.188729 -0.395124 -0.752238
v 11.235153 -0.333247 -0.723734
v 11.289467 -0.395124 -0.719507
v 11.238037 -0.697116 -0.732597
v 11.324130 -0.644828 -0.707159
v 11.286386 -0.726999 -0.707832
v 11.229772 -0.797507 -0.707158
v 11.184366 -0.726999 -0.740980
v 11.153433 -0.644828 -0.762622
v 11.240760 -0.635748 -0.740981
v 10.994440 -0.822525 -0.742525
v 11.073254 -0.877328 -0.713137
v 10.990932 -0.878176 -0.719505
v 10.911300 -0.857268 -0.723733
v 10.945881 -0.788072 -0.752238
v 10.997357 -0.725534 -0.768280
v 11.045467 -0.798542 -0.746742
v 10.368368 -0.423149 -0.458904
v 10.422357 -0.469135 -0.529963
v 10.364780 -0.479516 -0.461511
v 10.317471 -0.469135 -0.385600
v 10.342898 -0.395124 -0.411945
v 10.384354 -0.333247 -0.447289
v 10.405158 -0.395124 -0.497638
v 10.376814 -0.697116 -0.452769
v 10.427612 -0.644828 -0.526788
v 10.415308 -0.726998 -0.491098
v 10.398455 -0.797506 -0.437047
v 10.352257 -0.726997 -0.404315
v 10.322115 -0.644828 -0.381584
v 10.369683 -0.635748 -0.457950
v 10.292097 -0.822523 -0.224162
v 10.344400 -0.877326 -0.290037
v 10.312905 -0.878173 -0.213712
v 10.284277 -0.857266 -0.139283
v 10.267854 -0.788070 -0.180981
v 10.268504 -0.725533 -0.234895
v 10.303854 -0.798541 -0.273994
v 10.368368 -0.423149 0.458904
v 10.317471 -0.469135 0.385600
v 10.364780 -0.479516 0.461511
v 10.422357 -0.469135 0.529963
v 10.405158 -0.395124 0.497638
v 10.384354 -0.333247 0.447289
v 10.342898 -0.395124 0.411945
v 10.376814 -0.697116 0.452769
v 10.322115 -0.644828 0.381584
v 10.352257 -0.726998 0.404315
v 10.398455 -0.797506 0.437047
v 10.415308 -0.726997 0.491098
v 10.427612 -0.644828 0.526788
v 10.369683 -0.635748 0.457950
v 10.568055 -0.822524 0.603984
v 10.521567 -0.877327 0.533884
v 10.584424 -0.878175 0.587423
v 10.646364 -0.857268 0.637651
v 10.601631 -0.788072 0.640384
v 10.550556 -0.725534 0.623106
v 10.524294 -0.798541 0.577404
v 11.241261 -0.423149 0.742526
v 11.155816 -0.469134 0.768281
v 11.242631 -0.479516 0.746744
v 11.325525 -0.469135 0.713139
v 11.289467 -0.395124 0.719507
v 11.235153 -0.333247 0.723734
v 11.188729 -0.395124 0.752238
v 11.238037 -0.697116 0.732597
v 11.153433 -0.644828 0.762622
v 11.184365 -0.726999 0.740980
v 11.229772 -0.797506 0.707158
v 11.286386 -0.726999 0.707832
v 11.324130 -0.644828 0.707159
v 11.240760 -0.635748 0.740980
v 11.440947 -0.822525 0.597444
v 11.359913 -0.877328 0.619995
v 11.430255 -0.878176 0.576759
v 11.497164 -0.857268 0.533372
v 11.485941 -0.788072 0.576760
v 11.453725 -0.725534 0.619996
v 11.402144 -0.798542 0.630850
v 11.780739 -0.423150 -0.000000
v 11.778830 -0.469136 0.089220
v 11.785174 -0.479516 0.000000
v 11.778830 -0.469136 -0.089220
v 11.773744 -0.395125 -0.052960
v 11.760980 -0.333249 -0.000000
v 11.773743 -0.395125 0.052960
v 11.770300 -0.697116 -0.000000
v 11.772711 -0.644828 0.089740
v 11.761687 -0.726998 0.053634
v 11.743551 -0.797506 0.000000
v 11.761687 -0.726998 -0.053634
v 11.772711 -0.644828 -0.089740
v 11.779115 -0.635748 -0.000000
v 11.704466 -0.822524 -0.234740
v 11.700871 -0.877327 -0.150704
v 11.681489 -0.878175 -0.230963
v 11.660902 -0.857268 -0.308005
v 11.698697 -0.788071 -0.283924
v 11.729862 -0.725534 -0.239924
v 11.724245 -0.798541 -0.187515
v 11.395931 -1.058224 -0.458902
v 11.377563 -1.124313 -0.385598
v 11.347122 -1.086640 -0.461509
v 11.330659 -1.030502 -0.529961
v 11.404546 -1.012785 -0.497636
v 11.469193 -1.003721 -0.447288
v 11.432388 -1.068471 -0.411944
v 11.147116 -1.173189 -0.452767
v 11.218345 -1.198730 -0.381582
v 11.131371 -1.208519 -0.404313
v 11.047648 -1.198730 -0.437045
v 11.103175 -1.152124 -0.491096
v 11.171166 -1.104372 -0.526786
v 11.205194 -1.152124 -0.457948
v 10.949427 -1.058224 -0.603983
v 10.921199 -1.124314 -0.533882
v 10.892331 -1.068471 -0.587422
v 10.883330 -1.003722 -0.637650
v 10.965225 -1.012786 -0.640383
v 11.044002 -1.030501 -0.623104
v 10.990447 -1.086640 -0.577402
v 10.685906 -1.058223 -0.518360
v 10.749947 -1.124313 -0.478240
v 10.668344 -1.086640 -0.472745
v 10.598154 -1.030501 -0.478240
v 10.651730 -1.012785 -0.538523
v 10.719591 -1.003721 -0.584448
v 10.741833 -1.068471 -0.538522
v 10.614852 -1.173188 -0.279826
v 10.704564 -1.198730 -0.325572
v 10.656070 -1.208517 -0.249880
v 10.599067 -1.198729 -0.180369
v 10.564820 -1.152122 -0.249880
v 10.551888 -1.104371 -0.325572
v 10.627872 -1.152123 -0.336662
v 10.409947 -1.058222 -0.138540
v 10.467894 -1.124311 -0.090032
v 10.408054 -1.068470 -0.079121
v 10.357504 -1.003719 -0.086082
v 10.380211 -1.012784 -0.164813
v 10.420987 -1.030499 -0.234394
v 10.447903 -1.086638 -0.169338
v 10.409947 -1.058222 0.138540
v 10.467894 -1.124311 0.090032
v 10.447904 -1.086638 0.169338
v 10.420987 -1.030499 0.234394
v 10.380211 -1.012784 0.164813
v 10.357504 -1.003719 0.086082
v 10.408054 -1.068469 0.079121
v 10.614852 -1.173188 0.279826
v 10.599067 -1.198729 0.180369
v 10.656070 -1.208517 0.249880
v 10.704564 -1.198729 0.325572
v 10.627872 -1.152123 0.336662
v 10.551888 -1.104371 0.325572
v 10.564820 -1.152122 0.249880
v 10.685906 -1.058224 0.518360
v 10.749947 -1.124313 0.478240
v 10.741833 -1.068471 0.538522
v 10.719591 -1.003722 0.584448
v 10.651730 -1.012785 0.538523
v 10.598154 -1.030501 0.478240
v 10.668344 -1.086640 0.472745
v 11.558794 -1.058224 -0.234740
v 11.606205 -1.030501 -0.150704
v 11.546190 -1.086640 -0.187514
v 11.483402 -1.124313 -0.239924
v 11.525400 -1.068471 -0.283923
v 11.570389 -1.003721 -0.308005
v 11.598295 -1.012785 -0.230963
v 11.476069 -1.173189 -0.000000
v 11.553898 -1.104372 -0.000000
v 11.498944 -1.152124 0.053634
v 11.430380 -1.198730 0.089740
v 11.425122 -1.208518 0.000000
v 11.430380 -1.198730 -0.089740
v 11.498944 -1.152123 -0.053634
v 11.235699 -1.305044 -0.000000
v 11.275973 -1.282773 0.089220
v 11.207503 -1.311322 0.052960
v 11.146452 -1.327578 0.000000
v 11.207503 -1.311322 -0.052960
v 11.275973 -1.282773 -0.089220
v 11.288095 -1.283805 -0.000000
v 10.949427 -1.058224 0.603982
v 10.921199 -1.124314 0.533882
v 10.990447 -1.086640 0.577402
v 11.044002 -1.030502 0.623103
v 10.965225 -1.012785 0.640383
v 10.883330 -1.003722 0.637650
v 10.892331 -1.068471 0.587422
v 11.147116 -1.173189 0.452767
v 11.047648 -1.198730 0.437045
v 11.131371 -1.208519 0.404313
v 11.218345 -1.198730 0.381582
v 11.205194 -1.152124 0.457948
v 11.171166 -1.104372 0.526786
v 11.103175 -1.152124 0.491096
v 11.395931 -1.058224 0.458902
v 11.377563 -1.124314 0.385598
v 11.432388 -1.068471 0.411944
v 11.469193 -1.003721 0.447288
v 11.404546 -1.012785 0.497636
v 11.330659 -1.030501 0.529961
v 11.347122 -1.086640 0.461509
v 10.588996 0.190357 -0.314380
v 11.000000 0.185388 -0.330654
v 11.411004 0.190357 -0.314380
v 10.566917 0.129363 -0.291243
v 11.000000 0.122016 -0.308979
v 11.433083 0.129363 -0.291243
v 10.588996 0.069873 -0.264473
v 11.000000 0.061880 -0.279495
v 11.411004 0.069873 -0.264473
v 10.588996 -0.014473 -0.180127
v 11.000000 -0.029496 -0.188120
v 11.411004 -0.014474 -0.180127
v 10.566917 -0.041243 -0.120637
v 11.000000 -0.058980 -0.127983
v 11.433083 -0.041243 -0.120637
v 10.588996 -0.064380 -0.059642
v 11.000000 -0.080655 -0.064612
v 11.411004 -0.064380 -0.059642
v 10.588996 -0.064380 0.059642
v 11.000000 -0.080655 0.064612
v 11.411004 -0.064380 0.059642
v 10.566917 -0.041243 0.120637
v 11.000000 -0.058980 0.127983
v 11.433083 -0.041243 0.120637
v 10.588996 -0.014473 0.180127
v 11.000000 -0.029495 0.188120
v 11.411004 -0.014473 0.180127
v 10.588996 0.069873 0.264473
v 11.000000 0.061879 0.279495
v 11.411004 0.069873 0.264473
v 10.566917 0.129363 0.291243
v 11.000000 0.122015 0.308979
v 11.433083 0.129364 0.291243
v 10.588996 0.190358 0.314380
v 11.000000 0.185389 0.330654
v 11.411004 0.190358 0.314380
v 10.588996 0.309641 0.314380
v 11.000000 0.314610 0.330654
v 11.411004 0.309641 0.314380
v 10.566917 0.370636 0.291243
v 11.000000 0.377983 0.308979
v 11.433083 0.370636 0.291243
v 10.588996 0.430127 0.264473
v 11.000000 0.438119 0.279495
v 11.411004 0.430126 0.264473
v 10.588996 0.514473 0.180127
v 11.000000 0.529495 0.188120
v 11.411004 0.514473 0.180127
v 10.566917 0.541243 0.120637
v 11.000000 0.558979 0.127983
v 11.433083 0.541243 0.120637
v 10.588996 0.564379 0.059642
v 11.000000 0.580654 0.064612
v 11.411004 0.564379 0.059642
v 12.155556 0.250000 0.000000
v 11.949882 0.102328 -0.147672
v 12.025154 0.186286 -0.153819
v 11.949882 0.250000 -0.208840
v 12.025154 0.313714 -0.153819
v 11.949882 0.397672 -0.147672
v 12.025154 0.403819 -0.063714
v 11.949882 0.458839 -0.000000
v 12.025154 0.403818 0.063714
v 11.949882 0.397671 0.147672
v 12.025154 0.313714 0.153819
v 11.949882 0.250000 0.208840
v 12.025154 0.186286 0.153819
v 11.949882 0.102328 0.147672
v 12.025154 0.096181 0.063714
v 11.949882 0.041160 -0.000000
v 12.025154 0.096181 -0.063714
v 10.588996 0.564379 -0.059642
v 11.000000 0.580653 -0.064612
v 11.411004 0.564380 -0.059642
v 10.566917 0.541242 -0.120637
v 11.000000 0.558978 -0.127983
v 11.433083 0.541243 -0.120637
v 10.588996 0.514473 -0.180127
v 11.000000 0.529494 -0.188120
v 11.411004 0.514473 -0.180127
v 10.588996 0.430126 -0.264473
v 11.000000 0.438119 -0.279495
v 11.411004 0.430127 -0.264473
v 10.566917 0.370636 -0.291243
v 11.000000 0.377983 -0.308979
v 11.433083 0.370636 -0.291243
v 10.588996 0.309642 -0.314380
v 11.000000 0.314611 -0.330654
v 11.411004 0.309641 -0.314380
v 9.844444 0.250000 0.000000
v 10.050119 0.250000 -0.208840
v 9.974846 0.186286 -0.153819
v 10.050119 0.102328 -0.147672
v 9.974846 0.096181 -0.063714
v 10.050119 0.041160 -0.000000
v 9.974846 0.096181 0.063714
v 10.050119 0.102328 0.147672
v 9.974846 0.186285 0.153819
v 10.050119 0.249999 0.208840
v 9.974846 0.313713 0.153819
v 10.050119 0.397671 0.147672
v 9.974846 0.403819 0.063714
v 10.050119 0.458839 0.000000
v 9.974846 0.403819 -0.063714
v 10.050119 0.397672 -0.147672
v 9.974846 0.313714 -0.153819
vn -0.0000 -0.0070 -1.0000
vn -0.0000 0.0398 -0.9992
vn 0.4847 -0.0122 -0.8746
vn 0.4836 0.0694 -0.8725
vn 0.4847 -0.0122 0.8746
vn 0.4836 0.0694 0.8725
vn -0.0000 -0.0070 1.0000
vn -0.0000 0.0398 0.9992
vn -0.4847 -0.0122 0.8746
vn -0.4836 0.0694 0.8725
vn -0.4847 -0.0122 -0.8746
vn -0.4836 0.0694 -0.8725
vn 0.0037 -1.0000 -0.0000
vn 0.7195 -0.4447 0.5335
vn -0.2737 -0.4428 0.8538
vn -0.8961 -0.4439 -0.0000
vn -0.2737 -0.4428 -0.8538
vn 0.7195 -0.4447 -0.5335
vn 0.2737 0.4428 0.8538
vn -0.7195 0.4447 0.5335
vn -0.7195 0.4447 -0.5335
vn 0.2737 0.4428 -0.8538
vn 0.8961 0.4439 -0.0000
vn -0.0037 1.0000 -0.0000
vn -0.1602 -0.8484 0.5045
vn 0.4242 -0.8503 0.3115
vn 0.2615 -0.5161 0.8157
vn 0.8506 -0.5257 -0.0000
vn 0.4242 -0.8503 -0.3115
vn -0.5257 -0.8507 -0.0000
vn -0.6872 -0.5227 0.5045
vn -0.1602 -0.8484 -0.5045
vn -0.6872 -0.5227 -0.5045
vn 0.2615 -0.5161 -0.8157
vn 0.9502 0.0008 0.3115
vn 0.9502 0.0008 -0.3115
vn -0.0000 -0.0000 1.0000
vn 0.5785 -0.0031 0.8157
vn -0.9502 -0.0008 0.3115
vn -0.5785 0.0031 0.8157
vn -0.5785 0.0031 -0.8157
vn -0.9502 -0.0008 -0.3115
vn 0.5785 -0.0031 -0.8157
vn -0.0000 -0.0000 -1.0000
vn 0.6872 0.5227 0.5045
vn -0.2615 0.5161 0.8157
vn -0.8506 0.5257 -0.0000
vn -0.2615 0.5161 -0.8157
vn 0.6872 0.5227 -0.5045
vn 0.1602 0.8484 0.5045
vn 0.5257 0.8507 -0.0000
vn -0.4242 0.8503 0.3115
vn -0.4242 0.8503 -0.3115
vn 0.1602 0.8484 -0.5045
vn -0.1446 -0.0000 -0.9895
vn 0.1446 -0.0000 -0.9895
vn -0.1614 -0.6816 -0.7137
vn 0.1614 -0.6816 -0.7137
vn -0.1722 -0.9851 -0.0000
vn 0.1722 -0.9851 -0.0000
vn -0.1614 -0.6816 0.7137
vn 0.1614 -0.6816 0.7137
vn -0.1446 -0.0000 0.9895
vn 0.1446 -0.0000 0.9895
vn -0.1614 0.6816 0.7137
vn 0.1614 0.6816 0.7137
vn -0.1722 0.9851 -0.0000
vn 0.1722 0.9851 -0.0000
vn -0.1614 0.6816 -0.7137
vn 0.1614 0.6816 -0.7137
vn 0.0723 -0.0343 -0.9968
vn 0.1813 -0.0623 -0.9814
vn 0.3266 -0.0467 -0.9440
vn 0.3366 0.0616 -0.9396
vn 0.1814 0.0535 -0.9820
vn 0.0665 0.0445 -0.9968
vn -0.0000 0.0118 -0.9999
vn -0.0000 0.0252 -0.9997
vn -0.0000 0.0337 -0.9994
vn 0.4839 0.0589 -0.8731
vn 0.4843 0.0440 -0.8738
vn 0.4847 0.0206 -0.8745
vn 0.7159 -0.0786 -0.6938
vn 0.9856 -0.1693 -0.0000
vn 0.7159 -0.0786 0.6938
vn 0.6935 0.0997 0.7136
vn 0.9893 0.1458 -0.0000
vn 0.6935 0.0997 -0.7136
vn 0.4839 0.0589 0.8731
vn 0.4843 0.0440 0.8738
vn 0.4847 0.0206 0.8745
vn 0.3266 -0.0467 0.9440
vn 0.1813 -0.0623 0.9814
vn 0.0723 -0.0343 0.9968
vn 0.0665 0.0445 0.9968
vn 0.1814 0.0535 0.9820
vn 0.3366 0.0616 0.9396
vn -0.0000 0.0337 0.9994
vn -0.0000 0.0252 0.9997
vn -0.0000 0.0118 0.9999
vn -0.0723 -0.0343 0.9968
vn -0.1813 -0.0623 0.9814
vn -0.3266 -0.0467 0.9440
vn -0.3366 0.0616 0.9396
vn -0.1814 0.0535 0.9820
vn -0.0665 0.0445 0.9968
vn -0.4839 0.0589 0.8731
vn -0.4843 0.0440 0.8738
vn -0.4847 0.0206 0.8745
vn -0.7159 -0.0786 0.6938
vn -0.9856 -0.1693 -0.0000
vn -0.7159 -0.0786 -0.6938
vn -0.6935 0.0997 -0.7136
vn -0.9893 0.1458 -0.0000
vn -0.6935 0.0997 0.7136
vn -0.4839 0.0589 -0.8731
vn -0.4843 0.0440 -0.8738
vn -0.4847 0.0206 -0.8745
vn -0.3266 -0.0467 -0.9440
vn -0.1813 -0.0623 -0.9814
vn -0.0723 -0.0343 -0.9968
vn -0.0665 0.0445 -0.9968
vn -0.1814 0.0535 -0.9820
vn -0.3366 0.0616 -0.9396
vn -0.1332 -0.9087 0.3956
vn -0.0872 -0.9606 0.2639
vn -0.0389 -0.9912 0.1267
vn 0.5100 -0.7713 0.3809
vn 0.5955 -0.6746 0.4362
vn 0.6677 -0.5650 0.4848
vn 0.1333 -0.5117 0.8488
vn -0.0058 -0.5001 0.8660
vn -0.1435 -0.4746 0.8684
vn 0.8448 -0.5221 0.1171
vn 0.8190 -0.5062 0.2704
vn 0.7733 -0.4780 0.4165
vn 0.5100 -0.7713 -0.3809
vn 0.5955 -0.6746 -0.4362
vn 0.6677 -0.5650 -0.4848
vn -0.4046 -0.9145 -0.0000
vn -0.2736 -0.9619 -0.0000
vn -0.1370 -0.9906 -0.0000
vn -0.7532 -0.5256 0.3956
vn -0.8202 -0.5076 0.2639
vn -0.8692 -0.4780 0.1267
vn -0.1332 -0.9087 -0.3956
vn -0.0872 -0.9606 -0.2639
vn -0.0389 -0.9912 -0.1267
vn -0.6070 -0.5166 -0.6039
vn -0.4998 -0.5041 -0.7043
vn -0.3846 -0.4800 -0.7884
vn 0.3849 -0.5227 -0.7607
vn 0.5093 -0.5067 -0.6957
vn 0.6250 -0.4781 -0.6171
vn 0.9179 -0.1112 0.3809
vn 0.8697 -0.2309 0.4362
vn 0.8039 -0.3445 0.4848
vn 0.9659 0.1117 -0.2335
vn 0.9597 0.2310 -0.1599
vn 0.9346 0.3459 -0.0829
vn -0.0652 -0.1056 0.9923
vn -0.1373 -0.2222 0.9653
vn -0.2099 -0.3397 0.9168
vn 0.5172 0.1096 0.8488
vn 0.4447 0.2288 0.8660
vn 0.3603 0.3406 0.8684
vn -0.9659 -0.1117 0.2335
vn -0.9597 -0.2310 0.1599
vn -0.9346 -0.3459 0.0829
vn -0.6396 0.1105 0.7607
vn -0.6809 0.2289 0.6957
vn -0.7072 0.3452 0.6171
vn -0.5172 -0.1096 -0.8488
vn -0.4447 -0.2288 -0.8660
vn -0.3603 -0.3406 -0.8684
vn -0.9179 0.1112 -0.3809
vn -0.8697 0.2309 -0.4362
vn -0.8039 0.3445 -0.4848
vn 0.6396 -0.1105 -0.7607
vn 0.6809 -0.2289 -0.6957
vn 0.7072 -0.3452 -0.6171
vn 0.0652 0.1056 -0.9923
vn 0.1373 0.2222 -0.9653
vn 0.2099 0.3397 -0.9168
vn 0.6070 0.5166 0.6039
vn 0.4998 0.5041 0.7043
vn 0.3846 0.4800 0.7884
vn -0.3849 0.5227 0.7607
vn -0.5093 0.5067 0.6957
vn -0.6250 0.4781 0.6171
vn -0.8448 0.5221 -0.1171
vn -0.8190 0.5062 -0.2704
vn -0.7733 0.4780 -0.4165
vn -0.1333 0.5117 -0.8488
vn 0.0058 0.5001 -0.8660
vn 0.1435 0.4746 -0.8684
vn 0.7532 0.5256 -0.3956
vn 0.8202 0.5076 -0.2639
vn 0.8692 0.4780 -0.1267
vn 0.1906 0.7740 0.6039
vn 0.2274 0.6725 0.7043
vn 0.2574 0.5587 0.7884
vn 0.4046 0.9145 -0.0000
vn 0.2736 0.9619 -0.0000
vn 0.1370 0.9906 -0.0000
vn -0.5100 0.7713 0.3809
vn -0.5955 0.6746 0.4362
vn -0.6677 0.5650 0.4848
vn -0.5100 0.7713 -0.3809
vn -0.5955 0.6746 -0.4362
vn -0.6677 0.5650 -0.4848
vn 0.1906 0.7740 -0.6039
vn 0.2274 0.6725 -0.7043
vn 0.2574 0.5587 -0.7884
vn -0.2574 -0.5587 0.7884
vn -0.2274 -0.6725 0.7043
vn -0.1906 -0.7740 0.6039
vn 0.1086 -0.9906 0.0829
vn 0.2226 -0.9617 0.1599
vn 0.3321 -0.9139 0.2335
vn 0.6250 -0.4781 0.6171
vn 0.5093 -0.5067 0.6957
vn 0.3849 -0.5227 0.7607
vn 0.7733 -0.4780 -0.4165
vn 0.8190 -0.5062 -0.2704
vn 0.8448 -0.5221 -0.1171
vn 0.1086 -0.9906 -0.0829
vn 0.2226 -0.9617 -0.1599
vn 0.3321 -0.9139 -0.2335
vn -0.8247 -0.5656 -0.0000
vn -0.7380 -0.6748 -0.0000
vn -0.6370 -0.7709 -0.0000
vn -0.3846 -0.4800 0.7884
vn -0.4998 -0.5041 0.7043
vn -0.6070 -0.5166 0.6039
vn -0.2574 -0.5587 -0.7884
vn -0.2274 -0.6725 -0.7043
vn -0.1906 -0.7740 -0.6039
vn -0.8692 -0.4780 -0.1267
vn -0.8202 -0.5076 -0.2639
vn -0.7532 -0.5256 -0.3956
vn -0.1435 -0.4746 -0.8684
vn -0.0058 -0.5001 -0.8660
vn 0.1333 -0.5117 -0.8488
vn 0.9346 0.3459 0.0829
vn 0.9597 0.2310 0.1599
vn 0.9659 0.1117 0.2335
vn 0.8039 -0.3445 -0.4848
vn 0.8697 -0.2309 -0.4362
vn 0.9179 -0.1112 -0.3809
vn 0.2099 0.3397 0.9168
vn 0.1373 0.2222 0.9653
vn 0.0652 0.1056 0.9923
vn 0.7072 -0.3452 0.6171
vn 0.6809 -0.2289 0.6957
vn 0.6396 -0.1105 0.7607
vn -0.8039 0.3445 0.4848
vn -0.8697 0.2309 0.4362
vn -0.9179 0.1112 0.3809
vn -0.3603 -0.3406 0.8684
vn -0.4447 -0.2288 0.8660
vn -0.5172 -0.1096 0.8488
vn -0.7072 0.3452 -0.6171
vn -0.6809 0.2289 -0.6957
vn -0.6396 0.1105 -0.7607
vn -0.9346 -0.3459 -0.0829
vn -0.9597 -0.2310 -0.1599
vn -0.9659 -0.1117 -0.2335
vn 0.3603 0.3406 -0.8684
vn 0.4447 0.2288 -0.8660
vn 0.5172 0.1096 -0.8488
vn -0.2099 -0.3397 -0.9168
vn -0.1373 -0.2222 -0.9653
vn -0.0652 -0.1056 -0.9923
vn 0.8692 0.4780 0.1267
vn 0.8202 0.5076 0.2639
vn 0.7532 0.5256 0.3956
vn 0.1435 0.4746 0.8684
vn 0.0058 0.5001 0.8660
vn -0.1333 0.5117 0.8488
vn -0.7733 0.4780 0.4165
vn -0.8190 0.5062 0.2704
vn -0.8448 0.5221 0.1171
vn -0.6250 0.4781 -0.6171
vn -0.5093 0.5067 -0.6957
vn -0.3849 0.5227 -0.7607
vn 0.3846 0.4800 -0.7884
vn 0.4998 0.5041 -0.7043
vn 0.6070 0.5166 -0.6039
vn 0.0389 0.9912 0.1267
vn 0.0872 0.9606 0.2639
vn 0.1332 0.9087 0.3956
vn 0.8247 0.5656 -0.0000
vn 0.7380 0.6748 -0.0000
vn 0.6370 0.7709 -0.0000
vn -0.1086 0.9906 0.0829
vn -0.2226 0.9617 0.1599
vn -0.3321 0.9139 0.2335
vn -0.1086 0.9906 -0.0829
vn -0.2226 0.9617 -0.1599
vn -0.3321 0.9139 -0.2335
vn 0.0389 0.9912 -0.1267
vn 0.0872 0.9606 -0.2639
vn 0.1332 0.9087 -0.3956
vn 0.4657 0.8703 -0.1606
vn 0.3863 0.8779 -0.2831
vn 0.2889 0.8735 -0.3919
vn 0.5701 0.8057 -0.1606
vn 0.6124 0.7381 -0.2831
vn 0.6521 0.6490 -0.3919
vn 0.3298 0.8016 -0.4987
vn 0.4563 0.7383 -0.4966
vn 0.5695 0.6534 -0.4987
vn -0.0106 0.8722 -0.4891
vn -0.1474 0.8772 -0.4569
vn -0.2786 0.8702 -0.4064
vn 0.0277 0.8016 -0.5972
vn -0.0792 0.7382 -0.6699
vn -0.1734 0.6529 -0.7373
vn -0.3737 0.8080 -0.4555
vn -0.3282 0.7366 -0.5914
vn -0.2905 0.6404 -0.7110
vn -0.4649 0.8705 -0.1618
vn -0.4789 0.8779 -0.0000
vn -0.4649 0.8705 0.1618
vn -0.5583 0.8043 -0.2034
vn -0.6610 0.7388 -0.1316
vn -0.7545 0.6527 -0.0689
vn -0.5583 0.8043 0.2034
vn -0.6610 0.7388 0.1316
vn -0.7545 0.6527 0.0689
vn -0.2786 0.8702 0.4064
vn -0.1474 0.8772 0.4569
vn -0.0106 0.8722 0.4891
vn -0.3737 0.8080 0.4555
vn -0.3282 0.7366 0.5914
vn -0.2905 0.6404 0.7110
vn 0.0277 0.8016 0.5972
vn -0.0792 0.7382 0.6699
vn -0.1734 0.6529 0.7373
vn 0.2889 0.8735 0.3919
vn 0.3863 0.8779 0.2831
vn 0.4657 0.8703 0.1606
vn 0.3298 0.8016 0.4987
vn 0.4563 0.7383 0.4966
vn 0.5695 0.6534 0.4987
vn 0.5701 0.8057 0.1606
vn 0.6124 0.7381 0.2831
vn 0.6521 0.6490 0.3919
vn 0.9029 0.1400 -0.4065
vn 0.8505 0.2605 -0.4570
vn 0.7848 0.3806 -0.4891
vn 0.8898 0.0271 -0.4555
vn 0.8056 0.0358 -0.5914
vn 0.7027 0.0266 -0.7110
vn 0.7046 0.3833 -0.5972
vn 0.6957 0.2592 -0.6699
vn 0.6615 0.1369 -0.7373
vn -0.0951 0.1298 -0.9870
vn -0.1663 0.2529 -0.9531
vn -0.2220 0.3802 -0.8979
vn -0.1586 0.0270 -0.9870
vn -0.3006 0.0357 -0.9531
vn -0.4394 0.0285 -0.8979
vn -0.3435 0.3768 -0.8602
vn -0.4179 0.2583 -0.8710
vn -0.4907 0.1387 -0.8602
vn -0.9691 0.1396 -0.2035
vn -0.9564 0.2608 -0.1316
vn -0.9212 0.3830 -0.0689
vn -0.9865 0.0265 -0.1618
vn -0.9994 0.0358 -0.0000
vn -0.9865 0.0265 0.1618
vn -0.9212 0.3830 0.0689
vn -0.9564 0.2608 0.1316
vn -0.9691 0.1396 0.2035
vn -0.4907 0.1387 0.8602
vn -0.4179 0.2583 0.8710
vn -0.3435 0.3768 0.8602
vn -0.4394 0.0285 0.8979
vn -0.3006 0.0357 0.9531
vn -0.1586 0.0270 0.9870
vn -0.2220 0.3802 0.8979
vn -0.1663 0.2529 0.9531
vn -0.0951 0.1298 0.9870
vn 0.6615 0.1369 0.7373
vn 0.6957 0.2592 0.6699
vn 0.7046 0.3833 0.5972
vn 0.7027 0.0266 0.7110
vn 0.8056 0.0358 0.5914
vn 0.8898 0.0271 0.4555
vn 0.7848 0.3806 0.4891
vn 0.8505 0.2605 0.4570
vn 0.9029 0.1400 0.4064
vn 0.4394 -0.0285 -0.8979
vn 0.3006 -0.0357 -0.9531
vn 0.1586 -0.0270 -0.9870
vn 0.4907 -0.1387 -0.8602
vn 0.4179 -0.2583 -0.8710
vn 0.3435 -0.3768 -0.8602
vn 0.0951 -0.1298 -0.9870
vn 0.1663 -0.2529 -0.9531
vn 0.2220 -0.3802 -0.8979
vn -0.7027 -0.0266 -0.7110
vn -0.8056 -0.0358 -0.5914
vn -0.8898 -0.0271 -0.4555
vn -0.6615 -0.1369 -0.7373
vn -0.6957 -0.2592 -0.6699
vn -0.7046 -0.3833 -0.5972
vn -0.9029 -0.1400 -0.4065
vn -0.8505 -0.2605 -0.4570
vn -0.7848 -0.3806 -0.4891
vn -0.8898 -0.0271 0.4555
vn -0.8056 -0.0358 0.5914
vn -0.7027 -0.0266 0.7110
vn -0.9029 -0.1400 0.4064
vn -0.8505 -0.2605 0.4570
vn -0.7848 -0.3806 0.4891
vn -0.6615 -0.1369 0.7373
vn -0.6957 -0.2593 0.6699
vn -0.7046 -0.3833 0.5972
vn 0.1586 -0.0270 0.9870
vn 0.3006 -0.0357 0.9531
vn 0.4394 -0.0285 0.8979
vn 0.0951 -0.1298 0.9870
vn 0.1663 -0.2529 0.9531
vn 0.2220 -0.3802 0.8979
vn 0.4907 -0.1387 0.8602
vn 0.4179 -0.2583 0.8710
vn 0.3435 -0.3768 0.8602
vn 0.9865 -0.0265 0.1618
vn 0.9994 -0.0358 -0.0000
vn 0.9865 -0.0265 -0.1618
vn 0.9691 -0.1396 0.2035
vn 0.9564 -0.2608 0.1316
vn 0.9212 -0.3830 0.0689
vn 0.9691 -0.1396 -0.2035
vn 0.9564 -0.2608 -0.1316
vn 0.9212 -0.3830 -0.0689
vn 0.3737 -0.8080 -0.4555
vn 0.3282 -0.7366 -0.5914
vn 0.2905 -0.6404 -0.7110
vn 0.2786 -0.8702 -0.4064
vn 0.1474 -0.8772 -0.4569
vn 0.0106 -0.8722 -0.4891
vn 0.1734 -0.6529 -0.7373
vn 0.0792 -0.7382 -0.6699
vn -0.0277 -0.8016 -0.5972
vn -0.3298 -0.8016 -0.4987
vn -0.4563 -0.7383 -0.4966
vn -0.5695 -0.6534 -0.4987
vn -0.2889 -0.8735 -0.3919
vn -0.3863 -0.8779 -0.2831
vn -0.4657 -0.8703 -0.1606
vn -0.6521 -0.6490 -0.3919
vn -0.6124 -0.7381 -0.2831
vn -0.5701 -0.8057 -0.1606
vn -0.5701 -0.8057 0.1606
vn -0.6124 -0.7381 0.2831
vn -0.6521 -0.6490 0.3919
vn -0.4657 -0.8703 0.1606
vn -0.3863 -0.8779 0.2831
vn -0.2889 -0.8735 0.3919
vn -0.5695 -0.6534 0.4987
vn -0.4563 -0.7383 0.4966
vn -0.3298 -0.8016 0.4987
vn 0.7545 -0.6527 -0.0689
vn 0.6610 -0.7388 -0.1316
vn 0.5583 -0.8043 -0.2034
vn 0.7545 -0.6527 0.0689
vn 0.6610 -0.7388 0.1316
vn 0.5583 -0.8043 0.2034
vn 0.4649 -0.8705 -0.1618
vn 0.4789 -0.8779 -0.0000
vn 0.4649 -0.8705 0.1618
vn -0.0277 -0.8016 0.5972
vn 0.0792 -0.7382 0.6699
vn 0.1734 -0.6529 0.7373
vn 0.0106 -0.8722 0.4891
vn 0.1474 -0.8772 0.4570
vn 0.2786 -0.8702 0.4064
vn 0.2905 -0.6404 0.7110
vn 0.3282 -0.7366 0.5914
vn 0.3737 -0.8080 0.4555
vn -0.2286 -0.1619 -0.9600
vn -0.2748 -0.3548 -0.8936
vn -0.2350 -0.5158 -0.8239
vn 0.2350 -0.5158 -0.8239
vn 0.2748 -0.3548 -0.8936
vn 0.2286 -0.1619 -0.9600
vn -0.0692 -0.0000 -0.9976
vn 0.0692 -0.0000 -0.9976
vn 0.0795 -0.6831 -0.7260
vn -0.0000 -0.6899 -0.7239
vn -0.0795 -0.6831 -0.7260
vn -0.2347 -0.7980 -0.5551
vn -0.2664 -0.8869 -0.3774
vn -0.2395 -0.9485 -0.2072
vn 0.2395 -0.9485 -0.2072
vn 0.2664 -0.8869 -0.3774
vn 0.2347 -0.7980 -0.5551
vn 0.0806 -0.9967 -0.0000
vn -0.0000 -1.0000 -0.0000
vn -0.0806 -0.9967 -0.0000
vn -0.2395 -0.9485 0.2072
vn -0.2664 -0.8869 0.3774
vn -0.2347 -0.7980 0.5551
vn 0.2347 -0.7980 0.5551
vn 0.2664 -0.8869 0.3774
vn 0.2395 -0.9485 0.2072
vn 0.0795 -0.6831 0.7260
vn -0.0000 -0.6899 0.7239
vn -0.0795 -0.6831 0.7260
vn -0.2350 -0.5158 0.8239
vn -0.2748 -0.3548 0.8936
vn -0.2286 -0.1619 0.9600
vn 0.2286 -0.1619 0.9600
vn 0.2748 -0.3548 0.8936
vn 0.2350 -0.5158 0.8239
vn 0.0692 -0.0000 0.9976
vn -0.0692 -0.0000 0.9976
vn -0.2286 0.1619 0.9600
vn -0.2748 0.3548 0.8936
vn -0.2350 0.5158 0.8239
vn 0.2350 0.5158 0.8239
vn 0.2748 0.3548 0.8936
vn 0.2286 0.1619 0.9600
vn 0.0795 0.6831 0.7260
vn -0.0000 0.6899 0.7239
vn -0.0795 0.6831 0.7260
vn -0.2347 0.7980 0.5551
vn -0.2664 0.8869 0.3774
vn -0.2395 0.9485 0.2072
vn 0.2395 0.9485 0.2072
vn 0.2664 0.8869 0.3774
vn 0.2347 0.7980 0.5551
vn 0.0806 0.9967 -0.0000
vn -0.0000 1.0000 -0.0000
vn -0.0806 0.9967 -0.0000
vn -0.2395 0.9485 -0.2072
vn -0.2664 0.8869 -0.3774
vn -0.2347 0.7980 -0.5551
vn 0.2347 0.7980 -0.5551
vn 0.2664 0.8869 -0.3774
vn 0.2395 0.9485 -0.2072
vn 0.0795 0.6831 -0.7260
vn -0.0000 0.6899 -0.7239
vn -0.0795 0.6831 -0.7260
vn -0.2350 0.5158 -0.8239
vn -0.2748 0.3548 -0.8936
vn -0.2286 0.1619 -0.9600
vn 0.2286 0.1619 -0.9600
vn 0.2748 0.3548 -0.8936
vn 0.2350 0.5158 -0.8239
vn 0.1009 0.0071 -0.9949
vn 0.0963 0.0260 -0.9950
vn 0.0956 0.0371 -0.9947
vn 0.1817 0.0015 -0.9834
vn 0.1816 0.0282 -0.9830
vn 0.1815 0.0425 -0.9825
vn 0.2806 0.0088 -0.9598
vn 0.2873 0.0328 -0.9573
vn 0.2883 0.0469 -0.9564
vn 0.8238 0.0179 -0.5666
vn 0.8056 0.0646 -0.5890
vn 0.8012 0.0919 -0.5913
vn 1.0000 0.0042 -0.0000
vn 0.9970 0.0774 -0.0000
vn 0.9932 0.1164 -0.0000
vn 0.8238 0.0179 0.5666
vn 0.8056 0.0646 0.5890
vn 0.8012 0.0919 0.5913
vn 0.2806 0.0088 0.9598
vn 0.2873 0.0328 0.9573
vn 0.2883 0.0469 0.9564
vn 0.1817 0.0015 0.9834
vn 0.1816 0.0282 0.9830
vn 0.1815 0.0425 0.9825
vn 0.1009 0.0071 0.9949
vn 0.0963 0.0260 0.9950
vn 0.0956 0.0371 0.9947
vn -0.1009 0.0071 0.9949
vn -0.0963 0.0260 0.9950
vn -0.0956 0.0371 0.9947
vn -0.1817 0.0015 0.9834
vn -0.1816 0.0282 0.9830
vn -0.1815 0.0425 0.9825
vn -0.2806 0.0088 0.9598
vn -0.2873 0.0328 0.9573
vn -0.2883 0.0469 0.9564
vn 0.4827 0.0920 -0.8709
vn 0.1807 0.1018 -0.9782
vn -0.0000 0.0527 -0.9986
vn -0.1807 0.1018 -0.9782
vn -0.4827 0.0920 -0.8709
vn -0.9625 0.2712 -0.0000
vn -0.4827 0.0920 0.8709
vn -0.1807 0.1018 0.9782
vn -0.0000 0.0527 0.9986
vn 0.1807 0.1018 0.9782
vn 0.4827 0.0920 0.8709
vn 0.9625 0.2712 -0.0000
vn -0.8238 0.0179 0.5666
vn -0.8056 0.0646 0.5890
vn -0.8012 0.0919 0.5913
vn -1.0000 0.0042 -0.0000
vn -0.9970 0.0774 -0.0000
vn -0.9932 0.1164 -0.0000
vn -0.8238 0.0179 -0.5666
vn -0.8056 0.0646 -0.5890
vn -0.8012 0.0919 -0.5913
vn -0.2806 0.0088 -0.9598
vn -0.2873 0.0328 -0.9573
vn -0.2883 0.0469 -0.9564
vn -0.1817 0.0015 -0.9834
vn -0.1816 0.0282 -0.9830
vn -0.1815 0.0425 -0.9825
vn -0.1009 0.0071 -0.9949
vn -0.0963 0.0260 -0.9950
vn -0.0956 0.0371 -0.9947
vn -0.0000 -0.1041 -0.9946
vn 0.1764 -0.2395 -0.9547
vn 0.4768 -0.1801 -0.8603
vn 0.8273 -0.5617 -0.0000
vn 0.4768 -0.1801 0.8603
vn 0.1764 -0.2395 0.9547
vn -0.0000 -0.1041 0.9946
vn -0.1764 -0.2395 0.9547
vn -0.4768 -0.1801 0.8603
vn -0.8273 -0.5617 -0.0000
vn -0.4768 -0.1801 -0.8603
vn -0.1764 -0.2395 -0.9547
vn 0.1099 -0.9409 0.3202
vn 0.0573 -0.9833 0.1729
vn 0.1639 -0.9578 0.2363
vn 0.2513 -0.9102 0.3292
vn 0.1280 -0.9101 0.3942
vn -0.0028 -0.9081 0.4188
vn 0.0069 -0.9565 0.2917
vn 0.6922 -0.6656 0.2790
vn 0.7175 -0.5702 0.4000
vn 0.6493 -0.6706 0.3587
vn 0.5842 -0.7613 0.2812
vn 0.6813 -0.7049 0.1973
vn 0.7679 -0.6227 0.1505
vn 0.7630 -0.5859 0.2729
vn -0.2651 -0.9489 0.1709
vn -0.1408 -0.9853 0.0971
vn -0.1777 -0.9571 0.2290
vn -0.2371 -0.9152 0.3258
vn -0.3305 -0.9125 0.2411
vn -0.3938 -0.9124 0.1120
vn -0.2710 -0.9586 0.0875
vn -0.2651 -0.9489 -0.1709
vn -0.1408 -0.9853 -0.0971
vn -0.2710 -0.9586 -0.0875
vn -0.3938 -0.9124 -0.1120
vn -0.3305 -0.9125 -0.2411
vn -0.2371 -0.9152 -0.3258
vn -0.1777 -0.9571 -0.2290
vn 0.1099 -0.9409 -0.3202
vn 0.0573 -0.9833 -0.1729
vn 0.0069 -0.9565 -0.2917
vn -0.0028 -0.9081 -0.4188
vn 0.1280 -0.9101 -0.3942
vn 0.2513 -0.9102 -0.3292
vn 0.1639 -0.9578 -0.2363
vn 0.9049 -0.3214 0.2790
vn 0.8309 -0.3868 0.4000
vn 0.8653 -0.4204 0.2729
vn 0.9003 -0.4084 0.1505
vn 0.9352 -0.2941 0.1973
vn 0.9422 -0.1821 0.2812
vn 0.8902 -0.2808 0.3587
vn 0.0153 -0.3322 0.9431
vn -0.1191 -0.3859 0.9148
vn 0.0077 -0.4172 0.9088
vn 0.1339 -0.4079 0.9032
vn 0.0975 -0.2860 0.9533
vn 0.0222 -0.1831 0.9828
vn -0.0580 -0.2738 0.9600
vn -0.8908 -0.3225 0.3202
vn -0.9051 -0.3885 0.1729
vn -0.8586 -0.4216 0.2917
vn -0.8109 -0.4086 0.4188
vn -0.8712 -0.2925 0.3942
vn -0.9265 -0.1822 0.3292
vn -0.9299 -0.2817 0.2363
vn -0.5592 -0.3236 -0.7633
vn -0.4304 -0.3875 -0.8153
vn -0.5356 -0.4199 -0.7326
vn -0.6352 -0.4090 -0.6552
vn -0.6390 -0.2928 -0.7113
vn -0.5927 -0.1815 -0.7848
vn -0.5046 -0.2774 -0.8176
vn 0.5280 -0.3263 -0.7840
vn 0.6291 -0.3888 -0.6731
vn 0.5230 -0.4217 -0.7407
vn 0.4097 -0.4115 -0.8141
vn 0.4693 -0.2901 -0.8340
vn 0.5513 -0.1824 -0.8141
vn 0.6110 -0.2792 -0.7407
vn 0.8009 -0.1451 0.5810
vn 0.7742 -0.2873 0.5639
vn 0.8401 -0.1822 0.5110
vn 0.8761 -0.0677 0.4774
vn 0.8048 -0.0425 0.5920
vn 0.7201 -0.0695 0.6904
vn 0.7438 -0.1812 0.6434
vn -0.3040 -0.1349 0.9431
vn -0.2919 -0.2791 0.9148
vn -0.2190 -0.1743 0.9600
vn -0.1737 -0.0620 0.9828
vn -0.2994 -0.0407 0.9533
vn -0.4247 -0.0626 0.9032
vn -0.3766 -0.1798 0.9088
vn -0.9892 -0.1468 -0.0000
vn -0.9574 -0.2888 -0.0000
vn -0.9799 -0.1823 0.0814
vn -0.9889 -0.0697 0.1313
vn -0.9991 -0.0428 -0.0000
vn -0.9889 -0.0697 -0.1313
vn -0.9799 -0.1823 -0.0814
vn -0.3040 -0.1349 -0.9431
vn -0.2919 -0.2791 -0.9148
vn -0.3766 -0.1798 -0.9088
vn -0.4247 -0.0626 -0.9032
vn -0.2994 -0.0407 -0.9533
vn -0.1737 -0.0620 -0.9828
vn -0.2190 -0.1743 -0.9600
vn 0.8009 -0.1451 -0.5810
vn 0.7742 -0.2873 -0.5639
vn 0.7438 -0.1812 -0.6434
vn 0.7201 -0.0695 -0.6904
vn 0.8048 -0.0425 -0.5920
vn 0.8761 -0.0677 -0.4774
vn 0.8401 -0.1822 -0.5110
vn 0.4107 0.6645 0.6243
vn 0.3515 0.5687 0.7437
vn 0.4551 0.5835 0.6726
vn 0.5396 0.6192 0.5705
vn 0.4361 0.7057 0.5584
vn 0.3125 0.7595 0.5705
vn 0.3184 0.6680 0.6726
vn -0.4880 0.6514 0.5810
vn -0.6032 0.5640 0.5639
vn -0.4947 0.5842 0.6434
vn -0.3842 0.6130 0.6904
vn -0.3980 0.7008 0.5920
vn -0.4523 0.7533 0.4774
vn -0.5386 0.6699 0.5110
vn -0.6922 0.6656 -0.2790
vn -0.7175 0.5702 -0.4000
vn -0.7630 0.5859 -0.2729
vn -0.7679 0.6227 -0.1505
vn -0.6813 0.7049 -0.1973
vn -0.5842 0.7613 -0.2812
vn -0.6493 0.6706 -0.3587
vn 0.0393 0.6449 -0.7633
vn 0.1541 0.5582 -0.8153
vn 0.0224 0.5754 -0.8176
vn -0.1028 0.6112 -0.7848
vn -0.0239 0.7025 -0.7113
vn 0.0817 0.7510 -0.6552
vn 0.1360 0.6669 -0.7326
vn 0.7302 0.6615 -0.1709
vn 0.8183 0.5665 -0.0971
vn 0.7766 0.5869 -0.2290
vn 0.7125 0.6214 -0.3258
vn 0.6684 0.7037 -0.2411
vn 0.6399 0.7602 -0.1120
vn 0.7362 0.6711 -0.0875
vn 0.2651 0.9489 -0.1709
vn 0.3938 0.9124 -0.1120
vn 0.3305 0.9125 -0.2411
vn 0.2371 0.9152 -0.3258
vn 0.1777 0.9571 -0.2290
vn 0.1408 0.9853 -0.0971
vn 0.2710 0.9586 -0.0875
vn 0.4875 0.7889 -0.3741
vn 0.5110 0.8268 -0.2351
vn 0.5564 0.7667 -0.3203
vn 0.5784 0.6952 -0.4268
vn 0.4725 0.7645 -0.4386
vn 0.3631 0.8282 -0.4268
vn 0.4369 0.8406 -0.3203
vn 0.4107 0.6645 -0.6243
vn 0.5396 0.6192 -0.5705
vn 0.4551 0.5835 -0.6726
vn 0.3515 0.5687 -0.7437
vn 0.3184 0.6680 -0.6726
vn 0.3125 0.7595 -0.5705
vn 0.4361 0.7057 -0.5584
vn -0.1099 0.9409 -0.3202
vn 0.0028 0.9081 -0.4188
vn -0.1280 0.9101 -0.3942
vn -0.2513 0.9102 -0.3292
vn -0.1639 0.9578 -0.2363
vn -0.0573 0.9833 -0.1729
vn -0.0069 0.9565 -0.2917
vn -0.1788 0.7991 -0.5740
vn -0.0466 0.8305 -0.5551
vn -0.1299 0.7669 -0.6285
vn -0.2153 0.7040 -0.6768
vn -0.2611 0.7656 -0.5880
vn -0.2787 0.8295 -0.4840
vn -0.1660 0.8412 -0.5146
vn -0.4880 0.6514 -0.5810
vn -0.3842 0.6130 -0.6904
vn -0.4947 0.5842 -0.6434
vn -0.6032 0.5640 -0.5639
vn -0.5386 0.6699 -0.5110
vn -0.4524 0.7533 -0.4774
vn -0.3980 0.7008 -0.5920
vn -0.3111 0.9504 -0.0000
vn -0.3799 0.9157 -0.1313
vn -0.4085 0.9127 -0.0000
vn -0.3799 0.9157 0.1313
vn -0.2752 0.9580 0.0814
vn -0.1699 0.9855 -0.0000
vn -0.2751 0.9580 -0.0814
vn -0.6163 0.7875 -0.0000
vn -0.5508 0.8262 -0.1186
vn -0.6382 0.7667 -0.0701
vn -0.7186 0.6955 -0.0000
vn -0.6382 0.7667 0.0701
vn -0.5508 0.8262 0.1186
vn -0.5420 0.8404 -0.0000
vn -0.6922 0.6656 0.2790
vn -0.7679 0.6227 0.1505
vn -0.7630 0.5859 0.2729
vn -0.7175 0.5702 0.4000
vn -0.6493 0.6706 0.3587
vn -0.5842 0.7613 0.2812
vn -0.6813 0.7049 0.1973
vn -0.1099 0.9409 0.3202
vn -0.2513 0.9102 0.3292
vn -0.1280 0.9101 0.3942
vn 0.0028 0.9081 0.4188
vn -0.0069 0.9565 0.2917
vn -0.0573 0.9833 0.1729
vn -0.1639 0.9578 0.2363
vn -0.1788 0.7991 0.5740
vn -0.2787 0.8295 0.4840
vn -0.2611 0.7656 0.5880
vn -0.2152 0.7040 0.6768
vn -0.1299 0.7669 0.6285
vn -0.0466 0.8305 0.5551
vn -0.1660 0.8412 0.5146
vn 0.0393 0.6449 0.7633
vn -0.1028 0.6112 0.7847
vn 0.0224 0.5754 0.8176
vn 0.1541 0.5582 0.8153
vn 0.1360 0.6669 0.7326
vn 0.0817 0.7510 0.6552
vn -0.0239 0.7025 0.7113
vn 0.2651 0.9489 0.1709
vn 0.2371 0.9152 0.3258
vn 0.3305 0.9125 0.2411
vn 0.3938 0.9124 0.1120
vn 0.2710 0.9586 0.0875
vn 0.1408 0.9853 0.0971
vn 0.1777 0.9571 0.2290
vn 0.4875 0.7889 0.3741
vn 0.3631 0.8282 0.4268
vn 0.4725 0.7645 0.4386
vn 0.5784 0.6952 0.4268
vn 0.5564 0.7667 0.3203
vn 0.5110 0.8268 0.2351
vn 0.4369 0.8406 0.3203
vn 0.7302 0.6615 0.1709
vn 0.7125 0.6214 0.3258
vn 0.7766 0.5869 0.2290
vn 0.8183 0.5665 0.0971
vn 0.7362 0.6711 0.0875
vn 0.6399 0.7602 0.1120
vn 0.6684 0.7037 0.2411
vn 0.8908 0.3225 -0.3202
vn 0.9265 0.1822 -0.3292
vn 0.8712 0.2925 -0.3942
vn 0.8109 0.4086 -0.4188
vn 0.8586 0.4216 -0.2917
vn 0.9051 0.3885 -0.1729
vn 0.9299 0.2817 -0.2363
vn 0.7947 0.1975 -0.5740
vn 0.8666 0.1217 -0.4840
vn 0.8015 0.1088 -0.5880
vn 0.7259 0.1223 -0.6768
vn 0.7440 0.2268 -0.6285
vn 0.7636 0.3297 -0.5551
vn 0.8266 0.2278 -0.5146
vn 0.5592 0.3236 -0.7633
vn 0.5927 0.1815 -0.7848
vn 0.5046 0.2774 -0.8176
vn 0.4304 0.3875 -0.8153
vn 0.5356 0.4199 -0.7326
vn 0.6352 0.4090 -0.6552
vn 0.6390 0.2928 -0.7113
vn -0.0153 0.3322 -0.9431
vn -0.0222 0.1831 -0.9828
vn -0.0975 0.2860 -0.9533
vn -0.1339 0.4079 -0.9032
vn -0.0077 0.4172 -0.9088
vn 0.1191 0.3859 -0.9148
vn 0.0580 0.2738 -0.9600
vn -0.3036 0.1877 -0.9341
vn -0.1853 0.1145 -0.9760
vn -0.3001 0.1067 -0.9479
vn -0.4148 0.1173 -0.9023
vn -0.3642 0.2251 -0.9037
vn -0.2904 0.3185 -0.9023
vn -0.2297 0.2207 -0.9479
vn -0.5280 0.3263 -0.7840
vn -0.5513 0.1824 -0.8141
vn -0.6110 0.2792 -0.7407
vn -0.6291 0.3888 -0.6731
vn -0.5230 0.4217 -0.7407
vn -0.4097 0.4115 -0.8141
vn -0.4693 0.2901 -0.8340
vn -0.9049 0.3214 -0.2790
vn -0.9422 0.1821 -0.2812
vn -0.9352 0.2941 -0.1973
vn -0.9003 0.4084 -0.1505
vn -0.8653 0.4204 -0.2729
vn -0.8309 0.3868 -0.4000
vn -0.8902 0.2808 -0.3587
vn -0.9800 0.1990 -0.0000
vn -0.9853 0.1232 -0.1186
vn -0.9940 0.1090 -0.0000
vn -0.9853 0.1232 0.1186
vn -0.9712 0.2279 0.0701
vn -0.9434 0.3317 -0.0000
vn -0.9712 0.2279 -0.0701
vn -0.9049 0.3214 0.2790
vn -0.9422 0.1821 0.2812
vn -0.8902 0.2808 0.3587
vn -0.8309 0.3868 0.4000
vn -0.8653 0.4204 0.2729
vn -0.9003 0.4084 0.1505
vn -0.9352 0.2941 0.1973
vn -0.5280 0.3263 0.7840
vn -0.5513 0.1824 0.8141
vn -0.4693 0.2901 0.8340
vn -0.4097 0.4115 0.8141
vn -0.5230 0.4217 0.7407
vn -0.6291 0.3888 0.6731
vn -0.6110 0.2792 0.7407
vn -0.3036 0.1877 0.9341
vn -0.4148 0.1173 0.9023
vn -0.3001 0.1067 0.9479
vn -0.1853 0.1145 0.9760
vn -0.2297 0.2207 0.9479
vn -0.2904 0.3185 0.9023
vn -0.3642 0.2251 0.9037
vn -0.0153 0.3322 0.9431
vn -0.0222 0.1831 0.9828
vn 0.0580 0.2738 0.9600
vn 0.1191 0.3859 0.9148
vn -0.0077 0.4172 0.9088
vn -0.1339 0.4079 0.9032
vn -0.0975 0.2860 0.9533
vn 0.5592 0.3236 0.7633
vn 0.5927 0.1815 0.7848
vn 0.6390 0.2928 0.7113
vn 0.6352 0.4090 0.6552
vn 0.5357 0.4199 0.7326
vn 0.4304 0.3875 0.8153
vn 0.5046 0.2774 0.8176
vn 0.7947 0.1975 0.5740
vn 0.7259 0.1223 0.6768
vn 0.8015 0.1088 0.5880
vn 0.8666 0.1217 0.4840
vn 0.8266 0.2278 0.5146
vn 0.7636 0.3297 0.5551
vn 0.7440 0.2268 0.6285
vn 0.8908 0.3225 0.3202
vn 0.9265 0.1822 0.3292
vn 0.9299 0.2817 0.2363
vn 0.9051 0.3885 0.1729
vn 0.8586 0.4216 0.2917
vn 0.8109 0.4086 0.4188
vn 0.8712 0.2925 0.3942
vn 0.3040 0.1349 -0.9431
vn 0.4247 0.0626 -0.9032
vn 0.2994 0.0407 -0.9533
vn 0.1737 0.0620 -0.9828
vn 0.2190 0.1743 -0.9600
vn 0.2919 0.2791 -0.9148
vn 0.3766 0.1798 -0.9088
vn 0.3036 -0.1877 -0.9341
vn 0.4148 -0.1173 -0.9023
vn 0.3642 -0.2251 -0.9037
vn 0.2904 -0.3185 -0.9023
vn 0.2297 -0.2207 -0.9479
vn 0.1853 -0.1145 -0.9760
vn 0.3001 -0.1067 -0.9479
vn 0.0153 -0.3322 -0.9431
vn 0.1339 -0.4079 -0.9032
vn 0.0077 -0.4172 -0.9088
vn -0.1191 -0.3859 -0.9148
vn -0.0580 -0.2738 -0.9600
vn 0.0222 -0.1831 -0.9828
vn 0.0975 -0.2860 -0.9533
vn -0.8009 0.1451 -0.5810
vn -0.7201 0.0695 -0.6904
vn -0.8048 0.0425 -0.5920
vn -0.8761 0.0677 -0.4774
vn -0.8401 0.1822 -0.5110
vn -0.7742 0.2873 -0.5639
vn -0.7438 0.1812 -0.6434
vn -0.7947 -0.1975 -0.5740
vn -0.7259 -0.1223 -0.6768
vn -0.7440 -0.2268 -0.6285
vn -0.7636 -0.3297 -0.5551
vn -0.8266 -0.2278 -0.5146
vn -0.8666 -0.1217 -0.4840
vn -0.8015 -0.1088 -0.5880
vn -0.8908 -0.3225 -0.3202
vn -0.8109 -0.4086 -0.4188
vn -0.8586 -0.4216 -0.2917
vn -0.9051 -0.3885 -0.1729
vn -0.9299 -0.2817 -0.2363
vn -0.9265 -0.1822 -0.3292
vn -0.8712 -0.2925 -0.3942
vn -0.8009 0.1451 0.5810
vn -0.8761 0.0677 0.4774
vn -0.8048 0.0425 0.5920
vn -0.7201 0.0695 0.6904
vn -0.7438 0.1812 0.6434
vn -0.7742 0.2873 0.5639
vn -0.8401 0.1822 0.5110
vn -0.7947 -0.1975 0.5740
vn -0.8666 -0.1217 0.4840
vn -0.8266 -0.2278 0.5146
vn -0.7636 -0.3297 0.5551
vn -0.7440 -0.2268 0.6285
vn -0.7259 -0.1223 0.6768
vn -0.8015 -0.1088 0.5880
vn -0.5592 -0.3236 0.7633
vn -0.6352 -0.4090 0.6552
vn -0.5356 -0.4199 0.7326
vn -0.4304 -0.3875 0.8153
vn -0.5046 -0.2774 0.8176
vn -0.5927 -0.1815 0.7848
vn -0.6390 -0.2928 0.7113
vn 0.3040 0.1349 0.9431
vn 0.1737 0.0621 0.9828
vn 0.2994 0.0407 0.9533
vn 0.4247 0.0626 0.9032
vn 0.3766 0.1798 0.9088
vn 0.2919 0.2791 0.9148
vn 0.2190 0.1743 0.9600
vn 0.3036 -0.1877 0.9341
vn 0.1853 -0.1145 0.9760
vn 0.2297 -0.2207 0.9479
vn 0.2904 -0.3185 0.9023
vn 0.3642 -0.2251 0.9037
vn 0.4148 -0.1173 0.9023
vn 0.3001 -0.1067 0.9479
vn 0.5280 -0.3263 0.7840
vn 0.4097 -0.4115 0.8141
vn 0.5230 -0.4217 0.7407
vn 0.6291 -0.3888 0.6731
vn 0.6110 -0.2792 0.7407
vn 0.5513 -0.1824 0.8141
vn 0.4693 -0.2901 0.8340
vn 0.9892 0.1468 -0.0000
vn 0.9889 0.0697 0.1313
vn 0.9991 0.0428 -0.0000
vn 0.9889 0.0697 -0.1313
vn 0.9799 0.1823 -0.0814
vn 0.9574 0.2888 -0.0000
vn 0.9799 0.1823 0.0814
vn 0.9800 -0.1990 -0.0000
vn 0.9853 -0.1232 0.1186
vn 0.9712 -0.2279 0.0701
vn 0.9434 -0.3317 -0.0000
vn 0.9712 -0.2279 -0.0701
vn 0.9853 -0.1232 -0.1186
vn 0.9940 -0.1090 -0.0000
vn 0.9049 -0.3214 -0.2790
vn 0.9003 -0.4084 -0.1505
vn 0.8653 -0.4204 -0.2729
vn 0.8309 -0.3868 -0.4000
vn 0.8902 -0.2808 -0.3587
vn 0.9422 -0.1821 -0.2812
vn 0.9352 -0.2941 -0.1973
vn 0.4880 -0.6514 -0.5810
vn 0.4523 -0.7533 -0.4774
vn 0.3980 -0.7008 -0.5920
vn 0.3842 -0.6130 -0.6904
vn 0.4947 -0.5842 -0.6434
vn 0.6032 -0.5640 -0.5639
vn 0.5386 -0.6699 -0.5110
vn 0.1788 -0.7991 -0.5740
vn 0.2787 -0.8295 -0.4840
vn 0.1660 -0.8412 -0.5146
vn 0.0466 -0.8305 -0.5551
vn 0.1299 -0.7669 -0.6285
vn 0.2152 -0.7040 -0.6768
vn 0.2611 -0.7656 -0.5880
vn -0.0393 -0.6449 -0.7633
vn -0.0817 -0.7510 -0.6552
vn -0.1360 -0.6669 -0.7326
vn -0.1541 -0.5582 -0.8153
vn -0.0224 -0.5753 -0.8176
vn 0.1028 -0.6112 -0.7847
vn 0.0239 -0.7025 -0.7113
vn -0.4107 -0.6645 -0.6243
vn -0.3125 -0.7595 -0.5705
vn -0.4361 -0.7057 -0.5584
vn -0.5396 -0.6192 -0.5705
vn -0.4551 -0.5835 -0.6726
vn -0.3515 -0.5687 -0.7437
vn -0.3184 -0.6680 -0.6726
vn -0.4875 -0.7889 -0.3741
vn -0.3631 -0.8282 -0.4268
vn -0.4369 -0.8406 -0.3203
vn -0.5110 -0.8268 -0.2351
vn -0.5564 -0.7667 -0.3203
vn -0.5784 -0.6952 -0.4268
vn -0.4725 -0.7645 -0.4386
vn -0.7302 -0.6615 -0.1709
vn -0.6399 -0.7602 -0.1120
vn -0.7362 -0.6711 -0.0875
vn -0.8183 -0.5665 -0.0971
vn -0.7766 -0.5869 -0.2290
vn -0.7125 -0.6214 -0.3258
vn -0.6684 -0.7037 -0.2411
vn -0.7302 -0.6615 0.1709
vn -0.6399 -0.7602 0.1120
vn -0.6684 -0.7037 0.2411
vn -0.7125 -0.6214 0.3258
vn -0.7766 -0.5869 0.2290
vn -0.8183 -0.5665 0.0971
vn -0.7362 -0.6711 0.0875
vn -0.4875 -0.7889 0.3741
vn -0.5110 -0.8268 0.2351
vn -0.4369 -0.8406 0.3203
vn -0.3631 -0.8282 0.4268
vn -0.4725 -0.7645 0.4386
vn -0.5784 -0.6952 0.4268
vn -0.5564 -0.7667 0.3203
vn -0.4107 -0.6645 0.6243
vn -0.3125 -0.7595 0.5705
vn -0.3184 -0.6680 0.6726
vn -0.3515 -0.5687 0.7437
vn -0.4551 -0.5835 0.6726
vn -0.5396 -0.6192 0.5705
vn -0.4361 -0.7057 0.5584
vn 0.6922 -0.6656 -0.2790
vn 0.7679 -0.6227 -0.1505
vn 0.6813 -0.7049 -0.1973
vn 0.5842 -0.7613 -0.2812
vn 0.6493 -0.6706 -0.3587
vn 0.7175 -0.5702 -0.4000
vn 0.7630 -0.5859 -0.2729
vn 0.6163 -0.7875 -0.0000
vn 0.7186 -0.6955 -0.0000
vn 0.6382 -0.7667 0.0701
vn 0.5508 -0.8262 0.1186
vn 0.5420 -0.8404 -0.0000
vn 0.5508 -0.8262 -0.1186
vn 0.6382 -0.7667 -0.0701
vn 0.3111 -0.9504 -0.0000
vn 0.3799 -0.9157 0.1313
vn 0.2752 -0.9580 0.0814
vn 0.1699 -0.9855 -0.0000
vn 0.2751 -0.9580 -0.0814
vn 0.3799 -0.9157 -0.1313
vn 0.4085 -0.9127 -0.0000
vn -0.0393 -0.6449 0.7633
vn -0.0817 -0.7510 0.6552
vn 0.0238 -0.7025 0.7113
vn 0.1028 -0.6112 0.7847
vn -0.0224 -0.5754 0.8176
vn -0.1541 -0.5582 0.8153
vn -0.1360 -0.6669 0.7326
vn 0.1788 -0.7991 0.5740
vn 0.0466 -0.8305 0.5551
vn 0.1660 -0.8412 0.5146
vn 0.2787 -0.8295 0.4840
vn 0.2611 -0.7656 0.5880
vn 0.2152 -0.7040 0.6768
vn 0.1299 -0.7669 0.6285
vn 0.4880 -0.6514 0.5810
vn 0.4524 -0.7533 0.4774
vn 0.5386 -0.6699 0.5110
vn 0.6032 -0.5640 0.5639
vn 0.4947 -0.5842 0.6434
vn 0.3842 -0.6130 0.6904
vn 0.3980 -0.7008 0.5920
vn -0.0882 -0.2401 -0.9667
vn -0.0000 -0.2251 -0.9743
vn 0.0882 -0.2401 -0.9667
vn -0.1022 -0.3752 -0.9213
vn -0.0000 -0.3762 -0.9265
vn 0.1022 -0.3752 -0.9213
vn -0.0903 -0.4917 -0.8661
vn -0.0000 -0.5026 -0.8645
vn 0.0903 -0.4917 -0.8661
vn -0.0892 -0.8561 -0.5091
vn -0.0000 -0.8521 -0.5233
vn 0.0892 -0.8561 -0.5091
vn -0.0995 -0.9183 -0.3831
vn -0.0000 -0.9228 -0.3852
vn 0.0995 -0.9183 -0.3831
vn -0.0904 -0.9626 -0.2555
vn -0.0000 -0.9697 -0.2443
vn 0.0904 -0.9626 -0.2555
vn -0.0904 -0.9626 0.2555
vn -0.0000 -0.9697 0.2443
vn 0.0904 -0.9626 0.2555
vn -0.0995 -0.9183 0.3831
vn -0.0000 -0.9228 0.3852
vn 0.0995 -0.9183 0.3831
vn -0.0892 -0.8561 0.5091
vn -0.0000 -0.8521 0.5233
vn 0.0892 -0.8561 0.5091
vn -0.0903 -0.4917 0.8661
vn -0.0000 -0.5026 0.8645
vn 0.0903 -0.4917 0.8661
vn -0.1022 -0.3752 0.9213
vn -0.0000 -0.3762 0.9265
vn 0.1022 -0.3752 0.9213
vn -0.0882 -0.2401 0.9667
vn -0.0000 -0.2251 0.9743
vn 0.0882 -0.2401 0.9667
vn -0.0882 0.2401 0.9667
vn -0.0000 0.2251 0.9743
vn 0.0882 0.2401 0.9667
vn -0.1022 0.3752 0.9213
vn -0.0000 0.3762 0.9265
vn 0.1022 0.3752 0.9213
vn -0.0903 0.4917 0.8661
vn -0.0000 0.5026 0.8645
vn 0.0903 0.4917 0.8661
vn -0.0892 0.8561 0.5091
vn -0.0000 0.8521 0.5233
vn 0.0892 0.8561 0.5091
vn -0.0995 0.9183 0.3831
vn -0.0000 0.9228 0.3852
vn 0.0995 0.9183 0.3831
vn -0.0904 0.9626 0.2555
vn -0.0000 0.9697 0.2443
vn 0.0904 0.9626 0.2555
vn 1.0000 -0.0000 -0.0000
vn 0.4404 -0.6115 -0.6573
vn 0.6169 -0.2578 -0.7436
vn 0.3891 -0.0000 -0.9212
vn 0.6169 0.2578 -0.7436
vn 0.4404 0.6115 -0.6573
vn 0.5985 0.7156 -0.3602
vn 0.4865 0.8737 -0.0000
vn 0.5985 0.7156 0.3602
vn 0.4404 0.6115 0.6573
vn 0.6169 0.2578 0.7436
vn 0.3891 -0.0000 0.9212
vn 0.6169 -0.2578 0.7436
vn 0.4404 -0.6115 0.6573
vn 0.5985 -0.7156 0.3602
vn 0.4865 -0.8737 -0.0000
vn 0.5985 -0.7156 -0.3602
vn -0.0904 0.9626 -0.2555
vn -0.0000 0.9697 -0.2443
vn 0.0904 0.9626 -0.2555
vn -0.0995 0.9183 -0.3831
vn -0.0000 0.9228 -0.3852
vn 0.0995 0.9183 -0.3831
vn -0.0892 0.8561 -0.5091
vn -0.0000 0.8521 -0.5233
vn 0.0892 0.8561 -0.5091
vn -0.0903 0.4917 -0.8661
vn -0.0000 0.5026 -0.8645
vn 0.0903 0.4917 -0.8661
vn -0.1022 0.3752 -0.9213
vn -0.0000 0.3762 -0.9265
vn 0.1022 0.3752 -0.9213
vn -0.0882 0.2401 -0.9667
vn -0.0000 0.2251 -0.9743
vn 0.0882 0.2401 -0.9667
vn -1.0000 -0.0000 -0.0000
vn -0.3891 -0.0000 -0.9212
vn -0.6169 -0.2578 -0.7436
vn -0.4404 -0.6115 -0.6573
vn -0.5985 -0.7156 -0.3602
vn -0.4865 -0.8737 -0.0000
vn -0.5985 -0.7156 0.3602
vn -0.4404 -0.6115 0.6573
vn -0.6169 -0.2578 0.7436
vn -0.3891 -0.0000 0.9212
vn -0.6169 0.2578 0.7436
vn -0.4404 0.6115 0.6574
vn -0.5985 0.7156 0.3602
vn -0.4865 0.8737 -0.0000
vn -0.5985 0.7156 -0.3602
vn -0.4404 0.6115 -0.6573
vn -0.6169 0.2578 -0.7436
vt 0.958333 0.625000
vt 0.958333 0.750000
vt 0.916667 0.750000
vt 0.916667 0.625000
vt 0.958333 0.875000
vt 0.916667 0.875000
vt 0.875000 0.750000
vt 0.875000 0.625000
vt 0.875000 0.875000
vt 1.000000 0.500000
vt 1.000000 0.625000
vt 0.958333 0.500000
vt 1.000000 0.750000
vt 1.000000 0.875000
vt 1.000000 1.000000
vt 0.958333 1.000000
vt 0.916667 1.000000
vt 0.875000 1.000000
vt 0.833333 1.000000
vt 0.833333 0.875000
vt 0.833333 0.750000
vt 0.833333 0.625000
vt 0.875000 0.500000
vt 0.833333 0.500000
vt 0.916667 0.500000
vt 0.791667 0.625000
vt 0.791667 0.750000
vt 0.750000 0.750000
vt 0.750000 0.625000
vt 0.791667 0.875000
vt 0.750000 0.875000
vt 0.708333 0.750000
vt 0.708333 0.625000
vt 0.708333 0.875000
vt 0.791667 0.500000
vt 0.791667 1.000000
vt 0.750000 1.000000
vt 0.708333 1.000000
vt 0.666667 1.000000
vt 0.666667 0.875000
vt 0.666667 0.750000
vt 0.666667 0.625000
vt 0.708333 0.500000
vt 0.666667 0.500000
vt 0.750000 0.500000
vt 0.625000 0.625000
vt 0.625000 0.750000
vt 0.583333 0.750000
vt 0.583333 0.625000
vt 0.625000 0.875000
vt 0.583333 0.875000
vt 0.541667 0.750000
vt 0.541667 0.625000
vt 0.541667 0.875000
vt 0.625000 0.500000
vt 0.625000 1.000000
vt 0.583333 1.000000
vt 0.541667 1.000000
vt 0.500000 1.000000
vt 0.500000 0.875000
vt 0.500000 0.750000
vt 0.500000 0.625000
vt 0.541667 0.500000
vt 0.500000 0.500000
vt 0.583333 0.500000
vt 0.458333 0.625000
vt 0.458333 0.750000
vt 0.416667 0.750000
vt 0.416667 0.625000
vt 0.458333 0.875000
vt 0.416667 0.875000
vt 0.375000 0.750000
vt 0.375000 0.625000
vt 0.375000 0.875000
vt 0.458333 0.500000
vt 0.458333 1.000000
vt 0.416667 1.000000
vt 0.375000 1.000000
vt 0.333333 1.000000
vt 0.333333 0.875000
vt 0.333333 0.750000
vt 0.333333 0.625000
vt 0.375000 0.500000
vt 0.333333 0.500000
vt 0.416667 0.500000
vt 0.382069 0.326250
vt 0.309359 0.352813
vt 0.250000 0.250000
vt 0.368718 0.250000
vt 0.250000 0.402500
vt 0.190641 0.352813
vt 0.117931 0.326250
vt 0.131282 0.250000
vt 0.117931 0.173750
vt 0.190641 0.147188
vt 0.250000 0.097500
vt 0.309359 0.147188
vt 0.382069 0.173750
vt 0.457846 0.370000
vt 0.405885 0.400000
vt 0.457846 0.310000
vt 0.353923 0.430000
vt 0.457846 0.250000
vt 0.250000 0.490000
vt 0.198039 0.460000
vt 0.301962 0.460000
vt 0.146077 0.430000
vt 0.042154 0.370000
vt 0.042154 0.310000
vt 0.094115 0.400000
vt 0.042154 0.250000
vt 0.042154 0.130000
vt 0.094115 0.100000
vt 0.042154 0.190000
vt 0.146077 0.070000
vt 0.250000 0.010000
vt 0.301962 0.040000
vt 0.198039 0.040000
vt 0.353923 0.070000
vt 0.457846 0.130000
vt 0.457846 0.190000
vt 0.405885 0.100000
vt 0.291667 0.625000
vt 0.291667 0.750000
vt 0.250000 0.750000
vt 0.250000 0.625000
vt 0.291667 0.875000
vt 0.250000 0.875000
vt 0.208333 0.750000
vt 0.208333 0.625000
vt 0.208333 0.875000
vt 0.291667 0.500000
vt 0.291667 1.000000
vt 0.250000 1.000000
vt 0.208333 1.000000
vt 0.166667 1.000000
vt 0.166667 0.875000
vt 0.166667 0.750000
vt 0.166667 0.625000
vt 0.208333 0.500000
vt 0.166667 0.500000
vt 0.250000 0.500000
vt 0.125000 0.625000
vt 0.125000 0.750000
vt 0.083333 0.750000
vt 0.083333 0.625000
vt 0.125000 0.875000
vt 0.083333 0.875000
vt 0.041667 0.750000
vt 0.041667 0.625000
vt 0.041667 0.875000
vt 0.125000 0.500000
vt 0.125000 1.000000
vt 0.083333 1.000000
vt 0.041667 1.000000
vt -0.000000 1.000000
vt -0.000000 0.875000
vt -0.000000 0.750000
vt -0.000000 0.625000
vt 0.041667 0.500000
vt -0.000000 0.500000
vt 0.083333 0.500000
vt 0.750000 0.402500
vt 0.809359 0.352813
vt 0.750000 0.250000
vt 0.690641 0.352813
vt 0.882069 0.326250
vt 0.868718 0.250000
vt 0.882069 0.173750
vt 0.809359 0.147188
vt 0.750000 0.097500
vt 0.690641 0.147188
vt 0.617931 0.173750
vt 0.631282 0.250000
vt 0.617931 0.326250
vt 0.750000 0.490000
vt 0.801962 0.460000
vt 0.698039 0.460000
vt 0.853923 0.430000
vt 0.646077 0.430000
vt 0.957846 0.370000
vt 0.957846 0.310000
vt 0.905885 0.400000
vt 0.957846 0.250000
vt 0.957846 0.130000
vt 0.905885 0.100000
vt 0.957846 0.190000
vt 0.853923 0.070000
vt 0.750000 0.010000
vt 0.698039 0.040000
vt 0.801962 0.040000
vt 0.646077 0.070000
vt 0.542154 0.130000
vt 0.542154 0.190000
vt 0.594116 0.100000
vt 0.542154 0.250000
vt 0.542154 0.370000
vt 0.594116 0.400000
vt 0.542154 0.310000
vt 0.181819 0.032987
vt 0.191644 0.046815
vt 0.181819 0.052487
vt 0.171994 0.046815
vt 0.198391 0.062237
vt 0.181819 0.063832
vt 0.165247 0.062237
vt 0.181819 0.000000
vt 0.193183 0.019683
vt 0.170455 0.019683
vt 0.204546 0.039365
vt 0.159092 0.039365
vt 0.227273 0.078731
vt 0.201350 0.078799
vt 0.215910 0.059048
vt 0.181819 0.078731
vt 0.136365 0.078731
vt 0.147728 0.059048
vt 0.162288 0.078799
vt 0.301611 0.140968
vt 0.308358 0.125545
vt 0.318182 0.131218
vt 0.318183 0.142562
vt 0.318340 0.111991
vt 0.328007 0.125545
vt 0.334597 0.140694
vt 0.272728 0.157461
vt 0.284092 0.137778
vt 0.298651 0.157529
vt 0.295455 0.118096
vt 0.318182 0.157461
vt 0.318182 0.078731
vt 0.331203 0.101147
vt 0.306819 0.098413
vt 0.340910 0.118096
vt 0.363637 0.157461
vt 0.337674 0.157461
vt 0.350656 0.134976
vt 0.909091 0.032987
vt 0.918916 0.046815
vt 0.909091 0.052487
vt 0.899266 0.046815
vt 0.925663 0.062237
vt 0.909091 0.063832
vt 0.892519 0.062237
vt 0.909091 0.000000
vt 0.920455 0.019683
vt 0.897727 0.019683
vt 0.931818 0.039365
vt 0.886364 0.039365
vt 0.954545 0.078731
vt 0.928622 0.078799
vt 0.943182 0.059048
vt 0.909091 0.078731
vt 0.863636 0.078731
vt 0.875000 0.059048
vt 0.889560 0.078799
vt 0.727273 0.032987
vt 0.737098 0.046815
vt 0.727273 0.052487
vt 0.717448 0.046815
vt 0.743845 0.062237
vt 0.727273 0.063832
vt 0.710701 0.062237
vt 0.727273 0.000000
vt 0.738637 0.019683
vt 0.715909 0.019683
vt 0.750000 0.039365
vt 0.704546 0.039365
vt 0.772727 0.078731
vt 0.746804 0.078799
vt 0.761364 0.059048
vt 0.727273 0.078731
vt 0.681818 0.078731
vt 0.693182 0.059048
vt 0.707742 0.078799
vt 0.545455 0.032987
vt 0.555280 0.046815
vt 0.545455 0.052487
vt 0.535630 0.046815
vt 0.562027 0.062237
vt 0.545455 0.063832
vt 0.528883 0.062237
vt 0.545455 0.000000
vt 0.556819 0.019683
vt 0.534091 0.019683
vt 0.568182 0.039365
vt 0.522728 0.039365
vt 0.590909 0.078731
vt 0.564986 0.078799
vt 0.579546 0.059048
vt 0.545455 0.078731
vt 0.500000 0.078731
vt 0.511364 0.059048
vt 0.525924 0.078799
vt 0.301768 0.174228
vt 0.318183 0.172360
vt 0.318182 0.183704
vt 0.308358 0.189377
vt 0.334597 0.174228
vt 0.328007 0.189377
vt 0.318183 0.202658
vt 0.285709 0.179946
vt 0.295455 0.196826
vt 0.350656 0.179946
vt 0.340910 0.196826
vt 0.318183 0.236191
vt 0.305201 0.213707
vt 0.331164 0.213706
vt 0.119950 0.174228
vt 0.136365 0.172360
vt 0.136365 0.183704
vt 0.126540 0.189377
vt 0.152779 0.174228
vt 0.146189 0.189377
vt 0.136364 0.202658
vt 0.090910 0.157461
vt 0.116833 0.157529
vt 0.103931 0.179877
vt 0.136365 0.157461
vt 0.113637 0.196826
vt 0.181819 0.157461
vt 0.168838 0.179946
vt 0.155856 0.157461
vt 0.159092 0.196826
vt 0.136364 0.236191
vt 0.123383 0.213707
vt 0.149346 0.213706
vt 0.847223 0.174228
vt 0.863636 0.172360
vt 0.863636 0.183704
vt 0.853812 0.189377
vt 0.880051 0.174228
vt 0.873461 0.189377
vt 0.863637 0.202658
vt 0.818182 0.157461
vt 0.844105 0.157529
vt 0.831163 0.179946
vt 0.863636 0.157461
vt 0.840909 0.196826
vt 0.909091 0.157461
vt 0.896110 0.179946
vt 0.883128 0.157461
vt 0.886364 0.196826
vt 0.863637 0.236191
vt 0.850655 0.213707
vt 0.876618 0.213706
vt 0.665404 0.174228
vt 0.681819 0.172360
vt 0.681818 0.183704
vt 0.671994 0.189377
vt 0.698233 0.174228
vt 0.691643 0.189377
vt 0.681819 0.202658
vt 0.636364 0.157461
vt 0.662287 0.157529
vt 0.649345 0.179946
vt 0.681819 0.157461
vt 0.659091 0.196826
vt 0.727273 0.157461
vt 0.714292 0.179946
vt 0.701310 0.157461
vt 0.704546 0.196826
vt 0.681819 0.236191
vt 0.668837 0.213707
vt 0.694800 0.213706
vt 0.483586 0.174228
vt 0.500001 0.172360
vt 0.500001 0.183704
vt 0.490176 0.189377
vt 0.516415 0.174228
vt 0.509825 0.189377
vt 0.500001 0.202658
vt 0.454546 0.157461
vt 0.480469 0.157529
vt 0.467527 0.179946
vt 0.500001 0.157461
vt 0.477273 0.196826
vt 0.545455 0.157461
vt 0.532474 0.179946
vt 0.519492 0.157461
vt 0.522728 0.196826
vt 0.500001 0.236191
vt 0.487019 0.213707
vt 0.512982 0.213706
vt 0.272728 0.190994
vt 0.282553 0.204275
vt 0.272728 0.209948
vt 0.262903 0.204275
vt 0.289142 0.219424
vt 0.272728 0.221292
vt 0.256314 0.219424
vt 0.259747 0.179946
vt 0.250001 0.196826
vt 0.292220 0.236191
vt 0.272728 0.236191
vt 0.227274 0.236191
vt 0.240255 0.213707
vt 0.253236 0.236191
vt 0.091068 0.190721
vt 0.100735 0.204275
vt 0.090910 0.209948
vt 0.081085 0.204275
vt 0.107324 0.219424
vt 0.090910 0.221292
vt 0.074338 0.219698
vt 0.079546 0.177144
vt 0.068183 0.196826
vt 0.110402 0.236191
vt 0.090910 0.236191
vt 0.045455 0.236191
vt 0.056819 0.216509
vt 0.071378 0.236259
vt 0.818182 0.190994
vt 0.828007 0.204275
vt 0.818182 0.209948
vt 0.808357 0.204275
vt 0.834596 0.219424
vt 0.818182 0.221292
vt 0.801768 0.219424
vt 0.805201 0.179946
vt 0.795455 0.196826
vt 0.837674 0.236191
vt 0.818182 0.236191
vt 0.772728 0.236191
vt 0.785709 0.213707
vt 0.798690 0.236191
vt 0.636364 0.190994
vt 0.646189 0.204275
vt 0.636364 0.209948
vt 0.626539 0.204275
vt 0.652778 0.219424
vt 0.636364 0.221292
vt 0.619950 0.219424
vt 0.623383 0.179946
vt 0.613637 0.196826
vt 0.655856 0.236191
vt 0.636364 0.236191
vt 0.590910 0.236191
vt 0.603891 0.213707
vt 0.616872 0.236191
vt 0.454546 0.190994
vt 0.464371 0.204275
vt 0.454546 0.209948
vt 0.444721 0.204275
vt 0.470960 0.219424
vt 0.454546 0.221292
vt 0.438132 0.219424
vt 0.441565 0.179946
vt 0.431819 0.196826
vt 0.474038 0.236191
vt 0.454546 0.236191
vt 0.409092 0.236191
vt 0.422073 0.213707
vt 0.435054 0.236191
vt 0.210702 0.331414
vt 0.227274 0.329820
vt 0.227274 0.341165
vt 0.217449 0.346837
vt 0.243688 0.331688
vt 0.237098 0.346837
vt 0.227431 0.360392
vt 0.181819 0.314921
vt 0.207742 0.314853
vt 0.193183 0.334604
vt 0.227274 0.314921
vt 0.204546 0.354286
vt 0.272728 0.314921
vt 0.259747 0.337406
vt 0.246765 0.314921
vt 0.250001 0.354286
vt 0.227273 0.393651
vt 0.215910 0.373969
vt 0.240294 0.371235
vt 0.028883 0.331414
vt 0.045455 0.329820
vt 0.045455 0.341165
vt 0.035630 0.346837
vt 0.061869 0.331688
vt 0.055280 0.346837
vt 0.045613 0.360392
vt 0.000000 0.314921
vt 0.025884 0.314921
vt 0.011364 0.334604
vt 0.045455 0.314921
vt 0.022728 0.354286
vt 0.090910 0.314921
vt 0.077928 0.337406
vt 0.064947 0.314921
vt 0.068182 0.354286
vt 0.045455 0.393651
vt 0.034091 0.373969
vt 0.058476 0.371235
vt 0.756156 0.331414
vt 0.772728 0.329820
vt 0.772727 0.341165
vt 0.762903 0.346837
vt 0.789142 0.331688
vt 0.782552 0.346837
vt 0.772885 0.360392
vt 0.727273 0.314921
vt 0.753196 0.314853
vt 0.738637 0.334604
vt 0.772728 0.314921
vt 0.750000 0.354286
vt 0.818182 0.314921
vt 0.805201 0.337406
vt 0.792219 0.314921
vt 0.795455 0.354286
vt 0.772727 0.393651
vt 0.761364 0.373969
vt 0.785748 0.371235
vt 0.574338 0.331414
vt 0.590909 0.329820
vt 0.590909 0.341165
vt 0.581085 0.346837
vt 0.607324 0.331688
vt 0.600734 0.346837
vt 0.591067 0.360392
vt 0.545455 0.314921
vt 0.571378 0.314853
vt 0.556819 0.334604
vt 0.590910 0.314921
vt 0.568182 0.354286
vt 0.636364 0.314921
vt 0.623383 0.337406
vt 0.610401 0.314921
vt 0.613637 0.354286
vt 0.590909 0.393651
vt 0.579546 0.373969
vt 0.603930 0.371235
vt 0.392520 0.331414
vt 0.409092 0.329820
vt 0.409092 0.341165
vt 0.399267 0.346837
vt 0.425506 0.331688
vt 0.418916 0.346837
vt 0.409249 0.360392
vt 0.363637 0.314921
vt 0.389560 0.314853
vt 0.375001 0.334604
vt 0.409092 0.314921
vt 0.386364 0.354286
vt 0.454546 0.314921
vt 0.441565 0.337406
vt 0.428583 0.314921
vt 0.431819 0.354286
vt 0.409092 0.393651
vt 0.397728 0.373969
vt 0.422112 0.371235
vt 0.437974 0.410145
vt 0.454546 0.408550
vt 0.454546 0.419895
vt 0.444721 0.425567
vt 0.471118 0.410145
vt 0.464371 0.425567
vt 0.454546 0.439395
vt 0.435015 0.393583
vt 0.420455 0.413334
vt 0.454546 0.393652
vt 0.431819 0.433017
vt 0.500000 0.393651
vt 0.488637 0.413334
vt 0.474077 0.393583
vt 0.477273 0.433017
vt 0.454546 0.472382
vt 0.443182 0.452699
vt 0.465910 0.452699
vt 0.438132 0.376885
vt 0.444721 0.361736
vt 0.454546 0.367408
vt 0.454546 0.378753
vt 0.454546 0.348454
vt 0.464371 0.361736
vt 0.470960 0.376885
vt 0.467527 0.337406
vt 0.477273 0.354286
vt 0.486980 0.371235
vt 0.483586 0.331688
vt 0.500000 0.329820
vt 0.500000 0.341165
vt 0.490176 0.346837
vt 0.516572 0.331414
vt 0.509825 0.346837
vt 0.499843 0.360392
vt 0.480509 0.314921
vt 0.500001 0.314921
vt 0.534091 0.334604
vt 0.519532 0.314853
vt 0.522728 0.354286
vt 0.511364 0.373969
vt 0.619792 0.410145
vt 0.636364 0.408550
vt 0.636364 0.419895
vt 0.626539 0.425567
vt 0.652936 0.410145
vt 0.646189 0.425567
vt 0.636364 0.439395
vt 0.616833 0.393583
vt 0.602273 0.413334
vt 0.636364 0.393652
vt 0.613637 0.433017
vt 0.681818 0.393651
vt 0.670455 0.413334
vt 0.655895 0.393583
vt 0.659091 0.433017
vt 0.636364 0.472382
vt 0.625000 0.452699
vt 0.647728 0.452699
vt 0.619950 0.376885
vt 0.626539 0.361736
vt 0.636364 0.367408
vt 0.636364 0.378753
vt 0.636364 0.348454
vt 0.646189 0.361736
vt 0.652778 0.376885
vt 0.649345 0.337406
vt 0.659091 0.354286
vt 0.668798 0.371235
vt 0.665404 0.331688
vt 0.681819 0.329820
vt 0.681818 0.341165
vt 0.671994 0.346837
vt 0.698391 0.331414
vt 0.691643 0.346837
vt 0.681661 0.360392
vt 0.662327 0.314921
vt 0.681819 0.314921
vt 0.715909 0.334604
vt 0.701350 0.314853
vt 0.704546 0.354286
vt 0.693182 0.373969
vt 0.801610 0.410145
vt 0.818182 0.408550
vt 0.818182 0.419895
vt 0.808357 0.425567
vt 0.834754 0.410145
vt 0.828007 0.425567
vt 0.818182 0.439395
vt 0.798651 0.393583
vt 0.784091 0.413334
vt 0.818182 0.393652
vt 0.795455 0.433017
vt 0.863636 0.393651
vt 0.852273 0.413334
vt 0.837713 0.393583
vt 0.840909 0.433017
vt 0.818182 0.472382
vt 0.806818 0.452699
vt 0.829546 0.452699
vt 0.801768 0.376885
vt 0.808357 0.361736
vt 0.818182 0.367408
vt 0.818182 0.378753
vt 0.818182 0.348454
vt 0.828007 0.361736
vt 0.834596 0.376885
vt 0.831163 0.337406
vt 0.840909 0.354286
vt 0.850616 0.371235
vt 0.847222 0.331688
vt 0.863637 0.329820
vt 0.863636 0.341165
vt 0.853812 0.346837
vt 0.880209 0.331414
vt 0.873461 0.346837
vt 0.863479 0.360392
vt 0.844145 0.314921
vt 0.863637 0.314921
vt 0.909091 0.314921
vt 0.897727 0.334604
vt 0.883168 0.314853
vt 0.886364 0.354286
vt 0.875000 0.373969
vt 0.074338 0.410145
vt 0.090910 0.408550
vt 0.090910 0.419895
vt 0.081085 0.425567
vt 0.107482 0.410145
vt 0.100735 0.425567
vt 0.090910 0.439395
vt 0.071378 0.393583
vt 0.056819 0.413334
vt 0.090910 0.393652
vt 0.068183 0.433017
vt 0.136365 0.393651
vt 0.125001 0.413334
vt 0.110441 0.393583
vt 0.113637 0.433017
vt 0.090910 0.472382
vt 0.079546 0.452699
vt 0.102274 0.452699
vt 0.074495 0.376885
vt 0.081085 0.361736
vt 0.090910 0.367408
vt 0.090910 0.378753
vt 0.090910 0.348454
vt 0.100735 0.361736
vt 0.107324 0.376885
vt 0.103891 0.337406
vt 0.113637 0.354286
vt 0.123344 0.371235
vt 0.119950 0.331688
vt 0.136364 0.329820
vt 0.136364 0.341165
vt 0.126540 0.346837
vt 0.152936 0.331414
vt 0.146189 0.346837
vt 0.136207 0.360392
vt 0.116872 0.314921
vt 0.136364 0.314921
vt 0.170455 0.334604
vt 0.155896 0.314853
vt 0.159092 0.354286
vt 0.147728 0.373969
vt 0.256156 0.410145
vt 0.272728 0.408550
vt 0.272728 0.419895
vt 0.262903 0.425567
vt 0.289300 0.410145
vt 0.282553 0.425567
vt 0.272728 0.439395
vt 0.253197 0.393583
vt 0.238637 0.413334
vt 0.272728 0.393652
vt 0.250001 0.433017
vt 0.318182 0.393651
vt 0.306819 0.413334
vt 0.292259 0.393583
vt 0.295455 0.433017
vt 0.272728 0.472382
vt 0.261364 0.452699
vt 0.284092 0.452699
vt 0.256314 0.376885
vt 0.262903 0.361736
vt 0.272728 0.367408
vt 0.272728 0.378753
vt 0.272728 0.348454
vt 0.282553 0.361736
vt 0.289142 0.376885
vt 0.285709 0.337406
vt 0.295455 0.354286
vt 0.305162 0.371235
vt 0.301768 0.331688
vt 0.318182 0.329820
vt 0.318182 0.341165
vt 0.308358 0.346837
vt 0.334754 0.331414
vt 0.328007 0.346837
vt 0.318025 0.360392
vt 0.298691 0.314921
vt 0.318182 0.314921
vt 0.352273 0.334604
vt 0.337714 0.314853
vt 0.340910 0.354286
vt 0.329546 0.373969
vt 0.409092 0.269724
vt 0.418916 0.283005
vt 0.409092 0.288678
vt 0.399267 0.283005
vt 0.425506 0.298155
vt 0.409092 0.300023
vt 0.392677 0.298154
vt 0.422073 0.258676
vt 0.396110 0.258676
vt 0.431819 0.275556
vt 0.386364 0.275556
vt 0.441565 0.292437
vt 0.376618 0.292437
vt 0.438132 0.252958
vt 0.454546 0.251090
vt 0.454546 0.262434
vt 0.444721 0.268107
vt 0.470960 0.252958
vt 0.464371 0.268107
vt 0.454546 0.281388
vt 0.487019 0.258676
vt 0.477273 0.275556
vt 0.467527 0.292437
vt 0.500001 0.269724
vt 0.509825 0.283005
vt 0.500000 0.288678
vt 0.490176 0.283005
vt 0.516415 0.298154
vt 0.500001 0.300023
vt 0.483586 0.298154
vt 0.512982 0.258676
vt 0.522728 0.275556
vt 0.532474 0.292436
vt 0.590910 0.269724
vt 0.600734 0.283005
vt 0.590910 0.288678
vt 0.581085 0.283005
vt 0.607324 0.298155
vt 0.590909 0.300023
vt 0.574495 0.298154
vt 0.603891 0.258676
vt 0.577928 0.258676
vt 0.613637 0.275556
vt 0.568182 0.275556
vt 0.623383 0.292437
vt 0.558436 0.292437
vt 0.619950 0.252958
vt 0.636364 0.251090
vt 0.636364 0.262434
vt 0.626539 0.268107
vt 0.652778 0.252958
vt 0.646189 0.268107
vt 0.636364 0.281388
vt 0.668837 0.258676
vt 0.659091 0.275556
vt 0.649345 0.292437
vt 0.681819 0.269724
vt 0.691643 0.283005
vt 0.681819 0.288678
vt 0.671994 0.283005
vt 0.698233 0.298154
vt 0.681819 0.300023
vt 0.665404 0.298154
vt 0.694800 0.258676
vt 0.704546 0.275556
vt 0.714292 0.292436
vt 0.772728 0.269724
vt 0.782552 0.283005
vt 0.772728 0.288678
vt 0.762903 0.283005
vt 0.789142 0.298155
vt 0.772728 0.300023
vt 0.756313 0.298154
vt 0.785709 0.258676
vt 0.759746 0.258676
vt 0.795455 0.275556
vt 0.750000 0.275556
vt 0.805201 0.292437
vt 0.740254 0.292437
vt 0.801768 0.252958
vt 0.818182 0.251090
vt 0.818182 0.262434
vt 0.808357 0.268107
vt 0.834596 0.252958
vt 0.828007 0.268107
vt 0.818182 0.281388
vt 0.850655 0.258676
vt 0.840909 0.275556
vt 0.831163 0.292437
vt 0.863637 0.269724
vt 0.873461 0.283005
vt 0.863636 0.288678
vt 0.853812 0.283005
vt 0.880051 0.298154
vt 0.863636 0.300023
vt 0.847223 0.298154
vt 0.876618 0.258676
vt 0.886364 0.275556
vt 0.896070 0.292505
vt 0.045613 0.269451
vt 0.055280 0.283005
vt 0.045455 0.288678
vt 0.035630 0.283005
vt 0.061869 0.298154
vt 0.045455 0.300023
vt 0.028883 0.298428
vt 0.058476 0.258607
vt 0.034091 0.255874
vt 0.068182 0.275556
vt 0.022728 0.275556
vt 0.077928 0.292437
vt 0.011364 0.295239
vt 0.074495 0.252958
vt 0.090910 0.251090
vt 0.090910 0.262434
vt 0.081085 0.268107
vt 0.107324 0.252958
vt 0.100735 0.268107
vt 0.090910 0.281388
vt 0.123383 0.258676
vt 0.113637 0.275556
vt 0.103891 0.292437
vt 0.136364 0.269724
vt 0.146189 0.283005
vt 0.136364 0.288678
vt 0.126540 0.283005
vt 0.152779 0.298154
vt 0.136364 0.300023
vt 0.119950 0.298154
vt 0.149346 0.258676
vt 0.159092 0.275556
vt 0.168838 0.292436
vt 0.227274 0.269724
vt 0.237098 0.283005
vt 0.227274 0.288678
vt 0.217449 0.283005
vt 0.243688 0.298155
vt 0.227274 0.300023
vt 0.210859 0.298154
vt 0.240255 0.258676
vt 0.214292 0.258676
vt 0.250001 0.275556
vt 0.204546 0.275556
vt 0.259747 0.292437
vt 0.194800 0.292437
vt 0.256314 0.252958
vt 0.272728 0.251090
vt 0.272728 0.262434
vt 0.262903 0.268107
vt 0.289142 0.252958
vt 0.282553 0.268107
vt 0.272728 0.281388
vt 0.305201 0.258676
vt 0.295455 0.275556
vt 0.285709 0.292437
vt 0.318183 0.269724
vt 0.328007 0.283005
vt 0.318183 0.288678
vt 0.308358 0.283005
vt 0.334597 0.298154
vt 0.318182 0.300023
vt 0.301768 0.298154
vt 0.331164 0.258676
vt 0.340910 0.275556
vt 0.350656 0.292436
vt 0.529041 0.252958
vt 0.545455 0.251090
vt 0.545455 0.262434
vt 0.535630 0.268107
vt 0.561869 0.252958
vt 0.555280 0.268107
vt 0.545455 0.281388
vt 0.525963 0.236191
vt 0.545455 0.236191
vt 0.564947 0.236191
vt 0.529041 0.219424
vt 0.535630 0.204275
vt 0.545455 0.209948
vt 0.545455 0.221292
vt 0.545455 0.190994
vt 0.555280 0.204275
vt 0.561869 0.219424
vt 0.558436 0.179946
vt 0.568182 0.196826
vt 0.577928 0.213706
vt 0.574495 0.174228
vt 0.590909 0.172360
vt 0.590909 0.183704
vt 0.581085 0.189377
vt 0.607324 0.174228
vt 0.600734 0.189377
vt 0.590910 0.202658
vt 0.571418 0.157461
vt 0.590910 0.157461
vt 0.610441 0.157529
vt 0.710859 0.252958
vt 0.727273 0.251090
vt 0.727273 0.262434
vt 0.717448 0.268107
vt 0.743687 0.252958
vt 0.737098 0.268107
vt 0.727273 0.281388
vt 0.707781 0.236191
vt 0.727273 0.236191
vt 0.746765 0.236191
vt 0.710859 0.219424
vt 0.717448 0.204275
vt 0.727273 0.209948
vt 0.727273 0.221292
vt 0.727273 0.190994
vt 0.737098 0.204275
vt 0.743687 0.219424
vt 0.740254 0.179946
vt 0.750000 0.196826
vt 0.759746 0.213706
vt 0.756314 0.174228
vt 0.772728 0.172360
vt 0.772727 0.183704
vt 0.762903 0.189377
vt 0.789142 0.174228
vt 0.782552 0.189377
vt 0.772728 0.202658
vt 0.753236 0.157461
vt 0.772728 0.157461
vt 0.792259 0.157529
vt 0.892677 0.252958
vt 0.909091 0.251090
vt 0.909091 0.262434
vt 0.899266 0.268107
vt 0.925663 0.252684
vt 0.918916 0.268107
vt 0.908933 0.281661
vt 0.889599 0.236191
vt 0.909091 0.236191
vt 0.954545 0.236191
vt 0.943182 0.255874
vt 0.928622 0.236123
vt 0.931818 0.275556
vt 0.920455 0.295239
vt 0.892677 0.219424
vt 0.899266 0.204275
vt 0.909091 0.209948
vt 0.909091 0.221292
vt 0.909091 0.190994
vt 0.918916 0.204275
vt 0.925505 0.219424
vt 0.922072 0.179946
vt 0.931818 0.196826
vt 0.941525 0.213775
vt 0.938131 0.174228
vt 0.954546 0.172360
vt 0.954545 0.183704
vt 0.944721 0.189377
vt 0.971118 0.173954
vt 0.964370 0.189377
vt 0.954388 0.202931
vt 0.935054 0.157461
vt 0.954546 0.157461
vt 1.000000 0.157461
vt 0.988636 0.177144
vt 0.974116 0.157461
vt 0.977273 0.196826
vt 0.965909 0.216509
vt 0.165405 0.252958
vt 0.181819 0.251090
vt 0.181819 0.262434
vt 0.171994 0.268107
vt 0.198233 0.252958
vt 0.191644 0.268107
vt 0.181819 0.281388
vt 0.162327 0.236191
vt 0.181819 0.236191
vt 0.201311 0.236191
vt 0.165405 0.219424
vt 0.171994 0.204275
vt 0.181819 0.209948
vt 0.181819 0.221292
vt 0.181819 0.190994
vt 0.191644 0.204275
vt 0.198233 0.219424
vt 0.194800 0.179946
vt 0.204546 0.196826
vt 0.214292 0.213706
vt 0.210859 0.174228
vt 0.227274 0.172360
vt 0.227274 0.183704
vt 0.217449 0.189377
vt 0.243688 0.174228
vt 0.237098 0.189377
vt 0.227274 0.202658
vt 0.207782 0.157461
vt 0.227274 0.157461
vt 0.246805 0.157529
vt 0.347223 0.252958
vt 0.363637 0.251090
vt 0.363637 0.262434
vt 0.353812 0.268107
vt 0.380051 0.252958
vt 0.373462 0.268107
vt 0.363637 0.281388
vt 0.344145 0.236191
vt 0.363637 0.236191
vt 0.383129 0.236191
vt 0.347223 0.219424
vt 0.353812 0.204275
vt 0.363637 0.209948
vt 0.363637 0.221292
vt 0.363637 0.190994
vt 0.373462 0.204275
vt 0.380051 0.219424
vt 0.376618 0.179946
vt 0.386364 0.196826
vt 0.396110 0.213706
vt 0.392677 0.174228
vt 0.409092 0.172360
vt 0.409092 0.183704
vt 0.399267 0.189377
vt 0.425506 0.174228
vt 0.418916 0.189377
vt 0.409092 0.202658
vt 0.389600 0.157461
vt 0.409092 0.157461
vt 0.428623 0.157529
vt 0.500158 0.111991
vt 0.509825 0.125545
vt 0.500001 0.131218
vt 0.490176 0.125545
vt 0.516415 0.140694
vt 0.500001 0.142562
vt 0.483429 0.140968
vt 0.513021 0.101147
vt 0.488637 0.098413
vt 0.522728 0.118096
vt 0.477273 0.118096
vt 0.532474 0.134976
vt 0.465910 0.137778
vt 0.529041 0.095497
vt 0.545455 0.093629
vt 0.545455 0.104974
vt 0.535630 0.110646
vt 0.561869 0.095497
vt 0.555280 0.110646
vt 0.545455 0.123928
vt 0.577889 0.101147
vt 0.568182 0.118096
vt 0.558436 0.134976
vt 0.590752 0.111991
vt 0.600734 0.125545
vt 0.590910 0.131218
vt 0.581085 0.125545
vt 0.607481 0.140968
vt 0.590909 0.142562
vt 0.574495 0.140694
vt 0.602273 0.098413
vt 0.613637 0.118096
vt 0.625000 0.137778
vt 0.681976 0.111991
vt 0.691643 0.125545
vt 0.681819 0.131218
vt 0.671994 0.125545
vt 0.698233 0.140694
vt 0.681819 0.142562
vt 0.665247 0.140968
vt 0.694839 0.101147
vt 0.670455 0.098413
vt 0.704546 0.118096
vt 0.659091 0.118096
vt 0.714292 0.134976
vt 0.647728 0.137778
vt 0.710859 0.095497
vt 0.727273 0.093629
vt 0.727273 0.104974
vt 0.717448 0.110646
vt 0.743687 0.095497
vt 0.737098 0.110646
vt 0.727273 0.123928
vt 0.759707 0.101147
vt 0.750000 0.118096
vt 0.740254 0.134976
vt 0.772570 0.111991
vt 0.782552 0.125545
vt 0.772727 0.131218
vt 0.762903 0.125545
vt 0.789300 0.140968
vt 0.772728 0.142562
vt 0.756314 0.140694
vt 0.784091 0.098413
vt 0.795455 0.118096
vt 0.806818 0.137778
vt 0.863794 0.111991
vt 0.873461 0.125545
vt 0.863636 0.131218
vt 0.853812 0.125545
vt 0.880051 0.140694
vt 0.863637 0.142562
vt 0.847065 0.140968
vt 0.876657 0.101147
vt 0.852273 0.098413
vt 0.886364 0.118096
vt 0.840909 0.118096
vt 0.896110 0.134976
vt 0.829546 0.137778
vt 0.892677 0.095497
vt 0.909091 0.093629
vt 0.909091 0.104974
vt 0.899266 0.110646
vt 0.925505 0.095497
vt 0.918916 0.110646
vt 0.909091 0.123928
vt 0.941525 0.101147
vt 0.931818 0.118096
vt 0.922073 0.134976
vt 0.954388 0.111991
vt 0.964370 0.125545
vt 0.954546 0.131218
vt 0.944721 0.125545
vt 0.971118 0.140968
vt 0.954546 0.142562
vt 0.938131 0.140694
vt 0.965909 0.098413
vt 0.977273 0.118096
vt 0.988636 0.137778
vt 0.392677 0.140694
vt 0.399267 0.125545
vt 0.409092 0.131218
vt 0.409092 0.142562
vt 0.408934 0.111991
vt 0.418916 0.125545
vt 0.425664 0.140968
vt 0.376618 0.134976
vt 0.386364 0.118096
vt 0.409092 0.078731
vt 0.420455 0.098413
vt 0.396071 0.101147
vt 0.431819 0.118096
vt 0.443182 0.137778
vt 0.363637 0.123928
vt 0.353812 0.110646
vt 0.363637 0.104974
vt 0.373462 0.110646
vt 0.347223 0.095497
vt 0.363637 0.093629
vt 0.380051 0.095497
vt 0.344106 0.078799
vt 0.363637 0.078731
vt 0.383168 0.078799
vt 0.347065 0.062237
vt 0.353812 0.046815
vt 0.363637 0.052487
vt 0.363637 0.063832
vt 0.363637 0.032987
vt 0.373462 0.046815
vt 0.380209 0.062237
vt 0.329546 0.059048
vt 0.340910 0.039365
vt 0.363637 0.000000
vt 0.375001 0.019683
vt 0.352273 0.019683
vt 0.386364 0.039365
vt 0.397728 0.059048
vt 0.136522 0.111991
vt 0.146189 0.125545
vt 0.136365 0.131218
vt 0.126540 0.125545
vt 0.152779 0.140694
vt 0.136365 0.142562
vt 0.119793 0.140968
vt 0.149385 0.101147
vt 0.125001 0.098413
vt 0.159092 0.118096
vt 0.113637 0.118096
vt 0.168838 0.134976
vt 0.102274 0.137778
vt 0.165405 0.095497
vt 0.181819 0.093629
vt 0.181819 0.104974
vt 0.171994 0.110646
vt 0.198233 0.095497
vt 0.191644 0.110646
vt 0.181819 0.123928
vt 0.214253 0.101147
vt 0.204546 0.118096
vt 0.194800 0.134976
vt 0.227116 0.111991
vt 0.237098 0.125545
vt 0.227274 0.131218
vt 0.217449 0.125545
vt 0.243845 0.140968
vt 0.227274 0.142562
vt 0.210859 0.140694
vt 0.238637 0.098413
vt 0.250001 0.118096
vt 0.261364 0.137778
vt 0.968750 0.625000
vt 0.968750 0.750000
vt 0.937500 0.750000
vt 0.937500 0.625000
vt 0.968750 0.875000
vt 0.937500 0.875000
vt 0.906250 0.750000
vt 0.906250 0.625000
vt 0.906250 0.875000
vt 0.968750 0.500000
vt 0.968750 1.000000
vt 0.937500 1.000000
vt 0.906250 1.000000
vt 0.875000 1.000000
vt 0.875000 0.875000
vt 0.875000 0.750000
vt 0.906250 0.500000
vt 0.875000 0.500000
vt 0.937500 0.500000
vt 0.843750 0.625000
vt 0.843750 0.750000
vt 0.812500 0.750000
vt 0.812500 0.625000
vt 0.843750 0.875000
vt 0.812500 0.875000
vt 0.781250 0.750000
vt 0.781250 0.625000
vt 0.781250 0.875000
vt 0.843750 0.500000
vt 0.843750 1.000000
vt 0.812500 1.000000
vt 0.781250 1.000000
vt 0.750000 1.000000
vt 0.750000 0.875000
vt 0.781250 0.500000
vt 0.750000 0.500000
vt 0.812500 0.500000
vt 0.718750 0.625000
vt 0.718750 0.750000
vt 0.687500 0.750000
vt 0.687500 0.625000
vt 0.718750 0.875000
vt 0.687500 0.875000
vt 0.656250 0.750000
vt 0.656250 0.625000
vt 0.656250 0.875000
vt 0.718750 0.500000
vt 0.718750 1.000000
vt 0.687500 1.000000
vt 0.656250 1.000000
vt 0.625000 1.000000
vt 0.625000 0.875000
vt 0.625000 0.750000
vt 0.625000 0.625000
vt 0.656250 0.500000
vt 0.625000 0.500000
vt 0.687500 0.500000
vt 0.593750 0.625000
vt 0.593750 0.750000
vt 0.562500 0.750000
vt 0.562500 0.625000
vt 0.593750 0.875000
vt 0.562500 0.875000
vt 0.531250 0.750000
vt 0.531250 0.625000
vt 0.531250 0.875000
vt 0.593750 0.500000
vt 0.593750 1.000000
vt 0.562500 1.000000
vt 0.531250 1.000000
vt 0.500000 1.000000
vt 0.500000 0.875000
vt 0.500000 0.750000
vt 0.500000 0.625000
vt 0.531250 0.500000
vt 0.500000 0.500000
vt 0.562500 0.500000
vt 0.468750 0.625000
vt 0.468750 0.750000
vt 0.437500 0.750000
vt 0.437500 0.625000
vt 0.468750 0.875000
vt 0.437500 0.875000
vt 0.406250 0.750000
vt 0.406250 0.625000
vt 0.406250 0.875000
vt 0.468750 0.500000
vt 0.468750 1.000000
vt 0.437500 1.000000
vt 0.406250 1.000000
vt 0.375000 1.000000
vt 0.375000 0.875000
vt 0.375000 0.750000
vt 0.375000 0.625000
vt 0.406250 0.500000
vt 0.375000 0.500000
vt 0.437500 0.500000
vt 0.343750 0.625000
vt 0.343750 0.750000
vt 0.312500 0.750000
vt 0.312500 0.625000
vt 0.343750 0.875000
vt 0.312500 0.875000
vt 0.281250 0.750000
vt 0.281250 0.625000
vt 0.281250 0.875000
vt 0.343750 0.500000
vt 0.343750 1.000000
vt 0.312500 1.000000
vt 0.281250 1.000000
vt 0.250000 1.000000
vt 0.250000 0.875000
vt 0.250000 0.750000
vt 0.250000 0.625000
vt 0.281250 0.500000
vt 0.250000 0.500000
vt 0.312500 0.500000
vt 0.367698 0.367698
vt 0.301054 0.373256
vt 0.250000 0.250000
vt 0.373256 0.301054
vt 0.250000 0.416450
vt 0.198946 0.373256
vt 0.132302 0.367698
vt 0.126744 0.301054
vt 0.083550 0.250000
vt 0.126744 0.198946
vt 0.132302 0.132302
vt 0.198946 0.126744
vt 0.250000 0.083550
vt 0.301054 0.126744
vt 0.367698 0.132302
vt 0.373256 0.198946
vt 0.416450 0.250000
vt 0.419706 0.419706
vt 0.377279 0.437279
vt 0.437279 0.377279
vt 0.334853 0.454853
vt 0.454853 0.334853
vt 0.207574 0.472426
vt 0.292426 0.472426
vt 0.165147 0.454853
vt 0.080294 0.419706
vt 0.062721 0.377279
vt 0.122721 0.437279
vt 0.045147 0.334853
vt 0.010000 0.250000
vt 0.027574 0.207574
vt 0.027574 0.292426
vt 0.045147 0.165147
vt 0.080294 0.080294
vt 0.122721 0.062721
vt 0.062721 0.122721
vt 0.165147 0.045147
vt 0.292426 0.027574
vt 0.207574 0.027574
vt 0.334853 0.045147
vt 0.419706 0.080294
vt 0.437279 0.122721
vt 0.377279 0.062721
vt 0.454853 0.165147
vt 0.490000 0.250000
vt 0.472426 0.292426
vt 0.472426 0.207574
vt 0.218750 0.625000
vt 0.218750 0.750000
vt 0.187500 0.750000
vt 0.187500 0.625000
vt 0.218750 0.875000
vt 0.187500 0.875000
vt 0.156250 0.750000
vt 0.156250 0.625000
vt 0.156250 0.875000
vt 0.218750 0.500000
vt 0.218750 1.000000
vt 0.187500 1.000000
vt 0.156250 1.000000
vt 0.125000 1.000000
vt 0.125000 0.875000
vt 0.125000 0.750000
vt 0.125000 0.625000
vt 0.156250 0.500000
vt 0.125000 0.500000
vt 0.187500 0.500000
vt 0.093750 0.625000
vt 0.093750 0.750000
vt 0.062500 0.750000
vt 0.062500 0.625000
vt 0.093750 0.875000
vt 0.062500 0.875000
vt 0.031250 0.750000
vt 0.031250 0.625000
vt 0.031250 0.875000
vt 0.093750 0.500000
vt 0.093750 1.000000
vt 0.062500 1.000000
vt 0.031250 1.000000
vt 0.000000 1.000000
vt 0.000000 0.875000
vt 0.000000 0.750000
vt 0.000000 0.625000
vt 0.031250 0.500000
vt 0.000000 0.500000
vt 0.062500 0.500000
vt 0.750000 0.416450
vt 0.801054 0.373256
vt 0.750000 0.250000
vt 0.698946 0.373256
vt 0.867698 0.367698
vt 0.873256 0.301054
vt 0.916450 0.250000
vt 0.873256 0.198946
vt 0.867698 0.132302
vt 0.801054 0.126744
vt 0.750000 0.083550
vt 0.698946 0.126744
vt 0.632302 0.132302
vt 0.626744 0.198946
vt 0.583550 0.250000
vt 0.626744 0.301054
vt 0.632302 0.367698
vt 0.792426 0.472426
vt 0.707574 0.472426
vt 0.834853 0.454853
vt 0.665147 0.454853
vt 0.919706 0.419706
vt 0.937279 0.377279
vt 0.877279 0.437279
vt 0.954853 0.334853
vt 0.990000 0.250000
vt 0.972427 0.207574
vt 0.972427 0.292426
vt 0.954853 0.165147
vt 0.919706 0.080294
vt 0.877279 0.062721
vt 0.937279 0.122721
vt 0.834853 0.045147
vt 0.707574 0.027574
vt 0.792426 0.027574
vt 0.665147 0.045147
vt 0.580294 0.080294
vt 0.562721 0.122721
vt 0.622721 0.062721
vt 0.545147 0.165147
vt 0.510000 0.250000
vt 0.527574 0.292426
vt 0.527574 0.207574
vt 0.545147 0.334853
vt 0.580294 0.419706
vt 0.622721 0.437279
vt 0.562721 0.377279
s 1
f 2683/1619/2679 2684/1620/2680 2687/1621/2683 2686/1622/2682
f 2684/1620/2680 2685/1623/2681 2688/1624/2684 2687/1621/2683
f 2686/1622/2682 2687/1621/2683 2690/1625/2686 2689/1626/2685
f 2687/1621/2683 2688/1624/2684 2691/1627/2687 2690/1625/2686
f 2127/1628/2125 2203/1629/2201 2683/1619/2679 2197/1630/2195
f 2203/1629/2201 2204/1631/2202 2684/1620/2680 2683/1619/2679
f 2204/1631/2202 2205/1632/2203 2685/1623/2681 2684/1620/2680
f 2205/1632/2203 2128/1633/2126 2202/1634/2200 2685/1623/2681
f 2685/1623/2681 2202/1634/2200 2201/1635/2199 2688/1624/2684
f 2688/1624/2684 2201/1635/2199 2200/1636/2198 2691/1627/2687
f 2691/1627/2687 2200/1636/2198 2130/1637/2128 2206/1638/2204
f 2690/1625/2686 2691/1627/2687 2206/1638/2204 2207/1639/2205
f 2689/1626/2685 2690/1625/2686 2207/1639/2205 2208/1640/2206
f 2199/1641/2197 2689/1626/2685 2208/1640/2206 2129/1642/2127
f 2198/1643/2196 2686/1622/2682 2689/1626/2685 2199/1641/2197
f 2197/1630/2195 2683/1619/2679 2686/1622/2682 2198/1643/2196
f 2692/1644/2688 2693/1645/2689 2696/1646/2692 2695/1647/2691
f 2693/1645/2689 2694/1648/2690 2697/1649/2693 2696/1646/2692
f 2695/1647/2691 2696/1646/2692 2699/1650/2695 2698/1651/2694
f 2696/1646/2692 2697/1649/2693 2700/1652/2696 2699/1650/2695
f 2129/1642/2127 2208/1640/2206 2692/1644/2688 2209/1653/2207
f 2208/1640/2206 2207/1639/2205 2693/1645/2689 2692/1644/2688
f 2207/1639/2205 2206/1638/2204 2694/1648/2690 2693/1645/2689
f 2206/1638/2204 2130/1637/2128 2214/1654/2212 2694/1648/2690
f 2694/1648/2690 2214/1654/2212 2213/1655/2211 2697/1649/2693
f 2697/1649/2693 2213/1655/2211 2212/1656/2210 2700/1652/2696
f 2700/1652/2696 2212/1656/2210 2132/1657/2130 2215/1658/2213
f 2699/1650/2695 2700/1652/2696 2215/1658/2213 2216/1659/2214
f 2698/1651/2694 2699/1650/2695 2216/1659/2214 2217/1660/2215
f 2211/1661/2209 2698/1651/2694 2217/1660/2215 2131/1662/2129
f 2210/1663/2208 2695/1647/2691 2698/1651/2694 2211/1661/2209
f 2209/1653/2207 2692/1644/2688 2695/1647/2691 2210/1663/2208
f 2701/1664/2697 2702/1665/2698 2705/1666/2701 2704/1667/2700
f 2702/1665/2698 2703/1668/2699 2706/1669/2702 2705/1666/2701
f 2704/1667/2700 2705/1666/2701 2708/1670/2704 2707/1671/2703
f 2705/1666/2701 2706/1669/2702 2709/1672/2705 2708/1670/2704
f 2131/1662/2129 2217/1660/2215 2701/1664/2697 2218/1673/2216
f 2217/1660/2215 2216/1659/2214 2702/1665/2698 2701/1664/2697
f 2216/1659/2214 2215/1658/2213 2703/1668/2699 2702/1665/2698
f 2215/1658/2213 2132/1657/2130 2223/1674/2221 2703/1668/2699
f 2703/1668/2699 2223/1674/2221 2222/1675/2220 2706/1669/2702
f 2706/1669/2702 2222/1675/2220 2221/1676/2219 2709/1672/2705
f 2709/1672/2705 2221/1676/2219 2134/1677/2132 2224/1678/2222
f 2708/1670/2704 2709/1672/2705 2224/1678/2222 2225/1679/2223
f 2707/1671/2703 2708/1670/2704 2225/1679/2223 2226/1680/2224
f 2220/1681/2218 2707/1671/2703 2226/1680/2224 2133/1682/2131
f 2219/1683/2217 2704/1667/2700 2707/1671/2703 2220/1681/2218
f 2218/1673/2216 2701/1664/2697 2704/1667/2700 2219/1683/2217
f 2710/1684/2706 2711/1685/2707 2714/1686/2710 2713/1687/2709
f 2711/1685/2707 2712/1688/2708 2715/1689/2711 2714/1686/2710
f 2713/1687/2709 2714/1686/2710 2717/1690/2713 2716/1691/2712
f 2714/1686/2710 2715/1689/2711 2718/1692/2714 2717/1690/2713
f 2133/1682/2131 2226/1680/2224 2710/1684/2706 2227/1693/2225
f 2226/1680/2224 2225/1679/2223 2711/1685/2707 2710/1684/2706
f 2225/1679/2223 2224/1678/2222 2712/1688/2708 2711/1685/2707
f 2224/1678/2222 2134/1677/2132 2232/1694/2230 2712/1688/2708
f 2712/1688/2708 2232/1694/2230 2231/1695/2229 2715/1689/2711
f 2715/1689/2711 2231/1695/2229 2230/1696/2228 2718/1692/2714
f 2718/1692/2714 2230/1696/2228 2136/1697/2134 2233/1698/2231
f 2717/1690/2713 2718/1692/2714 2233/1698/2231 2234/1699/2232
f 2716/1691/2712 2717/1690/2713 2234/1699/2232 2235/1700/2233
f 2229/1701/2227 2716/1691/2712 2235/1700/2233 2135/1702/2133
f 2228/1703/2226 2713/1687/2709 2716/1691/2712 2229/1701/2227
f 2227/1693/2225 2710/1684/2706 2713/1687/2709 2228/1703/2226
f 2720/1704/2715 2721/1705/2716 2719/1706/2662 2731/1707/2726
f 2722/1708/2717 2723/1709/2718 2719/1706/2662 2721/1705/2716
f 2724/1710/2719 2725/1711/2720 2719/1706/2662 2723/1709/2718
f 2726/1712/2721 2727/1713/2722 2719/1706/2662 2725/1711/2720
f 2728/1714/2723 2729/1715/2724 2719/1706/2662 2727/1713/2722
f 2730/1716/2725 2731/1707/2726 2719/1706/2662 2729/1715/2724
f 2130/1717/2128 2200/1718/2198 2720/1704/2715 2214/1719/2212
f 2200/1718/2198 2201/1720/2199 2721/1705/2716 2720/1704/2715
f 2214/1719/2212 2720/1704/2715 2731/1707/2726 2213/1721/2211
f 2128/1722/2126 2248/1723/2246 2722/1708/2717 2202/1724/2200
f 2248/1723/2246 2249/1725/2247 2723/1709/2718 2722/1708/2717
f 2202/1724/2200 2722/1708/2717 2721/1705/2716 2201/1720/2199
f 2138/1726/2136 2239/1727/2237 2724/1710/2719 2250/1728/2248
f 2239/1727/2237 2240/1729/2238 2725/1711/2720 2724/1710/2719
f 2250/1728/2248 2724/1710/2719 2723/1709/2718 2249/1725/2247
f 2136/1730/2134 2230/1731/2228 2726/1712/2721 2241/1732/2239
f 2230/1731/2228 2231/1733/2229 2727/1713/2722 2726/1712/2721
f 2241/1732/2239 2726/1712/2721 2725/1711/2720 2240/1729/2238
f 2134/1734/2132 2221/1735/2219 2728/1714/2723 2232/1736/2230
f 2221/1735/2219 2222/1737/2220 2729/1715/2724 2728/1714/2723
f 2232/1736/2230 2728/1714/2723 2727/1713/2722 2231/1733/2229
f 2132/1738/2130 2212/1739/2210 2730/1716/2725 2223/1740/2221
f 2212/1739/2210 2213/1721/2211 2731/1707/2726 2730/1716/2725
f 2223/1740/2221 2730/1716/2725 2729/1715/2724 2222/1737/2220
f 2732/1741/2727 2733/1742/2728 2736/1743/2731 2735/1744/2730
f 2733/1742/2728 2734/1745/2729 2737/1746/2732 2736/1743/2731
f 2735/1744/2730 2736/1743/2731 2739/1747/2734 2738/1748/2733
f 2736/1743/2731 2737/1746/2732 2740/1749/2735 2739/1747/2734
f 2135/1702/2133 2235/1700/2233 2732/1741/2727 2236/1750/2234
f 2235/1700/2233 2234/1699/2232 2733/1742/2728 2732/1741/2727
f 2234/1699/2232 2233/1698/2231 2734/1745/2729 2733/1742/2728
f 2233/1698/2231 2136/1697/2134 2241/1751/2239 2734/1745/2729
f 2734/1745/2729 2241/1751/2239 2240/1752/2238 2737/1746/2732
f 2737/1746/2732 2240/1752/2238 2239/1753/2237 2740/1749/2735
f 2740/1749/2735 2239/1753/2237 2138/1754/2136 2242/1755/2240
f 2739/1747/2734 2740/1749/2735 2242/1755/2240 2243/1756/2241
f 2738/1748/2733 2739/1747/2734 2243/1756/2241 2244/1757/2242
f 2238/1758/2236 2738/1748/2733 2244/1757/2242 2137/1759/2135
f 2237/1760/2235 2735/1744/2730 2738/1748/2733 2238/1758/2236
f 2236/1750/2234 2732/1741/2727 2735/1744/2730 2237/1760/2235
f 2741/1761/2736 2742/1762/2737 2745/1763/2740 2744/1764/2739
f 2742/1762/2737 2743/1765/2738 2746/1766/2741 2745/1763/2740
f 2744/1764/2739 2745/1763/2740 2748/1767/2743 2747/1768/2742
f 2745/1763/2740 2746/1766/2741 2749/1769/2744 2748/1767/2743
f 2137/1759/2135 2244/1757/2242 2741/1761/2736 2245/1770/2243
f 2244/1757/2242 2243/1756/2241 2742/1762/2737 2741/1761/2736
f 2243/1756/2241 2242/1755/2240 2743/1765/2738 2742/1762/2737
f 2242/1755/2240 2138/1754/2136 2250/1771/2248 2743/1765/2738
f 2743/1765/2738 2250/1771/2248 2249/1772/2247 2746/1766/2741
f 2746/1766/2741 2249/1772/2247 2248/1773/2246 2749/1769/2744
f 2749/1769/2744 2248/1773/2246 2128/1774/2126 2205/1775/2203
f 2748/1767/2743 2749/1769/2744 2205/1775/2203 2204/1776/2202
f 2747/1768/2742 2748/1767/2743 2204/1776/2202 2203/1777/2201
f 2247/1778/2245 2747/1768/2742 2203/1777/2201 2127/1779/2125
f 2246/1780/2244 2744/1764/2739 2747/1768/2742 2247/1778/2245
f 2245/1770/2243 2741/1761/2736 2744/1764/2739 2246/1780/2244
f 2751/1781/2745 2752/1782/2746 2750/1783/2627 2762/1784/2756
f 2753/1785/2747 2754/1786/2748 2750/1783/2627 2752/1782/2746
f 2755/1787/2749 2756/1788/2750 2750/1783/2627 2754/1786/2748
f 2757/1789/2751 2758/1790/2752 2750/1783/2627 2756/1788/2750
f 2759/1791/2753 2760/1792/2754 2750/1783/2627 2758/1790/2752
f 2761/1793/2755 2762/1784/2756 2750/1783/2627 2760/1792/2754
f 2127/1794/2125 2197/1795/2195 2751/1781/2745 2247/1796/2245
f 2197/1795/2195 2198/1797/2196 2752/1782/2746 2751/1781/2745
f 2247/1796/2245 2751/1781/2745 2762/1784/2756 2246/1798/2244
f 2129/1799/2127 2209/1800/2207 2753/1785/2747 2199/1801/2197
f 2209/1800/2207 2210/1802/2208 2754/1786/2748 2753/1785/2747
f 2199/1801/2197 2753/1785/2747 2752/1782/2746 2198/1797/2196
f 2131/1803/2129 2218/1804/2216 2755/1787/2749 2211/1805/2209
f 2218/1804/2216 2219/1806/2217 2756/1788/2750 2755/1787/2749
f 2211/1805/2209 2755/1787/2749 2754/1786/2748 2210/1802/2208
f 2133/1807/2131 2227/1808/2225 2757/1789/2751 2220/1809/2218
f 2227/1808/2225 2228/1810/2226 2758/1790/2752 2757/1789/2751
f 2220/1809/2218 2757/1789/2751 2756/1788/2750 2219/1806/2217
f 2135/1811/2133 2236/1812/2234 2759/1791/2753 2229/1813/2227
f 2236/1812/2234 2237/1814/2235 2760/1792/2754 2759/1791/2753
f 2229/1813/2227 2759/1791/2753 2758/1790/2752 2228/1810/2226
f 2137/1815/2135 2245/1816/2243 2761/1793/2755 2238/1817/2236
f 2245/1816/2243 2246/1798/2244 2762/1784/2756 2761/1793/2755
f 2238/1817/2236 2761/1793/2755 2760/1792/2754 2237/1814/2235
f 2764/1818/2758 2765/1819/2759 2763/1820/2757 2769/1821/2763
f 2766/1822/2760 2767/1823/2761 2763/1820/2757 2765/1819/2759
f 2768/1824/2762 2769/1821/2763 2763/1820/2757 2767/1823/2761
f 2139/1825/2137 2344/1826/2342 2764/1818/2758 2253/1827/2251
f 2344/1826/2342 2345/1828/2343 2765/1819/2759 2764/1818/2758
f 2253/1827/2251 2764/1818/2758 2769/1821/2763 2252/1829/2250
f 2152/1830/2150 2607/1831/2605 2766/1822/2760 2346/1832/2344
f 2607/1831/2605 2606/1833/2604 2767/1823/2761 2766/1822/2760
f 2346/1832/2344 2766/1822/2760 2765/1819/2759 2345/1828/2343
f 2151/1834/2149 2251/1835/2249 2768/1824/2762 2605/1836/2603
f 2251/1835/2249 2252/1829/2250 2769/1821/2763 2768/1824/2762
f 2605/1836/2603 2768/1824/2762 2767/1823/2761 2606/1833/2604
f 2771/1837/2765 2772/1838/2766 2770/1839/2764 2776/1840/2770
f 2773/1841/2767 2774/1842/2768 2770/1839/2764 2772/1838/2766
f 2775/1843/2769 2776/1840/2770 2770/1839/2764 2774/1842/2768
f 2140/1844/2138 2256/1845/2254 2771/1837/2765 2262/1846/2260
f 2256/1845/2254 2255/1847/2253 2772/1838/2766 2771/1837/2765
f 2262/1846/2260 2771/1837/2765 2776/1840/2770 2261/1848/2259
f 2152/1849/2150 2598/1850/2596 2773/1841/2767 2254/1851/2252
f 2598/1850/2596 2597/1852/2595 2774/1842/2768 2773/1841/2767
f 2254/1851/2252 2773/1841/2767 2772/1838/2766 2255/1847/2253
f 2154/1853/2152 2260/1854/2258 2775/1843/2769 2596/1855/2594
f 2260/1854/2258 2261/1848/2259 2776/1840/2770 2775/1843/2769
f 2596/1855/2594 2775/1843/2769 2774/1842/2768 2597/1852/2595
f 2778/1856/2772 2779/1857/2773 2777/1858/2771 2783/1859/2777
f 2780/1860/2774 2781/1861/2775 2777/1858/2771 2779/1857/2773
f 2782/1862/2776 2783/1859/2777 2777/1858/2771 2781/1861/2775
f 2139/1863/2137 2253/1864/2251 2778/1856/2772 2268/1865/2266
f 2253/1864/2251 2252/1866/2250 2779/1857/2773 2778/1856/2772
f 2268/1865/2266 2778/1856/2772 2783/1859/2777 2267/1867/2265
f 2151/1868/2149 2589/1869/2587 2780/1860/2774 2251/1870/2249
f 2589/1869/2587 2588/1871/2586 2781/1861/2775 2780/1860/2774
f 2251/1870/2249 2780/1860/2774 2779/1857/2773 2252/1866/2250
f 2156/1872/2154 2266/1873/2264 2782/1862/2776 2587/1874/2585
f 2266/1873/2264 2267/1867/2265 2783/1859/2777 2782/1862/2776
f 2587/1874/2585 2782/1862/2776 2781/1861/2775 2588/1871/2586
f 2785/1875/2779 2786/1876/2780 2784/1877/2778 2790/1878/2784
f 2787/1879/2781 2788/1880/2782 2784/1877/2778 2786/1876/2780
f 2789/1881/2783 2790/1878/2784 2784/1877/2778 2788/1880/2782
f 2139/1882/2137 2268/1883/2266 2785/1875/2779 2274/1884/2272
f 2268/1883/2266 2267/1885/2265 2786/1876/2780 2785/1875/2779
f 2274/1884/2272 2785/1875/2779 2790/1878/2784 2273/1886/2271
f 2156/1887/2154 2580/1888/2578 2787/1879/2781 2266/1889/2264
f 2580/1888/2578 2579/1890/2577 2788/1880/2782 2787/1879/2781
f 2266/1889/2264 2787/1879/2781 2786/1876/2780 2267/1885/2265
f 2158/1891/2156 2272/1892/2270 2789/1881/2783 2578/1893/2576
f 2272/1892/2270 2273/1886/2271 2790/1878/2784 2789/1881/2783
f 2578/1893/2576 2789/1881/2783 2788/1880/2782 2579/1890/2577
f 2792/1894/2786 2793/1895/2787 2791/1896/2785 2797/1897/2791
f 2794/1898/2788 2795/1899/2789 2791/1896/2785 2793/1895/2787
f 2796/1900/2790 2797/1897/2791 2791/1896/2785 2795/1899/2789
f 2139/1901/2137 2274/1902/2272 2792/1894/2786 2353/1903/2351
f 2274/1902/2272 2273/1904/2271 2793/1895/2787 2792/1894/2786
f 2353/1903/2351 2792/1894/2786 2797/1897/2791 2354/1905/2352
f 2158/1906/2156 2571/1907/2569 2794/1898/2788 2272/1908/2270
f 2571/1907/2569 2570/1909/2568 2795/1899/2789 2794/1898/2788
f 2272/1908/2270 2794/1898/2788 2793/1895/2787 2273/1904/2271
f 2155/1910/2153 2355/1911/2353 2796/1900/2790 2569/1912/2567
f 2355/1911/2353 2354/1905/2352 2797/1897/2791 2796/1900/2790
f 2569/1912/2567 2796/1900/2790 2795/1899/2789 2570/1909/2568
f 2799/1913/2793 2800/1914/2794 2798/1915/2792 2804/1916/2798
f 2801/1917/2795 2802/1918/2796 2798/1915/2792 2800/1914/2794
f 2803/1919/2797 2804/1916/2798 2798/1915/2792 2802/1918/2796
f 2140/1844/2138 2262/1846/2260 2799/1913/2793 2283/1920/2281
f 2262/1846/2260 2261/1848/2259 2800/1914/2794 2799/1913/2793
f 2283/1920/2281 2799/1913/2793 2804/1916/2798 2282/1921/2280
f 2154/1853/2152 2562/1922/2560 2801/1917/2795 2260/1854/2258
f 2562/1922/2560 2561/1923/2559 2802/1918/2796 2801/1917/2795
f 2260/1854/2258 2801/1917/2795 2800/1914/2794 2261/1848/2259
f 2161/1924/2159 2281/1925/2279 2803/1919/2797 2560/1926/2558
f 2281/1925/2279 2282/1921/2280 2804/1916/2798 2803/1919/2797
f 2560/1926/2558 2803/1919/2797 2802/1918/2796 2561/1923/2559
f 2806/1927/2800 2807/1928/2801 2805/1929/2799 2811/1930/2805
f 2808/1931/2802 2809/1932/2803 2805/1929/2799 2807/1928/2801
f 2810/1933/2804 2811/1930/2805 2805/1929/2799 2809/1932/2803
f 2141/1934/2139 2259/1935/2257 2806/1927/2800 2289/1936/2287
f 2259/1935/2257 2258/1937/2256 2807/1928/2801 2806/1927/2800
f 2289/1936/2287 2806/1927/2800 2811/1930/2805 2288/1938/2286
f 2153/1939/2151 2553/1940/2551 2808/1931/2802 2257/1941/2255
f 2553/1940/2551 2552/1942/2550 2809/1932/2803 2808/1931/2802
f 2257/1941/2255 2808/1931/2802 2807/1928/2801 2258/1937/2256
f 2163/1943/2161 2287/1944/2285 2810/1933/2804 2551/1945/2549
f 2287/1944/2285 2288/1938/2286 2811/1930/2805 2810/1933/2804
f 2551/1945/2549 2810/1933/2804 2809/1932/2803 2552/1942/2550
f 2813/1946/2807 2814/1947/2808 2812/1948/2806 2818/1949/2812
f 2815/1950/2809 2816/1951/2810 2812/1948/2806 2814/1947/2808
f 2817/1952/2811 2818/1949/2812 2812/1948/2806 2816/1951/2810
f 2142/1953/2140 2271/1954/2269 2813/1946/2807 2295/1955/2293
f 2271/1954/2269 2270/1956/2268 2814/1947/2808 2813/1946/2807
f 2295/1955/2293 2813/1946/2807 2818/1949/2812 2294/1957/2292
f 2157/1958/2155 2544/1959/2542 2815/1950/2809 2269/1960/2267
f 2544/1959/2542 2543/1961/2541 2816/1951/2810 2815/1950/2809
f 2269/1960/2267 2815/1950/2809 2814/1947/2808 2270/1956/2268
f 2165/1962/2163 2293/1963/2291 2817/1952/2811 2542/1964/2540
f 2293/1963/2291 2294/1957/2292 2818/1949/2812 2817/1952/2811
f 2542/1964/2540 2817/1952/2811 2816/1951/2810 2543/1961/2541
f 2820/1965/2814 2821/1966/2815 2819/1967/2813 2825/1968/2819
f 2822/1969/2816 2823/1970/2817 2819/1967/2813 2821/1966/2815
f 2824/1971/2818 2825/1968/2819 2819/1967/2813 2823/1970/2817
f 2143/1972/2141 2277/1973/2275 2820/1965/2814 2301/1974/2299
f 2277/1973/2275 2276/1975/2274 2821/1966/2815 2820/1965/2814
f 2301/1974/2299 2820/1965/2814 2825/1968/2819 2300/1976/2298
f 2159/1977/2157 2535/1978/2533 2822/1969/2816 2275/1979/2273
f 2535/1978/2533 2534/1980/2532 2823/1970/2817 2822/1969/2816
f 2275/1979/2273 2822/1969/2816 2821/1966/2815 2276/1975/2274
f 2167/1981/2165 2299/1982/2297 2824/1971/2818 2533/1983/2531
f 2299/1982/2297 2300/1976/2298 2825/1968/2819 2824/1971/2818
f 2533/1983/2531 2824/1971/2818 2823/1970/2817 2534/1980/2532
f 2827/1984/2821 2828/1985/2822 2826/1986/2820 2832/1987/2826
f 2829/1988/2823 2830/1989/2824 2826/1986/2820 2828/1985/2822
f 2831/1990/2825 2832/1987/2826 2826/1986/2820 2830/1989/2824
f 2144/1991/2142 2280/1992/2278 2827/1984/2821 2307/1993/2305
f 2280/1992/2278 2279/1994/2277 2828/1985/2822 2827/1984/2821
f 2307/1993/2305 2827/1984/2821 2832/1987/2826 2306/1995/2304
f 2160/1996/2158 2526/1997/2524 2829/1988/2823 2278/1998/2276
f 2526/1997/2524 2525/1999/2523 2830/1989/2824 2829/1988/2823
f 2278/1998/2276 2829/1988/2823 2828/1985/2822 2279/1994/2277
f 2169/2000/2167 2305/2001/2303 2831/1990/2825 2524/2002/2522
f 2305/2001/2303 2306/1995/2304 2832/1987/2826 2831/1990/2825
f 2524/2002/2522 2831/1990/2825 2830/1989/2824 2525/1999/2523
f 2834/2003/2828 2835/2004/2829 2833/2005/2827 2839/2006/2833
f 2836/2007/2830 2837/2008/2831 2833/2005/2827 2835/2004/2829
f 2838/2009/2832 2839/2006/2833 2833/2005/2827 2837/2008/2831
f 2140/1844/2138 2283/1920/2281 2834/2003/2828 2380/2010/2378
f 2283/1920/2281 2282/1921/2280 2835/2004/2829 2834/2003/2828
f 2380/2010/2378 2834/2003/2828 2839/2006/2833 2381/2011/2379
f 2161/1924/2159 2517/2012/2515 2836/2007/2830 2281/1925/2279
f 2517/2012/2515 2516/2013/2514 2837/2008/2831 2836/2007/2830
f 2281/1925/2279 2836/2007/2830 2835/2004/2829 2282/1921/2280
f 2164/2014/2162 2382/2015/2380 2838/2009/2832 2515/2016/2513
f 2382/2015/2380 2381/2011/2379 2839/2006/2833 2838/2009/2832
f 2515/2016/2513 2838/2009/2832 2837/2008/2831 2516/2013/2514
f 2841/2017/2835 2842/2018/2836 2840/2019/2834 2846/2020/2840
f 2843/2021/2837 2844/2022/2838 2840/2019/2834 2842/2018/2836
f 2845/2023/2839 2846/2020/2840 2840/2019/2834 2844/2022/2838
f 2141/1934/2139 2289/1936/2287 2841/2017/2835 2386/2024/2384
f 2289/1936/2287 2288/1938/2286 2842/2018/2836 2841/2017/2835
f 2386/2024/2384 2841/2017/2835 2846/2020/2840 2387/2025/2385
f 2163/1943/2161 2508/2026/2506 2843/2021/2837 2287/1944/2285
f 2508/2026/2506 2507/2027/2505 2844/2022/2838 2843/2021/2837
f 2287/1944/2285 2843/2021/2837 2842/2018/2836 2288/1938/2286
f 2166/2028/2164 2388/2029/2386 2845/2023/2839 2506/2030/2504
f 2388/2029/2386 2387/2025/2385 2846/2020/2840 2845/2023/2839
f 2506/2030/2504 2845/2023/2839 2844/2022/2838 2507/2027/2505
f 2848/2031/2842 2849/2032/2843 2847/2033/2841 2853/2034/2847
f 2850/2035/2844 2851/2036/2845 2847/2033/2841 2849/2032/2843
f 2852/2037/2846 2853/2034/2847 2847/2033/2841 2851/2036/2845
f 2142/1953/2140 2295/1955/2293 2848/2031/2842 2392/2038/2390
f 2295/1955/2293 2294/1957/2292 2849/2032/2843 2848/2031/2842
f 2392/2038/2390 2848/2031/2842 2853/2034/2847 2393/2039/2391
f 2165/1962/2163 2499/2040/2497 2850/2035/2844 2293/1963/2291
f 2499/2040/2497 2498/2041/2496 2851/2036/2845 2850/2035/2844
f 2293/1963/2291 2850/2035/2844 2849/2032/2843 2294/1957/2292
f 2168/2042/2166 2394/2043/2392 2852/2037/2846 2497/2044/2495
f 2394/2043/2392 2393/2039/2391 2853/2034/2847 2852/2037/2846
f 2497/2044/2495 2852/2037/2846 2851/2036/2845 2498/2041/2496
f 2855/2045/2849 2856/2046/2850 2854/2047/2848 2860/2048/2854
f 2857/2049/2851 2858/2050/2852 2854/2047/2848 2856/2046/2850
f 2859/2051/2853 2860/2048/2854 2854/2047/2848 2858/2050/2852
f 2143/1972/2141 2301/1974/2299 2855/2045/2849 2398/2052/2396
f 2301/1974/2299 2300/1976/2298 2856/2046/2850 2855/2045/2849
f 2398/2052/2396 2855/2045/2849 2860/2048/2854 2399/2053/2397
f 2167/1981/2165 2490/2054/2488 2857/2049/2851 2299/1982/2297
f 2490/2054/2488 2489/2055/2487 2858/2050/2852 2857/2049/2851
f 2299/1982/2297 2857/2049/2851 2856/2046/2850 2300/1976/2298
f 2170/2056/2168 2400/2057/2398 2859/2051/2853 2488/2058/2486
f 2400/2057/2398 2399/2053/2397 2860/2048/2854 2859/2051/2853
f 2488/2058/2486 2859/2051/2853 2858/2050/2852 2489/2055/2487
f 2862/2059/2856 2863/2060/2857 2861/2061/2855 2867/2062/2861
f 2864/2063/2858 2865/2064/2859 2861/2061/2855 2863/2060/2857
f 2866/2065/2860 2867/2062/2861 2861/2061/2855 2865/2064/2859
f 2144/1991/2142 2307/1993/2305 2862/2059/2856 2374/2066/2372
f 2307/1993/2305 2306/1995/2304 2863/2060/2857 2862/2059/2856
f 2374/2066/2372 2862/2059/2856 2867/2062/2861 2375/2067/2373
f 2169/2000/2167 2481/2068/2479 2864/2063/2858 2305/2001/2303
f 2481/2068/2479 2480/2069/2478 2865/2064/2859 2864/2063/2858
f 2305/2001/2303 2864/2063/2858 2863/2060/2857 2306/1995/2304
f 2162/2070/2160 2376/2071/2374 2866/2065/2860 2479/2072/2477
f 2376/2071/2374 2375/2067/2373 2867/2062/2861 2866/2065/2860
f 2479/2072/2477 2866/2065/2860 2865/2064/2859 2480/2069/2478
f 2869/2073/2863 2870/2074/2864 2868/2075/2862 2874/2076/2868
f 2871/2077/2865 2872/2078/2866 2868/2075/2862 2870/2074/2864
f 2873/2079/2867 2874/2076/2868 2868/2075/2862 2872/2078/2866
f 2145/2080/2143 2313/2081/2311 2869/2073/2863 2328/2082/2326
f 2313/2081/2311 2312/2083/2310 2870/2074/2864 2869/2073/2863
f 2328/2082/2326 2869/2073/2863 2874/2076/2868 2327/2084/2325
f 2171/2085/2169 2472/2086/2470 2871/2077/2865 2311/2087/2309
f 2472/2086/2470 2471/2088/2469 2872/2078/2866 2871/2077/2865
f 2311/2087/2309 2871/2077/2865 2870/2074/2864 2312/2083/2310
f 2176/2089/2174 2326/2090/2324 2873/2079/2867 2470/2091/2468
f 2326/2090/2324 2327/2084/2325 2874/2076/2868 2873/2079/2867
f 2470/2091/2468 2873/2079/2867 2872/2078/2866 2471/2088/2469
f 2876/2092/2870 2877/2093/2871 2875/2094/2869 2881/2095/2875
f 2878/2096/2872 2879/2097/2873 2875/2094/2869 2877/2093/2871
f 2880/2098/2874 2881/2095/2875 2875/2094/2869 2879/2097/2873
f 2146/2099/2144 2316/2100/2314 2876/2092/2870 2334/2101/2332
f 2316/2100/2314 2315/2102/2313 2877/2093/2871 2876/2092/2870
f 2334/2101/2332 2876/2092/2870 2881/2095/2875 2333/2103/2331
f 2172/2104/2170 2463/2105/2461 2878/2096/2872 2314/2106/2312
f 2463/2105/2461 2462/2107/2460 2879/2097/2873 2878/2096/2872
f 2314/2106/2312 2878/2096/2872 2877/2093/2871 2315/2102/2313
f 2178/2108/2176 2332/2109/2330 2880/2098/2874 2461/2110/2459
f 2332/2109/2330 2333/2103/2331 2881/2095/2875 2880/2098/2874
f 2461/2110/2459 2880/2098/2874 2879/2097/2873 2462/2107/2460
f 2883/2111/2877 2884/2112/2878 2882/2113/2876 2888/2114/2882
f 2885/2115/2879 2886/2116/2880 2882/2113/2876 2884/2112/2878
f 2887/2117/2881 2888/2114/2882 2882/2113/2876 2886/2116/2880
f 2147/2118/2145 2319/2119/2317 2883/2111/2877 2337/2120/2335
f 2319/2119/2317 2318/2121/2316 2884/2112/2878 2883/2111/2877
f 2337/2120/2335 2883/2111/2877 2888/2114/2882 2336/2122/2334
f 2173/2123/2171 2454/2124/2452 2885/2115/2879 2317/2125/2315
f 2454/2124/2452 2453/2126/2451 2886/2116/2880 2885/2115/2879
f 2317/2125/2315 2885/2115/2879 2884/2112/2878 2318/2121/2316
f 2179/2127/2177 2335/2128/2333 2887/2117/2881 2452/2129/2450
f 2335/2128/2333 2336/2122/2334 2888/2114/2882 2887/2117/2881
f 2452/2129/2450 2887/2117/2881 2886/2116/2880 2453/2126/2451
f 2890/2130/2884 2891/2131/2885 2889/2132/2883 2895/2133/2889
f 2892/2134/2886 2893/2135/2887 2889/2132/2883 2891/2131/2885
f 2894/2136/2888 2895/2133/2889 2889/2132/2883 2893/2135/2887
f 2148/2137/2146 2322/2138/2320 2890/2130/2884 2340/2139/2338
f 2322/2138/2320 2321/2140/2319 2891/2131/2885 2890/2130/2884
f 2340/2139/2338 2890/2130/2884 2895/2133/2889 2339/2141/2337
f 2174/2142/2172 2445/2143/2443 2892/2134/2886 2320/2144/2318
f 2445/2143/2443 2444/2145/2442 2893/2135/2887 2892/2134/2886
f 2320/2144/2318 2892/2134/2886 2891/2131/2885 2321/2140/2319
f 2180/2146/2178 2338/2147/2336 2894/2136/2888 2443/2148/2441
f 2338/2147/2336 2339/2141/2337 2895/2133/2889 2894/2136/2888
f 2443/2148/2441 2894/2136/2888 2893/2135/2887 2444/2145/2442
f 2897/2149/2891 2898/2150/2892 2896/2151/2890 2902/2152/2896
f 2899/2153/2893 2900/2154/2894 2896/2151/2890 2898/2150/2892
f 2901/2155/2895 2902/2152/2896 2896/2151/2890 2900/2154/2894
f 2149/2156/2147 2325/2157/2323 2897/2149/2891 2419/2158/2417
f 2325/2157/2323 2324/2159/2322 2898/2150/2892 2897/2149/2891
f 2419/2158/2417 2897/2149/2891 2902/2152/2896 2420/2160/2418
f 2175/2161/2173 2436/2162/2434 2899/2153/2893 2323/2163/2321
f 2436/2162/2434 2435/2164/2433 2900/2154/2894 2899/2153/2893
f 2323/2163/2321 2899/2153/2893 2898/2150/2892 2324/2159/2322
f 2177/2165/2175 2421/2166/2419 2901/2155/2895 2434/2167/2432
f 2421/2166/2419 2420/2160/2418 2902/2152/2896 2901/2155/2895
f 2434/2167/2432 2901/2155/2895 2900/2154/2894 2435/2164/2433
f 2904/2168/2898 2905/2169/2899 2903/2170/2897 2909/2171/2903
f 2906/2172/2900 2907/2173/2901 2903/2170/2897 2905/2169/2899
f 2908/2174/2902 2909/2171/2903 2903/2170/2897 2907/2173/2901
f 2177/2165/2175 2431/2175/2429 2904/2168/2898 2329/2176/2327
f 2431/2175/2429 2432/2177/2430 2905/2169/2899 2904/2168/2898
f 2329/2176/2327 2904/2168/2898 2909/2171/2903 2330/2178/2328
f 2180/2179/2178 2430/2180/2428 2906/2172/2900 2433/2181/2431
f 2430/2180/2428 2429/2182/2427 2907/2173/2901 2906/2172/2900
f 2433/2181/2431 2906/2172/2900 2905/2169/2899 2432/2177/2430
f 2150/2183/2148 2331/2184/2329 2908/2174/2902 2428/2185/2426
f 2331/2184/2329 2330/2178/2328 2909/2171/2903 2908/2174/2902
f 2428/2185/2426 2908/2174/2902 2907/2173/2901 2429/2182/2427
f 2911/2186/2905 2912/2187/2906 2910/2188/2904 2916/2189/2910
f 2913/2190/2907 2914/2191/2908 2910/2188/2904 2912/2187/2906
f 2915/2192/2909 2916/2189/2910 2910/2188/2904 2914/2191/2908
f 2177/2165/2175 2434/2167/2432 2911/2186/2905 2431/2175/2429
f 2434/2167/2432 2435/2164/2433 2912/2187/2906 2911/2186/2905
f 2431/2175/2429 2911/2186/2905 2916/2189/2910 2432/2177/2430
f 2175/2161/2173 2439/2193/2437 2913/2190/2907 2436/2162/2434
f 2439/2193/2437 2438/2194/2436 2914/2191/2908 2913/2190/2907
f 2436/2162/2434 2913/2190/2907 2912/2187/2906 2435/2164/2433
f 2180/2179/2178 2433/2181/2431 2915/2192/2909 2437/2195/2435
f 2433/2181/2431 2432/2177/2430 2916/2189/2910 2915/2192/2909
f 2437/2195/2435 2915/2192/2909 2914/2191/2908 2438/2194/2436
f 2918/2196/2912 2919/2197/2913 2917/2198/2911 2923/2199/2917
f 2920/2200/2914 2921/2201/2915 2917/2198/2911 2919/2197/2913
f 2922/2202/2916 2923/2199/2917 2917/2198/2911 2921/2201/2915
f 2175/2161/2173 2415/2203/2413 2918/2196/2912 2439/2193/2437
f 2415/2203/2413 2414/2204/2412 2919/2197/2913 2918/2196/2912
f 2439/2193/2437 2918/2196/2912 2923/2199/2917 2438/2194/2436
f 2148/2137/2146 2340/2205/2338 2920/2200/2914 2413/2206/2411
f 2340/2205/2338 2339/2207/2337 2921/2201/2915 2920/2200/2914
f 2413/2206/2411 2920/2200/2914 2919/2197/2913 2414/2204/2412
f 2180/2179/2178 2437/2195/2435 2922/2202/2916 2338/2208/2336
f 2437/2195/2435 2438/2194/2436 2923/2199/2917 2922/2202/2916
f 2338/2208/2336 2922/2202/2916 2921/2201/2915 2339/2207/2337
f 2925/2209/2919 2926/2210/2920 2924/2211/2918 2930/2212/2924
f 2927/2213/2921 2928/2214/2922 2924/2211/2918 2926/2210/2920
f 2929/2215/2923 2930/2212/2924 2924/2211/2918 2928/2214/2922
f 2180/2146/2178 2440/2216/2438 2925/2209/2919 2430/2217/2428
f 2440/2216/2438 2441/2218/2439 2926/2210/2920 2925/2209/2919
f 2430/2217/2428 2925/2209/2919 2930/2212/2924 2429/2219/2427
f 2179/2220/2177 2427/2221/2425 2927/2213/2921 2442/2222/2440
f 2427/2221/2425 2426/2223/2424 2928/2214/2922 2927/2213/2921
f 2442/2222/2440 2927/2213/2921 2926/2210/2920 2441/2218/2439
f 2150/2224/2148 2428/2225/2426 2929/2215/2923 2425/2226/2423
f 2428/2225/2426 2429/2219/2427 2930/2212/2924 2929/2215/2923
f 2425/2226/2423 2929/2215/2923 2928/2214/2922 2426/2223/2424
f 2932/2227/2926 2933/2228/2927 2931/2229/2925 2937/2230/2931
f 2934/2231/2928 2935/2232/2929 2931/2229/2925 2933/2228/2927
f 2936/2233/2930 2937/2230/2931 2931/2229/2925 2935/2232/2929
f 2180/2146/2178 2443/2148/2441 2932/2227/2926 2440/2216/2438
f 2443/2148/2441 2444/2145/2442 2933/2228/2927 2932/2227/2926
f 2440/2216/2438 2932/2227/2926 2937/2230/2931 2441/2218/2439
f 2174/2142/2172 2448/2234/2446 2934/2231/2928 2445/2143/2443
f 2448/2234/2446 2447/2235/2445 2935/2232/2929 2934/2231/2928
f 2445/2143/2443 2934/2231/2928 2933/2228/2927 2444/2145/2442
f 2179/2220/2177 2442/2222/2440 2936/2233/2930 2446/2236/2444
f 2442/2222/2440 2441/2218/2439 2937/2230/2931 2936/2233/2930
f 2446/2236/2444 2936/2233/2930 2935/2232/2929 2447/2235/2445
f 2939/2237/2933 2940/2238/2934 2938/2239/2932 2944/2240/2938
f 2941/2241/2935 2942/2242/2936 2938/2239/2932 2940/2238/2934
f 2943/2243/2937 2944/2240/2938 2938/2239/2932 2942/2242/2936
f 2174/2142/2172 2412/2244/2410 2939/2237/2933 2448/2234/2446
f 2412/2244/2410 2411/2245/2409 2940/2238/2934 2939/2237/2933
f 2448/2234/2446 2939/2237/2933 2944/2240/2938 2447/2235/2445
f 2147/2118/2145 2337/2246/2335 2941/2241/2935 2410/2247/2408
f 2337/2246/2335 2336/2248/2334 2942/2242/2936 2941/2241/2935
f 2410/2247/2408 2941/2241/2935 2940/2238/2934 2411/2245/2409
f 2179/2220/2177 2446/2236/2444 2943/2243/2937 2335/2249/2333
f 2446/2236/2444 2447/2235/2445 2944/2240/2938 2943/2243/2937
f 2335/2249/2333 2943/2243/2937 2942/2242/2936 2336/2248/2334
f 2946/2250/2940 2947/2251/2941 2945/2252/2939 2951/2253/2945
f 2948/2254/2942 2949/2255/2943 2945/2252/2939 2947/2251/2941
f 2950/2256/2944 2951/2253/2945 2945/2252/2939 2949/2255/2943
f 2179/2127/2177 2449/2257/2447 2946/2250/2940 2427/2258/2425
f 2449/2257/2447 2450/2259/2448 2947/2251/2941 2946/2250/2940
f 2427/2258/2425 2946/2250/2940 2951/2253/2945 2426/2260/2424
f 2178/2261/2176 2424/2262/2422 2948/2254/2942 2451/2263/2449
f 2424/2262/2422 2423/2264/2421 2949/2255/2943 2948/2254/2942
f 2451/2263/2449 2948/2254/2942 2947/2251/2941 2450/2259/2448
f 2150/2265/2148 2425/2266/2423 2950/2256/2944 2422/2267/2420
f 2425/2266/2423 2426/2260/2424 2951/2253/2945 2950/2256/2944
f 2422/2267/2420 2950/2256/2944 2949/2255/2943 2423/2264/2421
f 2953/2268/2947 2954/2269/2948 2952/2270/2946 2958/2271/2952
f 2955/2272/2949 2956/2273/2950 2952/2270/2946 2954/2269/2948
f 2957/2274/2951 2958/2271/2952 2952/2270/2946 2956/2273/2950
f 2179/2127/2177 2452/2129/2450 2953/2268/2947 2449/2257/2447
f 2452/2129/2450 2453/2126/2451 2954/2269/2948 2953/2268/2947
f 2449/2257/2447 2953/2268/2947 2958/2271/2952 2450/2259/2448
f 2173/2123/2171 2457/2275/2455 2955/2272/2949 2454/2124/2452
f 2457/2275/2455 2456/2276/2454 2956/2273/2950 2955/2272/2949
f 2454/2124/2452 2955/2272/2949 2954/2269/2948 2453/2126/2451
f 2178/2261/2176 2451/2263/2449 2957/2274/2951 2455/2277/2453
f 2451/2263/2449 2450/2259/2448 2958/2271/2952 2957/2274/2951
f 2455/2277/2453 2957/2274/2951 2956/2273/2950 2456/2276/2454
f 2960/2278/2954 2961/2279/2955 2959/2280/2953 2965/2281/2959
f 2962/2282/2956 2963/2283/2957 2959/2280/2953 2961/2279/2955
f 2964/2284/2958 2965/2281/2959 2959/2280/2953 2963/2283/2957
f 2173/2123/2171 2409/2285/2407 2960/2278/2954 2457/2275/2455
f 2409/2285/2407 2408/2286/2406 2961/2279/2955 2960/2278/2954
f 2457/2275/2455 2960/2278/2954 2965/2281/2959 2456/2276/2454
f 2146/2287/2144 2334/2288/2332 2962/2282/2956 2407/2289/2405
f 2334/2288/2332 2333/2290/2331 2963/2283/2957 2962/2282/2956
f 2407/2289/2405 2962/2282/2956 2961/2279/2955 2408/2286/2406
f 2178/2261/2176 2455/2277/2453 2964/2284/2958 2332/2291/2330
f 2455/2277/2453 2456/2276/2454 2965/2281/2959 2964/2284/2958
f 2332/2291/2330 2964/2284/2958 2963/2283/2957 2333/2290/2331
f 2967/2292/2961 2968/2293/2962 2966/2294/2960 2972/2295/2966
f 2969/2296/2963 2970/2297/2964 2966/2294/2960 2968/2293/2962
f 2971/2298/2965 2972/2295/2966 2966/2294/2960 2970/2297/2964
f 2178/2108/2176 2458/2299/2456 2967/2292/2961 2424/2300/2422
f 2458/2299/2456 2459/2301/2457 2968/2293/2962 2967/2292/2961
f 2424/2300/2422 2967/2292/2961 2972/2295/2966 2423/2302/2421
f 2176/2303/2174 2418/2304/2416 2969/2296/2963 2460/2305/2458
f 2418/2304/2416 2417/2306/2415 2970/2297/2964 2969/2296/2963
f 2460/2305/2458 2969/2296/2963 2968/2293/2962 2459/2301/2457
f 2150/2307/2148 2422/2308/2420 2971/2298/2965 2416/2309/2414
f 2422/2308/2420 2423/2302/2421 2972/2295/2966 2971/2298/2965
f 2416/2309/2414 2971/2298/2965 2970/2297/2964 2417/2306/2415
f 2974/2310/2968 2975/2311/2969 2973/2312/2967 2979/2313/2973
f 2976/2314/2970 2977/2315/2971 2973/2312/2967 2975/2311/2969
f 2978/2316/2972 2979/2313/2973 2973/2312/2967 2977/2315/2971
f 2178/2108/2176 2461/2110/2459 2974/2310/2968 2458/2299/2456
f 2461/2110/2459 2462/2107/2460 2975/2311/2969 2974/2310/2968
f 2458/2299/2456 2974/2310/2968 2979/2313/2973 2459/2301/2457
f 2172/2104/2170 2466/2317/2464 2976/2314/2970 2463/2105/2461
f 2466/2317/2464 2465/2318/2463 2977/2315/2971 2976/2314/2970
f 2463/2105/2461 2976/2314/2970 2975/2311/2969 2462/2107/2460
f 2176/2303/2174 2460/2305/2458 2978/2316/2972 2464/2319/2462
f 2460/2305/2458 2459/2301/2457 2979/2313/2973 2978/2316/2972
f 2464/2319/2462 2978/2316/2972 2977/2315/2971 2465/2318/2463
f 2981/2320/2975 2982/2321/2976 2980/2322/2974 2986/2323/2980
f 2983/2324/2977 2984/2325/2978 2980/2322/2974 2982/2321/2976
f 2985/2326/2979 2986/2323/2980 2980/2322/2974 2984/2325/2978
f 2172/2104/2170 2406/2327/2404 2981/2320/2975 2466/2317/2464
f 2406/2327/2404 2405/2328/2403 2982/2321/2976 2981/2320/2975
f 2466/2317/2464 2981/2320/2975 2986/2323/2980 2465/2318/2463
f 2145/2080/2143 2328/2329/2326 2983/2324/2977 2404/2330/2402
f 2328/2329/2326 2327/2331/2325 2984/2325/2978 2983/2324/2977
f 2404/2330/2402 2983/2324/2977 2982/2321/2976 2405/2328/2403
f 2176/2303/2174 2464/2319/2462 2985/2326/2979 2326/2332/2324
f 2464/2319/2462 2465/2318/2463 2986/2323/2980 2985/2326/2979
f 2326/2332/2324 2985/2326/2979 2984/2325/2978 2327/2331/2325
f 2988/2333/2982 2989/2334/2983 2987/2335/2981 2993/2336/2987
f 2990/2337/2984 2991/2338/2985 2987/2335/2981 2989/2334/2983
f 2992/2339/2986 2993/2336/2987 2987/2335/2981 2991/2338/2985
f 2176/2089/2174 2467/2340/2465 2988/2333/2982 2418/2341/2416
f 2467/2340/2465 2468/2342/2466 2989/2334/2983 2988/2333/2982
f 2418/2341/2416 2988/2333/2982 2993/2336/2987 2417/2343/2415
f 2177/2344/2175 2329/2345/2327 2990/2337/2984 2469/2346/2467
f 2329/2345/2327 2330/2347/2328 2991/2338/2985 2990/2337/2984
f 2469/2346/2467 2990/2337/2984 2989/2334/2983 2468/2342/2466
f 2150/2348/2148 2416/2349/2414 2992/2339/2986 2331/2350/2329
f 2416/2349/2414 2417/2343/2415 2993/2336/2987 2992/2339/2986
f 2331/2350/2329 2992/2339/2986 2991/2338/2985 2330/2347/2328
f 2995/2351/2989 2996/2352/2990 2994/2353/2988 3000/2354/2994
f 2997/2355/2991 2998/2356/2992 2994/2353/2988 2996/2352/2990
f 2999/2357/2993 3000/2354/2994 2994/2353/2988 2998/2356/2992
f 2176/2089/2174 2470/2091/2468 2995/2351/2989 2467/2340/2465
f 2470/2091/2468 2471/2088/2469 2996/2352/2990 2995/2351/2989
f 2467/2340/2465 2995/2351/2989 3000/2354/2994 2468/2342/2466
f 2171/2085/2169 2475/2358/2473 2997/2355/2991 2472/2086/2470
f 2475/2358/2473 2474/2359/2472 2998/2356/2992 2997/2355/2991
f 2472/2086/2470 2997/2355/2991 2996/2352/2990 2471/2088/2469
f 2177/2344/2175 2469/2346/2467 2999/2357/2993 2473/2360/2471
f 2469/2346/2467 2468/2342/2466 3000/2354/2994 2999/2357/2993
f 2473/2360/2471 2999/2357/2993 2998/2356/2992 2474/2359/2472
f 3002/2361/2996 3003/2362/2997 3001/2363/2995 3007/2364/3001
f 3004/2365/2998 3005/2366/2999 3001/2363/2995 3003/2362/2997
f 3006/2367/3000 3007/2364/3001 3001/2363/2995 3005/2366/2999
f 2171/2085/2169 2403/2368/2401 3002/2361/2996 2475/2358/2473
f 2403/2368/2401 2402/2369/2400 3003/2362/2997 3002/2361/2996
f 2475/2358/2473 3002/2361/2996 3007/2364/3001 2474/2359/2472
f 2149/2156/2147 2419/2370/2417 3004/2365/2998 2401/2371/2399
f 2419/2370/2417 2420/2372/2418 3005/2366/2999 3004/2365/2998
f 2401/2371/2399 3004/2365/2998 3003/2362/2997 2402/2369/2400
f 2177/2344/2175 2473/2360/2471 3006/2367/3000 2421/2373/2419
f 2473/2360/2471 2474/2359/2472 3007/2364/3001 3006/2367/3000
f 2421/2373/2419 3006/2367/3000 3005/2366/2999 2420/2372/2418
f 3009/2374/3003 3010/2375/3004 3008/2376/3002 3014/2377/3008
f 3011/2378/3005 3012/2379/3006 3008/2376/3002 3010/2375/3004
f 3013/2380/3007 3014/2377/3008 3008/2376/3002 3012/2379/3006
f 2162/2070/2160 2476/2381/2474 3009/2374/3003 2284/2382/2282
f 2476/2381/2474 2477/2383/2475 3010/2375/3004 3009/2374/3003
f 2284/2382/2282 3009/2374/3003 3014/2377/3008 2285/2384/2283
f 2175/2161/2173 2323/2163/2321 3011/2378/3005 2478/2385/2476
f 2323/2163/2321 2324/2159/2322 3012/2379/3006 3011/2378/3005
f 2478/2385/2476 3011/2378/3005 3010/2375/3004 2477/2383/2475
f 2149/2156/2147 2286/2386/2284 3013/2380/3007 2325/2157/2323
f 2286/2386/2284 2285/2384/2283 3014/2377/3008 3013/2380/3007
f 2325/2157/2323 3013/2380/3007 3012/2379/3006 2324/2159/2322
f 3016/2387/3010 3017/2388/3011 3015/2389/3009 3021/2390/3015
f 3018/2391/3012 3019/2392/3013 3015/2389/3009 3017/2388/3011
f 3020/2393/3014 3021/2390/3015 3015/2389/3009 3019/2392/3013
f 2162/2070/2160 2479/2072/2477 3016/2387/3010 2476/2381/2474
f 2479/2072/2477 2480/2069/2478 3017/2388/3011 3016/2387/3010
f 2476/2381/2474 3016/2387/3010 3021/2390/3015 2477/2383/2475
f 2169/2000/2167 2484/2394/2482 3018/2391/3012 2481/2068/2479
f 2484/2394/2482 2483/2395/2481 3019/2392/3013 3018/2391/3012
f 2481/2068/2479 3018/2391/3012 3017/2388/3011 2480/2069/2478
f 2175/2161/2173 2478/2385/2476 3020/2393/3014 2482/2396/2480
f 2478/2385/2476 2477/2383/2475 3021/2390/3015 3020/2393/3014
f 2482/2396/2480 3020/2393/3014 3019/2392/3013 2483/2395/2481
f 3023/2397/3017 3024/2398/3018 3022/2399/3016 3028/2400/3022
f 3025/2401/3019 3026/2402/3020 3022/2399/3016 3024/2398/3018
f 3027/2403/3021 3028/2400/3022 3022/2399/3016 3026/2402/3020
f 2169/2000/2167 2397/2404/2395 3023/2397/3017 2484/2394/2482
f 2397/2404/2395 2396/2405/2394 3024/2398/3018 3023/2397/3017
f 2484/2394/2482 3023/2397/3017 3028/2400/3022 2483/2395/2481
f 2148/2137/2146 2413/2206/2411 3025/2401/3019 2395/2406/2393
f 2413/2206/2411 2414/2204/2412 3026/2402/3020 3025/2401/3019
f 2395/2406/2393 3025/2401/3019 3024/2398/3018 2396/2405/2394
f 2175/2161/2173 2482/2396/2480 3027/2403/3021 2415/2203/2413
f 2482/2396/2480 2483/2395/2481 3028/2400/3022 3027/2403/3021
f 2415/2203/2413 3027/2403/3021 3026/2402/3020 2414/2204/2412
f 3030/2407/3024 3031/2408/3025 3029/2409/3023 3035/2410/3029
f 3032/2411/3026 3033/2412/3027 3029/2409/3023 3031/2408/3025
f 3034/2413/3028 3035/2410/3029 3029/2409/3023 3033/2412/3027
f 2170/2056/2168 2485/2414/2483 3030/2407/3024 2308/2415/2306
f 2485/2414/2483 2486/2416/2484 3031/2408/3025 3030/2407/3024
f 2308/2415/2306 3030/2407/3024 3035/2410/3029 2309/2417/2307
f 2174/2142/2172 2320/2144/2318 3032/2411/3026 2487/2418/2485
f 2320/2144/2318 2321/2140/2319 3033/2412/3027 3032/2411/3026
f 2487/2418/2485 3032/2411/3026 3031/2408/3025 2486/2416/2484
f 2148/2137/2146 2310/2419/2308 3034/2413/3028 2322/2138/2320
f 2310/2419/2308 2309/2417/2307 3035/2410/3029 3034/2413/3028
f 2322/2138/2320 3034/2413/3028 3033/2412/3027 2321/2140/2319
f 3037/2420/3031 3038/2421/3032 3036/2422/3030 3042/2423/3036
f 3039/2424/3033 3040/2425/3034 3036/2422/3030 3038/2421/3032
f 3041/2426/3035 3042/2423/3036 3036/2422/3030 3040/2425/3034
f 2170/2056/2168 2488/2058/2486 3037/2420/3031 2485/2414/2483
f 2488/2058/2486 2489/2055/2487 3038/2421/3032 3037/2420/3031
f 2485/2414/2483 3037/2420/3031 3042/2423/3036 2486/2416/2484
f 2167/1981/2165 2493/2427/2491 3039/2424/3033 2490/2054/2488
f 2493/2427/2491 2492/2428/2490 3040/2425/3034 3039/2424/3033
f 2490/2054/2488 3039/2424/3033 3038/2421/3032 2489/2055/2487
f 2174/2142/2172 2487/2418/2485 3041/2426/3035 2491/2429/2489
f 2487/2418/2485 2486/2416/2484 3042/2423/3036 3041/2426/3035
f 2491/2429/2489 3041/2426/3035 3040/2425/3034 2492/2428/2490
f 3044/2430/3038 3045/2431/3039 3043/2432/3037 3049/2433/3043
f 3046/2434/3040 3047/2435/3041 3043/2432/3037 3045/2431/3039
f 3048/2436/3042 3049/2433/3043 3043/2432/3037 3047/2435/3041
f 2167/1981/2165 2391/2437/2389 3044/2430/3038 2493/2427/2491
f 2391/2437/2389 2390/2438/2388 3045/2431/3039 3044/2430/3038
f 2493/2427/2491 3044/2430/3038 3049/2433/3043 2492/2428/2490
f 2147/2118/2145 2410/2247/2408 3046/2434/3040 2389/2439/2387
f 2410/2247/2408 2411/2245/2409 3047/2435/3041 3046/2434/3040
f 2389/2439/2387 3046/2434/3040 3045/2431/3039 2390/2438/2388
f 2174/2142/2172 2491/2429/2489 3048/2436/3042 2412/2244/2410
f 2491/2429/2489 2492/2428/2490 3049/2433/3043 3048/2436/3042
f 2412/2244/2410 3048/2436/3042 3047/2435/3041 2411/2245/2409
f 3051/2440/3045 3052/2441/3046 3050/2442/3044 3056/2443/3050
f 3053/2444/3047 3054/2445/3048 3050/2442/3044 3052/2441/3046
f 3055/2446/3049 3056/2443/3050 3050/2442/3044 3054/2445/3048
f 2168/2042/2166 2494/2447/2492 3051/2440/3045 2302/2448/2300
f 2494/2447/2492 2495/2449/2493 3052/2441/3046 3051/2440/3045
f 2302/2448/2300 3051/2440/3045 3056/2443/3050 2303/2450/2301
f 2173/2123/2171 2317/2125/2315 3053/2444/3047 2496/2451/2494
f 2317/2125/2315 2318/2121/2316 3054/2445/3048 3053/2444/3047
f 2496/2451/2494 3053/2444/3047 3052/2441/3046 2495/2449/2493
f 2147/2118/2145 2304/2452/2302 3055/2446/3049 2319/2119/2317
f 2304/2452/2302 2303/2450/2301 3056/2443/3050 3055/2446/3049
f 2319/2119/2317 3055/2446/3049 3054/2445/3048 2318/2121/2316
f 3058/2453/3052 3059/2454/3053 3057/2455/3051 3063/2456/3057
f 3060/2457/3054 3061/2458/3055 3057/2455/3051 3059/2454/3053
f 3062/2459/3056 3063/2456/3057 3057/2455/3051 3061/2458/3055
f 2168/2042/2166 2497/2044/2495 3058/2453/3052 2494/2447/2492
f 2497/2044/2495 2498/2041/2496 3059/2454/3053 3058/2453/3052
f 2494/2447/2492 3058/2453/3052 3063/2456/3057 2495/2449/2493
f 2165/1962/2163 2502/2460/2500 3060/2457/3054 2499/2040/2497
f 2502/2460/2500 2501/2461/2499 3061/2458/3055 3060/2457/3054
f 2499/2040/2497 3060/2457/3054 3059/2454/3053 2498/2041/2496
f 2173/2123/2171 2496/2451/2494 3062/2459/3056 2500/2462/2498
f 2496/2451/2494 2495/2449/2493 3063/2456/3057 3062/2459/3056
f 2500/2462/2498 3062/2459/3056 3061/2458/3055 2501/2461/2499
f 3065/2463/3059 3066/2464/3060 3064/2465/3058 3070/2466/3064
f 3067/2467/3061 3068/2468/3062 3064/2465/3058 3066/2464/3060
f 3069/2469/3063 3070/2466/3064 3064/2465/3058 3068/2468/3062
f 2165/1962/2163 2385/2470/2383 3065/2463/3059 2502/2460/2500
f 2385/2470/2383 2384/2471/2382 3066/2464/3060 3065/2463/3059
f 2502/2460/2500 3065/2463/3059 3070/2466/3064 2501/2461/2499
f 2146/2287/2144 2407/2289/2405 3067/2467/3061 2383/2472/2381
f 2407/2289/2405 2408/2286/2406 3068/2468/3062 3067/2467/3061
f 2383/2472/2381 3067/2467/3061 3066/2464/3060 2384/2471/2382
f 2173/2123/2171 2500/2462/2498 3069/2469/3063 2409/2285/2407
f 2500/2462/2498 2501/2461/2499 3070/2466/3064 3069/2469/3063
f 2409/2285/2407 3069/2469/3063 3068/2468/3062 2408/2286/2406
f 3072/2473/3066 3073/2474/3067 3071/2475/3065 3077/2476/3071
f 3074/2477/3068 3075/2478/3069 3071/2475/3065 3073/2474/3067
f 3076/2479/3070 3077/2476/3071 3071/2475/3065 3075/2478/3069
f 2166/2028/2164 2503/2480/2501 3072/2473/3066 2296/2481/2294
f 2503/2480/2501 2504/2482/2502 3073/2474/3067 3072/2473/3066
f 2296/2481/2294 3072/2473/3066 3077/2476/3071 2297/2483/2295
f 2172/2104/2170 2314/2106/2312 3074/2477/3068 2505/2484/2503
f 2314/2106/2312 2315/2102/2313 3075/2478/3069 3074/2477/3068
f 2505/2484/2503 3074/2477/3068 3073/2474/3067 2504/2482/2502
f 2146/2099/2144 2298/2485/2296 3076/2479/3070 2316/2100/2314
f 2298/2485/2296 2297/2483/2295 3077/2476/3071 3076/2479/3070
f 2316/2100/2314 3076/2479/3070 3075/2478/3069 2315/2102/2313
f 3079/2486/3073 3080/2487/3074 3078/2488/3072 3084/2489/3078
f 3081/2490/3075 3082/2491/3076 3078/2488/3072 3080/2487/3074
f 3083/2492/3077 3084/2489/3078 3078/2488/3072 3082/2491/3076
f 2166/2028/2164 2506/2030/2504 3079/2486/3073 2503/2480/2501
f 2506/2030/2504 2507/2027/2505 3080/2487/3074 3079/2486/3073
f 2503/2480/2501 3079/2486/3073 3084/2489/3078 2504/2482/2502
f 2163/1943/2161 2511/2493/2509 3081/2490/3075 2508/2026/2506
f 2511/2493/2509 2510/2494/2508 3082/2491/3076 3081/2490/3075
f 2508/2026/2506 3081/2490/3075 3080/2487/3074 2507/2027/2505
f 2172/2104/2170 2505/2484/2503 3083/2492/3077 2509/2495/2507
f 2505/2484/2503 2504/2482/2502 3084/2489/3078 3083/2492/3077
f 2509/2495/2507 3083/2492/3077 3082/2491/3076 2510/2494/2508
f 3086/2496/3080 3087/2497/3081 3085/2498/3079 3091/2499/3085
f 3088/2500/3082 3089/2501/3083 3085/2498/3079 3087/2497/3081
f 3090/2502/3084 3091/2499/3085 3085/2498/3079 3089/2501/3083
f 2163/1943/2161 2379/2503/2377 3086/2496/3080 2511/2493/2509
f 2379/2503/2377 2378/2504/2376 3087/2497/3081 3086/2496/3080
f 2511/2493/2509 3086/2496/3080 3091/2499/3085 2510/2494/2508
f 2145/2080/2143 2404/2330/2402 3088/2500/3082 2377/2505/2375
f 2404/2330/2402 2405/2328/2403 3089/2501/3083 3088/2500/3082
f 2377/2505/2375 3088/2500/3082 3087/2497/3081 2378/2504/2376
f 2172/2104/2170 2509/2495/2507 3090/2502/3084 2406/2327/2404
f 2509/2495/2507 2510/2494/2508 3091/2499/3085 3090/2502/3084
f 2406/2327/2404 3090/2502/3084 3089/2501/3083 2405/2328/2403
f 3093/2506/3087 3094/2507/3088 3092/2508/3086 3098/2509/3092
f 3095/2510/3089 3096/2511/3090 3092/2508/3086 3094/2507/3088
f 3097/2512/3091 3098/2509/3092 3092/2508/3086 3096/2511/3090
f 2164/2014/2162 2512/2513/2510 3093/2506/3087 2290/2514/2288
f 2512/2513/2510 2513/2515/2511 3094/2507/3088 3093/2506/3087
f 2290/2514/2288 3093/2506/3087 3098/2509/3092 2291/2516/2289
f 2171/2085/2169 2311/2087/2309 3095/2510/3089 2514/2517/2512
f 2311/2087/2309 2312/2083/2310 3096/2511/3090 3095/2510/3089
f 2514/2517/2512 3095/2510/3089 3094/2507/3088 2513/2515/2511
f 2145/2080/2143 2292/2518/2290 3097/2512/3091 2313/2081/2311
f 2292/2518/2290 2291/2516/2289 3098/2509/3092 3097/2512/3091
f 2313/2081/2311 3097/2512/3091 3096/2511/3090 2312/2083/2310
f 3100/2519/3094 3101/2520/3095 3099/2521/3093 3105/2522/3099
f 3102/2523/3096 3103/2524/3097 3099/2521/3093 3101/2520/3095
f 3104/2525/3098 3105/2522/3099 3099/2521/3093 3103/2524/3097
f 2164/2014/2162 2515/2016/2513 3100/2519/3094 2512/2513/2510
f 2515/2016/2513 2516/2013/2514 3101/2520/3095 3100/2519/3094
f 2512/2513/2510 3100/2519/3094 3105/2522/3099 2513/2515/2511
f 2161/1924/2159 2520/2526/2518 3102/2523/3096 2517/2012/2515
f 2520/2526/2518 2519/2527/2517 3103/2524/3097 3102/2523/3096
f 2517/2012/2515 3102/2523/3096 3101/2520/3095 2516/2013/2514
f 2171/2085/2169 2514/2517/2512 3104/2525/3098 2518/2528/2516
f 2514/2517/2512 2513/2515/2511 3105/2522/3099 3104/2525/3098
f 2518/2528/2516 3104/2525/3098 3103/2524/3097 2519/2527/2517
f 3107/2529/3101 3108/2530/3102 3106/2531/3100 3112/2532/3106
f 3109/2533/3103 3110/2534/3104 3106/2531/3100 3108/2530/3102
f 3111/2535/3105 3112/2532/3106 3106/2531/3100 3110/2534/3104
f 2161/1924/2159 2373/2536/2371 3107/2529/3101 2520/2526/2518
f 2373/2536/2371 2372/2537/2370 3108/2530/3102 3107/2529/3101
f 2520/2526/2518 3107/2529/3101 3112/2532/3106 2519/2527/2517
f 2149/2156/2147 2401/2371/2399 3109/2533/3103 2371/2538/2369
f 2401/2371/2399 2402/2369/2400 3110/2534/3104 3109/2533/3103
f 2371/2538/2369 3109/2533/3103 3108/2530/3102 2372/2537/2370
f 2171/2085/2169 2518/2528/2516 3111/2535/3105 2403/2368/2401
f 2518/2528/2516 2519/2527/2517 3112/2532/3106 3111/2535/3105
f 2403/2368/2401 3111/2535/3105 3110/2534/3104 2402/2369/2400
f 3114/2539/3108 3115/2540/3109 3113/2541/3107 3119/2542/3113
f 3116/2543/3110 3117/2544/3111 3113/2541/3107 3115/2540/3109
f 3118/2545/3112 3119/2542/3113 3113/2541/3107 3117/2544/3111
f 2169/2000/2167 2521/2546/2519 3114/2539/3108 2397/2404/2395
f 2521/2546/2519 2522/2547/2520 3115/2540/3109 3114/2539/3108
f 2397/2404/2395 3114/2539/3108 3119/2542/3113 2396/2405/2394
f 2170/2056/2168 2308/2415/2306 3116/2543/3110 2523/2548/2521
f 2308/2415/2306 2309/2417/2307 3117/2544/3111 3116/2543/3110
f 2523/2548/2521 3116/2543/3110 3115/2540/3109 2522/2547/2520
f 2148/2137/2146 2395/2406/2393 3118/2545/3112 2310/2419/2308
f 2395/2406/2393 2396/2405/2394 3119/2542/3113 3118/2545/3112
f 2310/2419/2308 3118/2545/3112 3117/2544/3111 2309/2417/2307
f 3121/2549/3115 3122/2550/3116 3120/2551/3114 3126/2552/3120
f 3123/2553/3117 3124/2554/3118 3120/2551/3114 3122/2550/3116
f 3125/2555/3119 3126/2552/3120 3120/2551/3114 3124/2554/3118
f 2169/2000/2167 2524/2002/2522 3121/2549/3115 2521/2546/2519
f 2524/2002/2522 2525/1999/2523 3122/2550/3116 3121/2549/3115
f 2521/2546/2519 3121/2549/3115 3126/2552/3120 2522/2547/2520
f 2160/1996/2158 2529/2556/2527 3123/2553/3117 2526/1997/2524
f 2529/2556/2527 2528/2557/2526 3124/2554/3118 3123/2553/3117
f 2526/1997/2524 3123/2553/3117 3122/2550/3116 2525/1999/2523
f 2170/2056/2168 2523/2548/2521 3125/2555/3119 2527/2558/2525
f 2523/2548/2521 2522/2547/2520 3126/2552/3120 3125/2555/3119
f 2527/2558/2525 3125/2555/3119 3124/2554/3118 2528/2557/2526
f 3128/2559/3122 3129/2560/3123 3127/2561/3121 3133/2562/3127
f 3130/2563/3124 3131/2564/3125 3127/2561/3121 3129/2560/3123
f 3132/2565/3126 3133/2562/3127 3127/2561/3121 3131/2564/3125
f 2160/1996/2158 2370/2566/2368 3128/2559/3122 2529/2556/2527
f 2370/2566/2368 2369/2567/2367 3129/2560/3123 3128/2559/3122
f 2529/2556/2527 3128/2559/3122 3133/2562/3127 2528/2557/2526
f 2143/1972/2141 2398/2052/2396 3130/2563/3124 2368/2568/2366
f 2398/2052/2396 2399/2053/2397 3131/2564/3125 3130/2563/3124
f 2368/2568/2366 3130/2563/3124 3129/2560/3123 2369/2567/2367
f 2170/2056/2168 2527/2558/2525 3132/2565/3126 2400/2057/2398
f 2527/2558/2525 2528/2557/2526 3133/2562/3127 3132/2565/3126
f 2400/2057/2398 3132/2565/3126 3131/2564/3125 2399/2053/2397
f 3135/2569/3129 3136/2570/3130 3134/2571/3128 3140/2572/3134
f 3137/2573/3131 3138/2574/3132 3134/2571/3128 3136/2570/3130
f 3139/2575/3133 3140/2572/3134 3134/2571/3128 3138/2574/3132
f 2167/1981/2165 2530/2576/2528 3135/2569/3129 2391/2437/2389
f 2530/2576/2528 2531/2577/2529 3136/2570/3130 3135/2569/3129
f 2391/2437/2389 3135/2569/3129 3140/2572/3134 2390/2438/2388
f 2168/2042/2166 2302/2448/2300 3137/2573/3131 2532/2578/2530
f 2302/2448/2300 2303/2450/2301 3138/2574/3132 3137/2573/3131
f 2532/2578/2530 3137/2573/3131 3136/2570/3130 2531/2577/2529
f 2147/2118/2145 2389/2439/2387 3139/2575/3133 2304/2452/2302
f 2389/2439/2387 2390/2438/2388 3140/2572/3134 3139/2575/3133
f 2304/2452/2302 3139/2575/3133 3138/2574/3132 2303/2450/2301
f 3142/2579/3136 3143/2580/3137 3141/2581/3135 3147/2582/3141
f 3144/2583/3138 3145/2584/3139 3141/2581/3135 3143/2580/3137
f 3146/2585/3140 3147/2582/3141 3141/2581/3135 3145/2584/3139
f 2167/1981/2165 2533/1983/2531 3142/2579/3136 2530/2576/2528
f 2533/1983/2531 2534/1980/2532 3143/2580/3137 3142/2579/3136
f 2530/2576/2528 3142/2579/3136 3147/2582/3141 2531/2577/2529
f 2159/1977/2157 2538/2586/2536 3144/2583/3138 2535/1978/2533
f 2538/2586/2536 2537/2587/2535 3145/2584/3139 3144/2583/3138
f 2535/1978/2533 3144/2583/3138 3143/2580/3137 2534/1980/2532
f 2168/2042/2166 2532/2578/2530 3146/2585/3140 2536/2588/2534
f 2532/2578/2530 2531/2577/2529 3147/2582/3141 3146/2585/3140
f 2536/2588/2534 3146/2585/3140 3145/2584/3139 2537/2587/2535
f 3149/2589/3143 3150/2590/3144 3148/2591/3142 3154/2592/3148
f 3151/2593/3145 3152/2594/3146 3148/2591/3142 3150/2590/3144
f 3153/2595/3147 3154/2592/3148 3148/2591/3142 3152/2594/3146
f 2159/1977/2157 2367/2596/2365 3149/2589/3143 2538/2586/2536
f 2367/2596/2365 2366/2597/2364 3150/2590/3144 3149/2589/3143
f 2538/2586/2536 3149/2589/3143 3154/2592/3148 2537/2587/2535
f 2142/1953/2140 2392/2038/2390 3151/2593/3145 2365/2598/2363
f 2392/2038/2390 2393/2039/2391 3152/2594/3146 3151/2593/3145
f 2365/2598/2363 3151/2593/3145 3150/2590/3144 2366/2597/2364
f 2168/2042/2166 2536/2588/2534 3153/2595/3147 2394/2043/2392
f 2536/2588/2534 2537/2587/2535 3154/2592/3148 3153/2595/3147
f 2394/2043/2392 3153/2595/3147 3152/2594/3146 2393/2039/2391
f 3156/2599/3150 3157/2600/3151 3155/2601/3149 3161/2602/3155
f 3158/2603/3152 3159/2604/3153 3155/2601/3149 3157/2600/3151
f 3160/2605/3154 3161/2602/3155 3155/2601/3149 3159/2604/3153
f 2165/1962/2163 2539/2606/2537 3156/2599/3150 2385/2470/2383
f 2539/2606/2537 2540/2607/2538 3157/2600/3151 3156/2599/3150
f 2385/2470/2383 3156/2599/3150 3161/2602/3155 2384/2471/2382
f 2166/2608/2164 2296/2609/2294 3158/2603/3152 2541/2610/2539
f 2296/2609/2294 2297/2611/2295 3159/2604/3153 3158/2603/3152
f 2541/2610/2539 3158/2603/3152 3157/2600/3151 2540/2607/2538
f 2146/2287/2144 2383/2472/2381 3160/2605/3154 2298/2612/2296
f 2383/2472/2381 2384/2471/2382 3161/2602/3155 3160/2605/3154
f 2298/2612/2296 3160/2605/3154 3159/2604/3153 2297/2611/2295
f 3163/2613/3157 3164/2614/3158 3162/2615/3156 3168/2616/3162
f 3165/2617/3159 3166/2618/3160 3162/2615/3156 3164/2614/3158
f 3167/2619/3161 3168/2616/3162 3162/2615/3156 3166/2618/3160
f 2165/1962/2163 2542/1964/2540 3163/2613/3157 2539/2606/2537
f 2542/1964/2540 2543/1961/2541 3164/2614/3158 3163/2613/3157
f 2539/2606/2537 3163/2613/3157 3168/2616/3162 2540/2607/2538
f 2157/1958/2155 2547/2620/2545 3165/2617/3159 2544/1959/2542
f 2547/2620/2545 2546/2621/2544 3166/2618/3160 3165/2617/3159
f 2544/1959/2542 3165/2617/3159 3164/2614/3158 2543/1961/2541
f 2166/2608/2164 2541/2610/2539 3167/2619/3161 2545/2622/2543
f 2541/2610/2539 2540/2607/2538 3168/2616/3162 3167/2619/3161
f 2545/2622/2543 3167/2619/3161 3166/2618/3160 2546/2621/2544
f 3170/2623/3164 3171/2624/3165 3169/2625/3163 3175/2626/3169
f 3172/2627/3166 3173/2628/3167 3169/2625/3163 3171/2624/3165
f 3174/2629/3168 3175/2626/3169 3169/2625/3163 3173/2628/3167
f 2157/1958/2155 2361/2630/2359 3170/2623/3164 2547/2620/2545
f 2361/2630/2359 2360/2631/2358 3171/2624/3165 3170/2623/3164
f 2547/2620/2545 3170/2623/3164 3175/2626/3169 2546/2621/2544
f 2141/2632/2139 2386/2633/2384 3172/2627/3166 2359/2634/2357
f 2386/2633/2384 2387/2635/2385 3173/2628/3167 3172/2627/3166
f 2359/2634/2357 3172/2627/3166 3171/2624/3165 2360/2631/2358
f 2166/2608/2164 2545/2622/2543 3174/2629/3168 2388/2636/2386
f 2545/2622/2543 2546/2621/2544 3175/2626/3169 3174/2629/3168
f 2388/2636/2386 3174/2629/3168 3173/2628/3167 2387/2635/2385
f 3177/2637/3171 3178/2638/3172 3176/2639/3170 3182/2640/3176
f 3179/2641/3173 3180/2642/3174 3176/2639/3170 3178/2638/3172
f 3181/2643/3175 3182/2640/3176 3176/2639/3170 3180/2642/3174
f 2163/1943/2161 2548/2644/2546 3177/2637/3171 2379/2503/2377
f 2548/2644/2546 2549/2645/2547 3178/2638/3172 3177/2637/3171
f 2379/2503/2377 3177/2637/3171 3182/2640/3176 2378/2504/2376
f 2164/2014/2162 2290/2514/2288 3179/2641/3173 2550/2646/2548
f 2290/2514/2288 2291/2516/2289 3180/2642/3174 3179/2641/3173
f 2550/2646/2548 3179/2641/3173 3178/2638/3172 2549/2645/2547
f 2145/2080/2143 2377/2505/2375 3181/2643/3175 2292/2518/2290
f 2377/2505/2375 2378/2504/2376 3182/2640/3176 3181/2643/3175
f 2292/2518/2290 3181/2643/3175 3180/2642/3174 2291/2516/2289
f 3184/2647/3178 3185/2648/3179 3183/2649/3177 3189/2650/3183
f 3186/2651/3180 3187/2652/3181 3183/2649/3177 3185/2648/3179
f 3188/2653/3182 3189/2650/3183 3183/2649/3177 3187/2652/3181
f 2163/1943/2161 2551/1945/2549 3184/2647/3178 2548/2644/2546
f 2551/1945/2549 2552/1942/2550 3185/2648/3179 3184/2647/3178
f 2548/2644/2546 3184/2647/3178 3189/2650/3183 2549/2645/2547
f 2153/1939/2151 2556/2654/2554 3186/2651/3180 2553/1940/2551
f 2556/2654/2554 2555/2655/2553 3187/2652/3181 3186/2651/3180
f 2553/1940/2551 3186/2651/3180 3185/2648/3179 2552/1942/2550
f 2164/2014/2162 2550/2646/2548 3188/2653/3182 2554/2656/2552
f 2550/2646/2548 2549/2645/2547 3189/2650/3183 3188/2653/3182
f 2554/2656/2552 3188/2653/3182 3187/2652/3181 2555/2655/2553
f 3191/2657/3185 3192/2658/3186 3190/2659/3184 3196/2660/3190
f 3193/2661/3187 3194/2662/3188 3190/2659/3184 3192/2658/3186
f 3195/2663/3189 3196/2660/3190 3190/2659/3184 3194/2662/3188
f 2153/1939/2151 2349/2664/2347 3191/2657/3185 2556/2654/2554
f 2349/2664/2347 2348/2665/2346 3192/2658/3186 3191/2657/3185
f 2556/2654/2554 3191/2657/3185 3196/2660/3190 2555/2655/2553
f 2140/1844/2138 2380/2010/2378 3193/2661/3187 2347/2666/2345
f 2380/2010/2378 2381/2011/2379 3194/2662/3188 3193/2661/3187
f 2347/2666/2345 3193/2661/3187 3192/2658/3186 2348/2665/2346
f 2164/2014/2162 2554/2656/2552 3195/2663/3189 2382/2015/2380
f 2554/2656/2552 2555/2655/2553 3196/2660/3190 3195/2663/3189
f 2382/2015/2380 3195/2663/3189 3194/2662/3188 2381/2011/2379
f 3198/2667/3192 3199/2668/3193 3197/2669/3191 3203/2670/3197
f 3200/2671/3194 3201/2672/3195 3197/2669/3191 3199/2668/3193
f 3202/2673/3196 3203/2670/3197 3197/2669/3191 3201/2672/3195
f 2161/1924/2159 2557/2674/2555 3198/2667/3192 2373/2536/2371
f 2557/2674/2555 2558/2675/2556 3199/2668/3193 3198/2667/3192
f 2373/2536/2371 3198/2667/3192 3203/2670/3197 2372/2537/2370
f 2162/2070/2160 2284/2382/2282 3200/2671/3194 2559/2676/2557
f 2284/2382/2282 2285/2384/2283 3201/2672/3195 3200/2671/3194
f 2559/2676/2557 3200/2671/3194 3199/2668/3193 2558/2675/2556
f 2149/2156/2147 2371/2538/2369 3202/2673/3196 2286/2386/2284
f 2371/2538/2369 2372/2537/2370 3203/2670/3197 3202/2673/3196
f 2286/2386/2284 3202/2673/3196 3201/2672/3195 2285/2384/2283
f 3205/2677/3199 3206/2678/3200 3204/2679/3198 3210/2680/3204
f 3207/2681/3201 3208/2682/3202 3204/2679/3198 3206/2678/3200
f 3209/2683/3203 3210/2680/3204 3204/2679/3198 3208/2682/3202
f 2161/1924/2159 2560/1926/2558 3205/2677/3199 2557/2674/2555
f 2560/1926/2558 2561/1923/2559 3206/2678/3200 3205/2677/3199
f 2557/2674/2555 3205/2677/3199 3210/2680/3204 2558/2675/2556
f 2154/1853/2152 2565/2684/2563 3207/2681/3201 2562/1922/2560
f 2565/2684/2563 2564/2685/2562 3208/2682/3202 3207/2681/3201
f 2562/1922/2560 3207/2681/3201 3206/2678/3200 2561/1923/2559
f 2162/2070/2160 2559/2676/2557 3209/2683/3203 2563/2686/2561
f 2559/2676/2557 2558/2675/2556 3210/2680/3204 3209/2683/3203
f 2563/2686/2561 3209/2683/3203 3208/2682/3202 2564/2685/2562
f 3212/2687/3206 3213/2688/3207 3211/2689/3205 3217/2690/3211
f 3214/2691/3208 3215/2692/3209 3211/2689/3205 3213/2688/3207
f 3216/2693/3210 3217/2690/3211 3211/2689/3205 3215/2692/3209
f 2154/1853/2152 2352/2694/2350 3212/2687/3206 2565/2684/2563
f 2352/2694/2350 2351/2695/2349 3213/2688/3207 3212/2687/3206
f 2565/2684/2563 3212/2687/3206 3217/2690/3211 2564/2685/2562
f 2144/1991/2142 2374/2066/2372 3214/2691/3208 2350/2696/2348
f 2374/2066/2372 2375/2067/2373 3215/2692/3209 3214/2691/3208
f 2350/2696/2348 3214/2691/3208 3213/2688/3207 2351/2695/2349
f 2162/2070/2160 2563/2686/2561 3216/2693/3210 2376/2071/2374
f 2563/2686/2561 2564/2685/2562 3217/2690/3211 3216/2693/3210
f 2376/2071/2374 3216/2693/3210 3215/2692/3209 2375/2067/2373
f 3219/2697/3213 3220/2698/3214 3218/2699/3212 3224/2700/3218
f 3221/2701/3215 3222/2702/3216 3218/2699/3212 3220/2698/3214
f 3223/2703/3217 3224/2700/3218 3218/2699/3212 3222/2702/3216
f 2155/1910/2153 2566/2704/2564 3219/2697/3213 2263/2705/2261
f 2566/2704/2564 2567/2706/2565 3220/2698/3214 3219/2697/3213
f 2263/2705/2261 3219/2697/3213 3224/2700/3218 2264/2707/2262
f 2160/1996/2158 2278/1998/2276 3221/2701/3215 2568/2708/2566
f 2278/1998/2276 2279/1994/2277 3222/2702/3216 3221/2701/3215
f 2568/2708/2566 3221/2701/3215 3220/2698/3214 2567/2706/2565
f 2144/1991/2142 2265/2709/2263 3223/2703/3217 2280/1992/2278
f 2265/2709/2263 2264/2707/2262 3224/2700/3218 3223/2703/3217
f 2280/1992/2278 3223/2703/3217 3222/2702/3216 2279/1994/2277
f 3226/2710/3220 3227/2711/3221 3225/2712/3219 3231/2713/3225
f 3228/2714/3222 3229/2715/3223 3225/2712/3219 3227/2711/3221
f 3230/2716/3224 3231/2713/3225 3225/2712/3219 3229/2715/3223
f 2155/1910/2153 2569/1912/2567 3226/2710/3220 2566/2704/2564
f 2569/1912/2567 2570/1909/2568 3227/2711/3221 3226/2710/3220
f 2566/2704/2564 3226/2710/3220 3231/2713/3225 2567/2706/2565
f 2158/1906/2156 2574/2717/2572 3228/2714/3222 2571/1907/2569
f 2574/2717/2572 2573/2718/2571 3229/2715/3223 3228/2714/3222
f 2571/1907/2569 3228/2714/3222 3227/2711/3221 2570/1909/2568
f 2160/1996/2158 2568/2708/2566 3230/2716/3224 2572/2719/2570
f 2568/2708/2566 2567/2706/2565 3231/2713/3225 3230/2716/3224
f 2572/2719/2570 3230/2716/3224 3229/2715/3223 2573/2718/2571
f 3233/2720/3227 3234/2721/3228 3232/2722/3226 3238/2723/3232
f 3235/2724/3229 3236/2725/3230 3232/2722/3226 3234/2721/3228
f 3237/2726/3231 3238/2723/3232 3232/2722/3226 3236/2725/3230
f 2158/1906/2156 2364/2727/2362 3233/2720/3227 2574/2717/2572
f 2364/2727/2362 2363/2728/2361 3234/2721/3228 3233/2720/3227
f 2574/2717/2572 3233/2720/3227 3238/2723/3232 2573/2718/2571
f 2143/1972/2141 2368/2568/2366 3235/2724/3229 2362/2729/2360
f 2368/2568/2366 2369/2567/2367 3236/2725/3230 3235/2724/3229
f 2362/2729/2360 3235/2724/3229 3234/2721/3228 2363/2728/2361
f 2160/1996/2158 2572/2719/2570 3237/2726/3231 2370/2566/2368
f 2572/2719/2570 2573/2718/2571 3238/2723/3232 3237/2726/3231
f 2370/2566/2368 3237/2726/3231 3236/2725/3230 2369/2567/2367
f 3240/2730/3234 3241/2731/3235 3239/2732/3233 3245/2733/3239
f 3242/2734/3236 3243/2735/3237 3239/2732/3233 3241/2731/3235
f 3244/2736/3238 3245/2733/3239 3239/2732/3233 3243/2735/3237
f 2158/1891/2156 2575/2737/2573 3240/2730/3234 2364/2738/2362
f 2575/2737/2573 2576/2739/2574 3241/2731/3235 3240/2730/3234
f 2364/2738/2362 3240/2730/3234 3245/2733/3239 2363/2740/2361
f 2159/1977/2157 2275/1979/2273 3242/2734/3236 2577/2741/2575
f 2275/1979/2273 2276/1975/2274 3243/2735/3237 3242/2734/3236
f 2577/2741/2575 3242/2734/3236 3241/2731/3235 2576/2739/2574
f 2143/1972/2141 2362/2742/2360 3244/2736/3238 2277/1973/2275
f 2362/2742/2360 2363/2740/2361 3245/2733/3239 3244/2736/3238
f 2277/1973/2275 3244/2736/3238 3243/2735/3237 2276/1975/2274
f 3247/2743/3241 3248/2744/3242 3246/2745/3240 3252/2746/3246
f 3249/2747/3243 3250/2748/3244 3246/2745/3240 3248/2744/3242
f 3251/2749/3245 3252/2746/3246 3246/2745/3240 3250/2748/3244
f 2158/1891/2156 2578/1893/2576 3247/2743/3241 2575/2737/2573
f 2578/1893/2576 2579/1890/2577 3248/2744/3242 3247/2743/3241
f 2575/2737/2573 3247/2743/3241 3252/2746/3246 2576/2739/2574
f 2156/1887/2154 2583/2750/2581 3249/2747/3243 2580/1888/2578
f 2583/2750/2581 2582/2751/2580 3250/2748/3244 3249/2747/3243
f 2580/1888/2578 3249/2747/3243 3248/2744/3242 2579/1890/2577
f 2159/1977/2157 2577/2741/2575 3251/2749/3245 2581/2752/2579
f 2577/2741/2575 2576/2739/2574 3252/2746/3246 3251/2749/3245
f 2581/2752/2579 3251/2749/3245 3250/2748/3244 2582/2751/2580
f 3254/2753/3248 3255/2754/3249 3253/2755/3247 3259/2756/3253
f 3256/2757/3250 3257/2758/3251 3253/2755/3247 3255/2754/3249
f 3258/2759/3252 3259/2756/3253 3253/2755/3247 3257/2758/3251
f 2156/1887/2154 2358/2760/2356 3254/2753/3248 2583/2750/2581
f 2358/2760/2356 2357/2761/2355 3255/2754/3249 3254/2753/3248
f 2583/2750/2581 3254/2753/3248 3259/2756/3253 2582/2751/2580
f 2142/1953/2140 2365/2598/2363 3256/2757/3250 2356/2762/2354
f 2365/2598/2363 2366/2597/2364 3257/2758/3251 3256/2757/3250
f 2356/2762/2354 3256/2757/3250 3255/2754/3249 2357/2761/2355
f 2159/1977/2157 2581/2752/2579 3258/2759/3252 2367/2596/2365
f 2581/2752/2579 2582/2751/2580 3259/2756/3253 3258/2759/3252
f 2367/2596/2365 3258/2759/3252 3257/2758/3251 2366/2597/2364
f 3261/2763/3255 3262/2764/3256 3260/2765/3254 3266/2766/3260
f 3263/2767/3257 3264/2768/3258 3260/2765/3254 3262/2764/3256
f 3265/2769/3259 3266/2766/3260 3260/2765/3254 3264/2768/3258
f 2156/1872/2154 2584/2770/2582 3261/2763/3255 2358/2771/2356
f 2584/2770/2582 2585/2772/2583 3262/2764/3256 3261/2763/3255
f 2358/2771/2356 3261/2763/3255 3266/2766/3260 2357/2773/2355
f 2157/1958/2155 2269/1960/2267 3263/2767/3257 2586/2774/2584
f 2269/1960/2267 2270/1956/2268 3264/2768/3258 3263/2767/3257
f 2586/2774/2584 3263/2767/3257 3262/2764/3256 2585/2772/2583
f 2142/1953/2140 2356/2775/2354 3265/2769/3259 2271/1954/2269
f 2356/2775/2354 2357/2773/2355 3266/2766/3260 3265/2769/3259
f 2271/1954/2269 3265/2769/3259 3264/2768/3258 2270/1956/2268
f 3268/2776/3262 3269/2777/3263 3267/2778/3261 3273/2779/3267
f 3270/2780/3264 3271/2781/3265 3267/2778/3261 3269/2777/3263
f 3272/2782/3266 3273/2779/3267 3267/2778/3261 3271/2781/3265
f 2156/1872/2154 2587/1874/2585 3268/2776/3262 2584/2770/2582
f 2587/1874/2585 2588/1871/2586 3269/2777/3263 3268/2776/3262
f 2584/2770/2582 3268/2776/3262 3273/2779/3267 2585/2772/2583
f 2151/1868/2149 2592/2783/2590 3270/2780/3264 2589/1869/2587
f 2592/2783/2590 2591/2784/2589 3271/2781/3265 3270/2780/3264
f 2589/1869/2587 3270/2780/3264 3269/2777/3263 2588/1871/2586
f 2157/1958/2155 2586/2774/2584 3272/2782/3266 2590/2785/2588
f 2586/2774/2584 2585/2772/2583 3273/2779/3267 3272/2782/3266
f 2590/2785/2588 3272/2782/3266 3271/2781/3265 2591/2784/2589
f 3275/2786/3269 3276/2787/3270 3274/2788/3268 3280/2789/3274
f 3277/2790/3271 3278/2791/3272 3274/2788/3268 3276/2787/3270
f 3279/2792/3273 3280/2789/3274 3274/2788/3268 3278/2791/3272
f 2151/1868/2149 2343/2793/2341 3275/2786/3269 2592/2783/2590
f 2343/2793/2341 2342/2794/2340 3276/2787/3270 3275/2786/3269
f 2592/2783/2590 3275/2786/3269 3280/2789/3274 2591/2784/2589
f 2141/2632/2139 2359/2634/2357 3277/2790/3271 2341/2795/2339
f 2359/2634/2357 2360/2631/2358 3278/2791/3272 3277/2790/3271
f 2341/2795/2339 3277/2790/3271 3276/2787/3270 2342/2794/2340
f 2157/1958/2155 2590/2785/2588 3279/2792/3273 2361/2630/2359
f 2590/2785/2588 2591/2784/2589 3280/2789/3274 3279/2792/3273
f 2361/2630/2359 3279/2792/3273 3278/2791/3272 2360/2631/2358
f 3282/2796/3276 3283/2797/3277 3281/2798/3275 3287/2799/3281
f 3284/2800/3278 3285/2801/3279 3281/2798/3275 3283/2797/3277
f 3286/2802/3280 3287/2799/3281 3281/2798/3275 3285/2801/3279
f 2154/1853/2152 2593/2803/2591 3282/2796/3276 2352/2694/2350
f 2593/2803/2591 2594/2804/2592 3283/2797/3277 3282/2796/3276
f 2352/2694/2350 3282/2796/3276 3287/2799/3281 2351/2695/2349
f 2155/2805/2153 2263/2806/2261 3284/2800/3278 2595/2807/2593
f 2263/2806/2261 2264/2808/2262 3285/2801/3279 3284/2800/3278
f 2595/2807/2593 3284/2800/3278 3283/2797/3277 2594/2804/2592
f 2144/1991/2142 2350/2696/2348 3286/2802/3280 2265/2809/2263
f 2350/2696/2348 2351/2695/2349 3287/2799/3281 3286/2802/3280
f 2265/2809/2263 3286/2802/3280 3285/2801/3279 2264/2808/2262
f 3289/2810/3283 3290/2811/3284 3288/2812/3282 3294/2813/3288
f 3291/2814/3285 3292/2815/3286 3288/2812/3282 3290/2811/3284
f 3293/2816/3287 3294/2813/3288 3288/2812/3282 3292/2815/3286
f 2154/1853/2152 2596/1855/2594 3289/2810/3283 2593/2803/2591
f 2596/1855/2594 2597/1852/2595 3290/2811/3284 3289/2810/3283
f 2593/2803/2591 3289/2810/3283 3294/2813/3288 2594/2804/2592
f 2152/1849/2150 2601/2817/2599 3291/2814/3285 2598/1850/2596
f 2601/2817/2599 2600/2818/2598 3292/2815/3286 3291/2814/3285
f 2598/1850/2596 3291/2814/3285 3290/2811/3284 2597/1852/2595
f 2155/2805/2153 2595/2807/2593 3293/2816/3287 2599/2819/2597
f 2595/2807/2593 2594/2804/2592 3294/2813/3288 3293/2816/3287
f 2599/2819/2597 3293/2816/3287 3292/2815/3286 2600/2818/2598
f 3296/2820/3290 3297/2821/3291 3295/2822/3289 3301/2823/3295
f 3298/2824/3292 3299/2825/3293 3295/2822/3289 3297/2821/3291
f 3300/2826/3294 3301/2823/3295 3295/2822/3289 3299/2825/3293
f 2152/1849/2150 2346/2827/2344 3296/2820/3290 2601/2817/2599
f 2346/2827/2344 2345/2828/2343 3297/2821/3291 3296/2820/3290
f 2601/2817/2599 3296/2820/3290 3301/2823/3295 2600/2818/2598
f 2139/2829/2137 2353/2830/2351 3298/2824/3292 2344/2831/2342
f 2353/2830/2351 2354/2832/2352 3299/2825/3293 3298/2824/3292
f 2344/2831/2342 3298/2824/3292 3297/2821/3291 2345/2828/2343
f 2155/2805/2153 2599/2819/2597 3300/2826/3294 2355/2833/2353
f 2599/2819/2597 2600/2818/2598 3301/2823/3295 3300/2826/3294
f 2355/2833/2353 3300/2826/3294 3299/2825/3293 2354/2832/2352
f 3303/2834/3297 3304/2835/3298 3302/2836/3296 3308/2837/3302
f 3305/2838/3299 3306/2839/3300 3302/2836/3296 3304/2835/3298
f 3307/2840/3301 3308/2837/3302 3302/2836/3296 3306/2839/3300
f 2151/1834/2149 2602/2841/2600 3303/2834/3297 2343/2842/2341
f 2602/2841/2600 2603/2843/2601 3304/2835/3298 3303/2834/3297
f 2343/2842/2341 3303/2834/3297 3308/2837/3302 2342/2844/2340
f 2153/1939/2151 2257/1941/2255 3305/2838/3299 2604/2845/2602
f 2257/1941/2255 2258/1937/2256 3306/2839/3300 3305/2838/3299
f 2604/2845/2602 3305/2838/3299 3304/2835/3298 2603/2843/2601
f 2141/1934/2139 2341/2846/2339 3307/2840/3301 2259/1935/2257
f 2341/2846/2339 2342/2844/2340 3308/2837/3302 3307/2840/3301
f 2259/1935/2257 3307/2840/3301 3306/2839/3300 2258/1937/2256
f 3310/2847/3304 3311/2848/3305 3309/2849/3303 3315/2850/3309
f 3312/2851/3306 3313/2852/3307 3309/2849/3303 3311/2848/3305
f 3314/2853/3308 3315/2850/3309 3309/2849/3303 3313/2852/3307
f 2151/1834/2149 2605/1836/2603 3310/2847/3304 2602/2841/2600
f 2605/1836/2603 2606/1833/2604 3311/2848/3305 3310/2847/3304
f 2602/2841/2600 3310/2847/3304 3315/2850/3309 2603/2843/2601
f 2152/1830/2150 2610/2854/2608 3312/2851/3306 2607/1831/2605
f 2610/2854/2608 2609/2855/2607 3313/2852/3307 3312/2851/3306
f 2607/1831/2605 3312/2851/3306 3311/2848/3305 2606/1833/2604
f 2153/1939/2151 2604/2845/2602 3314/2853/3308 2608/2856/2606
f 2604/2845/2602 2603/2843/2601 3315/2850/3309 3314/2853/3308
f 2608/2856/2606 3314/2853/3308 3313/2852/3307 2609/2855/2607
f 3317/2857/3311 3318/2858/3312 3316/2859/3310 3322/2860/3316
f 3319/2861/3313 3320/2862/3314 3316/2859/3310 3318/2858/3312
f 3321/2863/3315 3322/2860/3316 3316/2859/3310 3320/2862/3314
f 2152/1830/2150 2254/2864/2252 3317/2857/3311 2610/2854/2608
f 2254/2864/2252 2255/2865/2253 3318/2858/3312 3317/2857/3311
f 2610/2854/2608 3317/2857/3311 3322/2860/3316 2609/2855/2607
f 2140/1844/2138 2347/2666/2345 3319/2861/3313 2256/2866/2254
f 2347/2666/2345 2348/2665/2346 3320/2862/3314 3319/2861/3313
f 2256/2866/2254 3319/2861/3313 3318/2858/3312 2255/2865/2253
f 2153/1939/2151 2608/2856/2606 3321/2863/3315 2349/2664/2347
f 2608/2856/2606 2609/2855/2607 3322/2860/3316 3321/2863/3315
f 2349/2664/2347 3321/2863/3315 3320/2862/3314 2348/2665/2346
f 3323/2867/3317 3324/2868/3318 3327/2869/3321 3326/2870/3320
f 3324/2868/3318 3325/2871/3319 3328/2872/3322 3327/2869/3321
f 3326/2870/3320 3327/2869/3321 3330/2873/3324 3329/2874/3323
f 3327/2869/3321 3328/2872/3322 3331/2875/3325 3330/2873/3324
f 2181/1628/2179 2617/1629/2615 3323/2867/3317 2611/2876/2609
f 2617/1629/2615 2618/1631/2168 3324/2868/3318 3323/2867/3317
f 2618/1631/2168 2619/1632/2616 3325/2871/3319 3324/2868/3318
f 2619/1632/2616 2182/1633/2180 2616/2877/2614 3325/2871/3319
f 3325/2871/3319 2616/2877/2614 2615/2878/2613 3328/2872/3322
f 3328/2872/3322 2615/2878/2613 2614/2879/2612 3331/2875/3325
f 3331/2875/3325 2614/2879/2612 2184/2880/2182 2620/2881/2617
f 3330/2873/3324 3331/2875/3325 2620/2881/2617 2621/2882/2618
f 3329/2874/3323 3330/2873/3324 2621/2882/2618 2622/1626/2619
f 2613/2883/2611 3329/2874/3323 2622/1626/2619 2183/2884/2181
f 2612/2885/2610 3326/2870/3320 3329/2874/3323 2613/2883/2611
f 2611/2876/2609 3323/2867/3317 3326/2870/3320 2612/2885/2610
f 3332/2886/3326 3333/2887/3327 3336/2888/3330 3335/2889/3329
f 3333/2887/3327 3334/2890/3328 3337/2891/3331 3336/2888/3330
f 3335/2889/3329 3336/2888/3330 3339/2892/3333 3338/2893/3332
f 3336/2888/3330 3337/2891/3331 3340/2894/3334 3339/2892/3333
f 2183/2884/2181 2622/1626/2619 3332/2886/3326 2623/2895/2620
f 2622/1626/2619 2621/2882/2618 3333/2887/3327 3332/2886/3326
f 2621/2882/2618 2620/2881/2617 3334/2890/3328 3333/2887/3327
f 2620/2881/2617 2184/2880/2182 2628/2896/2625 3334/2890/3328
f 3334/2890/3328 2628/2896/2625 2627/2897/2624 3337/2891/3331
f 3337/2891/3331 2627/2897/2624 2626/2898/2623 3340/2894/3334
f 3340/2894/3334 2626/2898/2623 2186/2899/2184 2629/2900/2626
f 3339/2892/3333 3340/2894/3334 2629/2900/2626 2630/1646/2627
f 3338/2893/3332 3339/2892/3333 2630/1646/2627 2631/1647/2628
f 2625/2901/2622 3338/2893/3332 2631/1647/2628 2185/2902/2183
f 2624/2903/2621 3335/2889/3329 3338/2893/3332 2625/2901/2622
f 2623/2895/2620 3332/2886/3326 3335/2889/3329 2624/2903/2621
f 3341/2904/3335 3342/2905/3336 3345/2906/3339 3344/2907/3338
f 3342/2905/3336 3343/2908/3337 3346/2909/3340 3345/2906/3339
f 3344/2907/3338 3345/2906/3339 3348/2910/3342 3347/2911/3341
f 3345/2906/3339 3346/2909/3340 3349/2912/3343 3348/2910/3342
f 2185/2902/2183 2631/1647/2628 3341/2904/3335 2632/2913/2629
f 2631/1647/2628 2630/1646/2627 3342/2905/3336 3341/2904/3335
f 2630/1646/2627 2629/2900/2626 3343/2908/3337 3342/2905/3336
f 2629/2900/2626 2186/2899/2184 2637/2914/2634 3343/2908/3337
f 3343/2908/3337 2637/2914/2634 2636/2915/2633 3346/2909/3340
f 3346/2909/3340 2636/2915/2633 2635/2916/2632 3349/2912/3343
f 3349/2912/3343 2635/2916/2632 2188/2917/2186 2638/2918/2635
f 3348/2910/3342 3349/2912/3343 2638/2918/2635 2639/2919/2636
f 3347/2911/3341 3348/2910/3342 2639/2919/2636 2640/2920/2637
f 2634/2921/2631 3347/2911/3341 2640/2920/2637 2187/2922/2185
f 2633/2923/2630 3344/2907/3338 3347/2911/3341 2634/2921/2631
f 2632/2913/2629 3341/2904/3335 3344/2907/3338 2633/2923/2630
f 3350/2924/3344 3351/2925/3345 3354/2926/3348 3353/2927/3347
f 3351/2925/3345 3352/2928/3346 3355/2929/3349 3354/2926/3348
f 3353/2927/3347 3354/2926/3348 3357/2930/3351 3356/2931/3350
f 3354/2926/3348 3355/2929/3349 3358/2932/3352 3357/2930/3351
f 2187/2922/2185 2640/2920/2637 3350/2924/3344 2641/2933/2638
f 2640/2920/2637 2639/2919/2636 3351/2925/3345 3350/2924/3344
f 2639/2919/2636 2638/2918/2635 3352/2928/3346 3351/2925/3345
f 2638/2918/2635 2188/2917/2186 2646/2934/2643 3352/2928/3346
f 3352/2928/3346 2646/2934/2643 2645/2935/2642 3355/2929/3349
f 3355/2929/3349 2645/2935/2642 2644/2936/2641 3358/2932/3352
f 3358/2932/3352 2644/2936/2641 2190/2937/2188 2647/2938/2644
f 3357/2930/3351 3358/2932/3352 2647/2938/2644 2648/2939/2161
f 3356/2931/3350 3357/2930/3351 2648/2939/2161 2649/2940/2645
f 2643/2941/2640 3356/2931/3350 2649/2940/2645 2189/2942/2187
f 2642/2943/2639 3353/2927/3347 3356/2931/3350 2643/2941/2640
f 2641/2933/2638 3350/2924/3344 3353/2927/3347 2642/2943/2639
f 3359/2944/3353 3360/2945/3354 3363/2946/3357 3362/2947/3356
f 3360/2945/3354 3361/2948/3355 3364/2949/3358 3363/2946/3357
f 3362/2947/3356 3363/2946/3357 3366/2950/3360 3365/2951/3359
f 3363/2946/3357 3364/2949/3358 3367/2952/3361 3366/2950/3360
f 2189/2942/2187 2649/2940/2645 3359/2944/3353 2650/2953/2646
f 2649/2940/2645 2648/2939/2161 3360/2945/3354 3359/2944/3353
f 2648/2939/2161 2647/2938/2644 3361/2948/3355 3360/2945/3354
f 2647/2938/2644 2190/2937/2188 2655/2954/2651 3361/2948/3355
f 3361/2948/3355 2655/2954/2651 2654/2955/2650 3364/2949/3358
f 3364/2949/3358 2654/2955/2650 2653/2956/2649 3367/2952/3361
f 3367/2952/3361 2653/2956/2649 2192/2957/2190 2656/2958/2652
f 3366/2950/3360 3367/2952/3361 2656/2958/2652 2657/2959/2653
f 3365/2951/3359 3366/2950/3360 2657/2959/2653 2658/2960/2654
f 2652/2961/2648 3365/2951/3359 2658/2960/2654 2191/2962/2189
f 2651/2963/2647 3362/2947/3356 3365/2951/3359 2652/2961/2648
f 2650/2953/2646 3359/2944/3353 3362/2947/3356 2651/2963/2647
f 3368/2964/3362 3369/2965/3363 3372/2966/3366 3371/2967/3365
f 3369/2965/3363 3370/2968/3364 3373/2969/3367 3372/2966/3366
f 3371/2967/3365 3372/2966/3366 3375/2970/3369 3374/2971/3368
f 3372/2966/3366 3373/2969/3367 3376/2972/3370 3375/2970/3369
f 2191/2962/2189 2658/2960/2654 3368/2964/3362 2659/2973/2655
f 2658/2960/2654 2657/2959/2653 3369/2965/3363 3368/2964/3362
f 2657/2959/2653 2656/2958/2652 3370/2968/3364 3369/2965/3363
f 2656/2958/2652 2192/2957/2190 2664/2974/2660 3370/2968/3364
f 3370/2968/3364 2664/2974/2660 2663/2975/2659 3373/2969/3367
f 3373/2969/3367 2663/2975/2659 2662/2976/2658 3376/2972/3370
f 3376/2972/3370 2662/2976/2658 2194/2977/2192 2665/2978/2661
f 3375/2970/3369 3376/2972/3370 2665/2978/2661 2666/2979/2662
f 3374/2971/3368 3375/2970/3369 2666/2979/2662 2667/2980/2663
f 2661/2981/2657 3374/2971/3368 2667/2980/2663 2193/2982/2191
f 2660/2983/2656 3371/2967/3365 3374/2971/3368 2661/2981/2657
f 2659/2973/2655 3368/2964/3362 3371/2967/3365 2660/2983/2656
f 3378/2984/3372 3379/2985/3373 3377/2986/3371 3393/2987/3387
f 3380/2988/3374 3381/2989/3375 3377/2986/3371 3379/2985/3373
f 3382/2990/3376 3383/2991/3377 3377/2986/3371 3381/2989/3375
f 3384/2992/3378 3385/2993/3379 3377/2986/3371 3383/2991/3377
f 3386/2994/3380 3387/2995/3381 3377/2986/3371 3385/2993/3379
f 3388/2996/3382 3389/2997/3383 3377/2986/3371 3387/2995/3381
f 3390/2998/3384 3391/2999/3385 3377/2986/3371 3389/2997/3383
f 3392/3000/3386 3393/2987/3387 3377/2986/3371 3391/2999/3385
f 2184/3001/2182 2614/3002/2612 3378/2984/3372 2628/3003/2625
f 2614/3002/2612 2615/3004/2613 3379/2985/3373 3378/2984/3372
f 2628/3003/2625 3378/2984/3372 3393/2987/3387 2627/3005/2624
f 2182/1722/2180 2680/3006/2676 3380/2988/3374 2616/3007/2614
f 2680/3006/2676 2681/3008/2677 3381/2989/3375 3380/2988/3374
f 2616/3007/2614 3380/2988/3374 3379/2985/3373 2615/3004/2613
f 2196/3009/2194 2671/3010/2667 3382/2990/3376 2682/3011/2678
f 2671/3010/2667 2672/3012/2668 3383/2991/3377 3382/2990/3376
f 2682/3011/2678 3382/2990/3376 3381/2989/3375 2681/3008/2677
f 2194/3013/2192 2662/3014/2658 3384/2992/3378 2673/3015/2669
f 2662/3014/2658 2663/3016/2659 3385/2993/3379 3384/2992/3378
f 2673/3015/2669 3384/2992/3378 3383/2991/3377 2672/3012/2668
f 2192/3017/2190 2653/3018/2649 3386/2994/3380 2664/3019/2660
f 2653/3018/2649 2654/3020/2650 3387/2995/3381 3386/2994/3380
f 2664/3019/2660 3386/2994/3380 3385/2993/3379 2663/3016/2659
f 2190/1734/2188 2644/3021/2641 3388/2996/3382 2655/3022/2651
f 2644/3021/2641 2645/3023/2642 3389/2997/3383 3388/2996/3382
f 2655/3022/2651 3388/2996/3382 3387/2995/3381 2654/3020/2650
f 2188/3024/2186 2635/3025/2632 3390/2998/3384 2646/3026/2643
f 2635/3025/2632 2636/3027/2633 3391/2999/3385 3390/2998/3384
f 2646/3026/2643 3390/2998/3384 3389/2997/3383 2645/3023/2642
f 2186/3028/2184 2626/3029/2623 3392/3000/3386 2637/3030/2634
f 2626/3029/2623 2627/3005/2624 3393/2987/3387 3392/3000/3386
f 2637/3030/2634 3392/3000/3386 3391/2999/3385 2636/3027/2633
f 3394/3031/3388 3395/3032/3389 3398/3033/3392 3397/3034/3391
f 3395/3032/3389 3396/3035/3390 3399/3036/3393 3398/3033/3392
f 3397/3034/3391 3398/3033/3392 3401/3037/3395 3400/3038/3394
f 3398/3033/3392 3399/3036/3393 3402/3039/3396 3401/3037/3395
f 2193/2982/2191 2667/2980/2663 3394/3031/3388 2668/3040/2664
f 2667/2980/2663 2666/2979/2662 3395/3032/3389 3394/3031/3388
f 2666/2979/2662 2665/2978/2661 3396/3035/3390 3395/3032/3389
f 2665/2978/2661 2194/2977/2192 2673/3041/2669 3396/3035/3390
f 3396/3035/3390 2673/3041/2669 2672/3042/2668 3399/3036/3393
f 3399/3036/3393 2672/3042/2668 2671/3043/2667 3402/3039/3396
f 3402/3039/3396 2671/3043/2667 2196/3044/2194 2674/3045/2670
f 3401/3037/3395 3402/3039/3396 2674/3045/2670 2675/3046/2671
f 3400/3038/3394 3401/3037/3395 2675/3046/2671 2676/3047/2672
f 2670/3048/2666 3400/3038/3394 2676/3047/2672 2195/3049/2193
f 2669/3050/2665 3397/3034/3391 3400/3038/3394 2670/3048/2666
f 2668/3040/2664 3394/3031/3388 3397/3034/3391 2669/3050/2665
f 3403/3051/3397 3404/3052/3398 3407/3053/3401 3406/3054/3400
f 3404/3052/3398 3405/3055/3399 3408/3056/3402 3407/3053/3401
f 3406/3054/3400 3407/3053/3401 3410/3057/3404 3409/3058/3403
f 3407/3053/3401 3408/3056/3402 3411/3059/3405 3410/3057/3404
f 2195/3049/2193 2676/3047/2672 3403/3051/3397 2677/3060/2673
f 2676/3047/2672 2675/3046/2671 3404/3052/3398 3403/3051/3397
f 2675/3046/2671 2674/3045/2670 3405/3055/3399 3404/3052/3398
f 2674/3045/2670 2196/3044/2194 2682/3061/2678 3405/3055/3399
f 3405/3055/3399 2682/3061/2678 2681/3062/2677 3408/3056/3402
f 3408/3056/3402 2681/3062/2677 2680/3063/2676 3411/3059/3405
f 3411/3059/3405 2680/3063/2676 2182/3064/2180 2619/3065/2616
f 3410/3057/3404 3411/3059/3405 2619/3065/2616 2618/3066/2168
f 3409/3058/3403 3410/3057/3404 2618/3066/2168 2617/3067/2615
f 2679/3068/2675 3409/3058/3403 2617/3067/2615 2181/3069/2179
f 2678/3070/2674 3406/3054/3400 3409/3058/3403 2679/3068/2675
f 2677/3060/2673 3403/3051/3397 3406/3054/3400 2678/3070/2674
f 3413/3071/3407 3414/3072/3408 3412/3073/3406 3428/3074/3422
f 3415/3075/3409 3416/3076/3410 3412/3073/3406 3414/3072/3408
f 3417/3077/3411 3418/3078/3412 3412/3073/3406 3416/3076/3410
f 3419/3079/3413 3420/3080/3414 3412/3073/3406 3418/3078/3412
f 3421/3081/3415 3422/3082/3416 3412/3073/3406 3420/3080/3414
f 3423/3083/3417 3424/3084/3418 3412/3073/3406 3422/3082/3416
f 3425/3085/3419 3426/3086/3420 3412/3073/3406 3424/3084/3418
f 3427/3087/3421 3428/3074/3422 3412/3073/3406 3426/3086/3420
f 2181/1794/2179 2611/3088/2609 3413/3071/3407 2679/3089/2675
f 2611/3088/2609 2612/3090/2610 3414/3072/3408 3413/3071/3407
f 2679/3089/2675 3413/3071/3407 3428/3074/3422 2678/3091/2674
f 2183/3092/2181 2623/3093/2620 3415/3075/3409 2613/3094/2611
f 2623/3093/2620 2624/3095/2621 3416/3076/3410 3415/3075/3409
f 2613/3094/2611 3415/3075/3409 3414/3072/3408 2612/3090/2610
f 2185/3096/2183 2632/3097/2629 3417/3077/3411 2625/3098/2622
f 2632/3097/2629 2633/3099/2630 3418/3078/3412 3417/3077/3411
f 2625/3098/2622 3417/3077/3411 3416/3076/3410 2624/3095/2621
f 2187/3100/2185 2641/3101/2638 3419/3079/3413 2634/3102/2631
f 2641/3101/2638 2642/3103/2639 3420/3080/3414 3419/3079/3413
f 2634/3102/2631 3419/3079/3413 3418/3078/3412 2633/3099/2630
f 2189/1807/2187 2650/3104/2646 3421/3081/3415 2643/3105/2640
f 2650/3104/2646 2651/3106/2647 3422/3082/3416 3421/3081/3415
f 2643/3105/2640 3421/3081/3415 3420/3080/3414 2642/3103/2639
f 2191/3107/2189 2659/3108/2655 3423/3083/3417 2652/3109/2648
f 2659/3108/2655 2660/3110/2656 3424/3084/3418 3423/3083/3417
f 2652/3109/2648 3423/3083/3417 3422/3082/3416 2651/3106/2647
f 2193/3111/2191 2668/3112/2664 3425/3085/3419 2661/3113/2657
f 2668/3112/2664 2669/3114/2665 3426/3086/3420 3425/3085/3419
f 2661/3113/2657 3425/3085/3419 3424/3084/3418 2660/3110/2656
f 2195/3115/2193 2677/3116/2673 3427/3087/3421 2670/3117/2666
f 2677/3116/2673 2678/3091/2674 3428/3074/3422 3427/3087/3421
f 2670/3117/2666 3427/3087/3421 3426/3086/3420 2669/3114/2665
