# Blender 5.2.1 LTS
# www.blender.org
mtllib fork_energy_smooth.mtl
o fork_energy_smooth
v 1.464252 2.767672 -1.009040
v 1.464252 6.004360 0.572176
v 1.678590 2.731561 -0.927934
v 1.588057 5.983501 0.619025
v 1.767372 2.644382 -0.732126
v 1.639339 5.933146 0.732126
v 1.678590 2.557202 -0.536319
v 1.588057 5.882790 0.845228
v 1.464252 2.521091 -0.455212
v 1.464252 5.861931 0.892076
v 1.249914 2.557202 -0.536319
v 1.340447 5.882790 0.845228
v 1.161132 2.644382 -0.732126
v 1.289165 5.933146 0.732126
v 1.249914 2.731561 -0.927934
v 1.340447 5.983501 0.619025
v 0.000000 -0.909397 0.000000
v 0.875127 -0.240864 0.635810
v -0.334264 -0.240864 1.028770
v -1.081715 -0.240860 0.000000
v -0.334264 -0.240864 -1.028770
v 0.875127 -0.240864 -0.635810
v 0.334264 0.840864 1.028770
v -0.875127 0.840864 0.635811
v -0.875127 0.840863 -0.635811
v 0.334264 0.840864 -1.028770
v 1.081715 0.840860 -0.000000
v -0.000001 1.509396 -0.000000
v -0.195326 -0.722763 0.601157
v 0.511377 -0.722764 0.371533
v 0.316052 -0.332107 0.972695
v 1.022756 -0.332105 0.000000
v 0.511377 -0.722764 -0.371533
v -0.632097 -0.722762 -0.000000
v -0.827427 -0.332105 0.601158
v -0.195326 -0.722763 -0.601157
v -0.827427 -0.332105 -0.601159
v 0.316053 -0.332107 -0.972695
v 1.143479 0.299999 0.371535
v 1.143479 0.299999 -0.371535
v -0.000000 0.299999 1.202322
v 0.706708 0.299999 0.972698
v -1.143479 0.299999 0.371535
v -0.706709 0.299999 0.972699
v -0.706709 0.299999 -0.972699
v -1.143479 0.299999 -0.371535
v 0.706708 0.299999 -0.972699
v -0.000000 0.299999 -1.202323
v 0.827426 0.932104 0.601159
v -0.316053 0.932105 0.972695
v -1.022756 0.932104 0.000000
v -0.316053 0.932105 -0.972695
v 0.827426 0.932103 -0.601159
v 0.195325 1.322762 0.601157
v 0.632097 1.322760 0.000000
v -0.511377 1.322762 0.371533
v -0.511377 1.322762 -0.371534
v 0.195325 1.322762 -0.601157
v -1.464252 2.521092 0.455212
v -1.464252 5.861931 -0.892075
v -1.249914 2.557203 0.536319
v -1.340447 5.882789 -0.845227
v -1.161132 2.644382 0.732126
v -1.289165 5.933145 -0.732126
v -1.249914 2.731561 0.927933
v -1.340447 5.983501 -0.619024
v -1.464252 2.767672 1.009039
v -1.464252 6.004359 -0.572176
v -1.678590 2.731561 0.927933
v -1.588057 5.983501 -0.619024
v -1.767372 2.644382 0.732126
v -1.639339 5.933145 -0.732126
v -1.678590 2.557203 0.536319
v -1.588057 5.882789 -0.845227
v -0.501023 2.740297 -0.049658
v -0.501023 6.323080 -0.423894
v -0.286685 2.752653 0.038259
v -0.377218 6.330217 -0.373112
v -0.197903 2.782483 0.250511
v -0.325936 6.347447 -0.250512
v -0.286685 2.812314 0.462763
v -0.377218 6.364677 -0.127911
v -0.501023 2.824669 0.550681
v -0.501023 6.371815 -0.077129
v -0.715361 2.812314 0.462764
v -0.624828 6.364677 -0.127911
v -0.804143 2.782484 0.250511
v -0.676110 6.347447 -0.250512
v -0.715361 2.752653 0.038259
v -0.624828 6.330217 -0.373112
v 0.501023 2.824669 -0.550681
v 0.501023 6.371815 0.077129
v 0.715361 2.812313 -0.462764
v 0.624828 6.364677 0.127912
v 0.804143 2.782483 -0.250512
v 0.676110 6.347447 0.250512
v 0.715361 2.752653 -0.038260
v 0.624828 6.330217 0.373112
v 0.501023 2.740297 0.049658
v 0.501023 6.323080 0.423894
v 0.286685 2.752653 -0.038259
v 0.377218 6.330217 0.373112
v 0.197904 2.782483 -0.250512
v 0.325937 6.347447 0.250512
v 0.286685 2.812313 -0.462764
v 0.377218 6.364677 0.127912
v 1.507947 2.521112 -1.100782
v 1.570773 2.388637 -1.127492
v 1.636044 2.499531 -1.052309
v 1.556433 6.223400 0.725727
v 1.518880 6.347130 0.772078
v 1.486683 6.235151 0.699333
v 1.464252 3.437326 -0.713270
v 1.464252 4.400932 -0.251935
v 1.464252 5.354987 0.230851
v 1.621780 5.328447 0.290461
v 1.659256 4.368079 -0.178145
v 1.680127 3.400957 -0.631582
v 1.697838 2.474397 -0.995858
v 1.721416 2.327365 -0.989873
v 1.750898 2.422296 -0.878835
v 1.617047 6.182127 0.818426
v 1.596137 6.315707 0.842655
v 1.588155 6.210497 0.754706
v 1.687031 5.264375 0.434370
v 1.740029 4.288764 0.000000
v 1.769546 3.313152 -0.434370
v 1.750898 2.386751 -0.799001
v 1.721416 2.240713 -0.795249
v 1.697838 2.334649 -0.681978
v 1.588155 6.135510 0.923129
v 1.596136 6.271269 0.942466
v 1.617047 6.163880 0.859409
v 1.621780 5.200302 0.578280
v 1.659256 4.209448 0.178145
v 1.680127 3.225348 -0.237158
v 1.636044 2.309515 -0.625526
v 1.570773 2.179441 -0.657629
v 1.507947 2.287934 -0.577054
v 1.486683 6.110857 0.978503
v 1.518880 6.239846 1.013043
v 1.556433 6.122608 0.952109
v 1.464252 5.173762 0.637889
v 1.464252 4.176595 0.251935
v 1.464252 3.188978 -0.155470
v 1.420557 2.287934 -0.577054
v 1.357731 2.179441 -0.657629
v 1.292460 2.309515 -0.625527
v 1.372071 6.122608 0.952109
v 1.409624 6.239846 1.013043
v 1.441821 6.110857 0.978503
v 1.306723 5.200302 0.578280
v 1.269248 4.209448 0.178145
v 1.248376 3.225348 -0.237158
v 1.230666 2.334649 -0.681978
v 1.207087 2.240713 -0.795249
v 1.177606 2.386751 -0.799001
v 1.311457 6.163880 0.859409
v 1.332367 6.271269 0.942466
v 1.340349 6.135510 0.923130
v 1.241473 5.264375 0.434370
v 1.188475 4.288764 0.000000
v 1.158958 3.313152 -0.434370
v 1.177606 2.422296 -0.878835
v 1.207087 2.327365 -0.989873
v 1.230666 2.474397 -0.995858
v 1.340349 6.210497 0.754706
v 1.332367 6.315707 0.842655
v 1.311457 6.182127 0.818426
v 1.306723 5.328447 0.290461
v 1.269248 4.368079 -0.178145
v 1.248376 3.400957 -0.631582
v 1.292460 2.499531 -1.052309
v 1.357731 2.388637 -1.127492
v 1.420557 2.521112 -1.100782
v 1.441821 6.235151 0.699333
v 1.409624 6.347130 0.772078
v 1.372071 6.223400 0.725727
v -0.139355 -0.817390 0.428894
v -0.096111 -0.867960 0.295801
v -0.052546 -0.897476 0.161722
v 0.645384 -0.603076 0.468894
v 0.732610 -0.500524 0.532266
v 0.804976 -0.387628 0.584843
v 0.118331 -0.324362 1.023764
v -0.028202 -0.308300 1.044048
v -0.169899 -0.282533 1.046254
v 1.010226 -0.324361 0.203824
v 0.984236 -0.308298 0.349452
v 0.942547 -0.282533 0.484894
v 0.645384 -0.603076 -0.468894
v 0.732610 -0.500524 -0.532267
v 0.804976 -0.387628 -0.584844
v -0.450968 -0.817388 0.000000
v -0.311025 -0.867959 -0.000000
v -0.170045 -0.897476 -0.000000
v -0.937096 -0.324360 0.428895
v -1.001668 -0.308296 0.295802
v -1.047552 -0.282530 0.161723
v -0.139355 -0.817390 -0.428894
v -0.096111 -0.867959 -0.295801
v -0.052546 -0.897476 -0.161722
v -0.697482 -0.324362 -0.758693
v -0.590856 -0.308298 -0.861233
v -0.477516 -0.282533 -0.946304
v 0.506030 -0.324363 -0.897792
v 0.636500 -0.308300 -0.828071
v 0.752430 -0.282533 -0.746567
v 1.096356 0.126612 0.468896
v 1.043638 0.002731 0.532268
v 0.975024 -0.112485 0.584844
v 1.162583 0.473386 -0.265071
v 1.157183 0.597266 -0.182815
v 1.132576 0.712481 -0.099950
v -0.107156 0.126612 1.187593
v -0.183717 0.002730 1.157038
v -0.254923 -0.112485 1.108028
v 0.611356 0.473387 1.023768
v 0.531456 0.597269 1.044051
v 0.445040 0.712484 1.046255
v -1.162583 0.126614 0.265071
v -1.157183 0.002733 0.182815
v -1.132576 -0.112483 0.099950
v -0.784744 0.473387 0.897794
v -0.828725 0.597269 0.828073
v -0.857525 0.712484 0.746568
v -0.611356 0.126613 -1.023768
v -0.531456 0.002730 -1.044052
v -0.445041 -0.112485 -1.046256
v -1.096356 0.473387 -0.468895
v -1.043638 0.597268 -0.532268
v -0.975024 0.712484 -0.584844
v 0.784743 0.126612 -0.897795
v 0.828725 0.002731 -0.828073
v 0.857525 -0.112484 -0.746568
v 0.107156 0.473387 -1.187593
v 0.183717 0.597268 -1.157038
v 0.254923 0.712485 -1.108028
v 0.697482 0.924360 0.758693
v 0.590856 0.908298 0.861233
v 0.477516 0.882532 0.946304
v -0.506030 0.924361 0.897792
v -0.636500 0.908298 0.828071
v -0.752431 0.882532 0.746567
v -1.010226 0.924360 -0.203824
v -0.984236 0.908297 -0.349452
v -0.942546 0.882532 -0.484894
v -0.118331 0.924361 -1.023765
v 0.028202 0.908298 -1.044049
v 0.169899 0.882532 -1.046254
v 0.937096 0.924359 -0.428895
v 1.001668 0.908295 -0.295802
v 1.047552 0.882529 -0.161722
v 0.246511 1.203075 0.758691
v 0.279827 1.100523 0.861232
v 0.307469 0.987627 0.946303
v 0.450968 1.417387 0.000000
v 0.311025 1.467958 0.000000
v 0.170045 1.497475 -0.000000
v -0.645384 1.203075 0.468894
v -0.732610 1.100523 0.532267
v -0.804976 0.987626 0.584843
v -0.645384 1.203075 -0.468894
v -0.732610 1.100523 -0.532267
v -0.804976 0.987627 -0.584844
v 0.246510 1.203075 -0.758691
v 0.279827 1.100523 -0.861232
v 0.307469 0.987627 -0.946303
v -0.307469 -0.387627 0.946303
v -0.279827 -0.500524 0.861231
v -0.246510 -0.603076 0.758691
v 0.137570 -0.897476 0.099949
v 0.251625 -0.867960 0.182814
v 0.364841 -0.817390 0.265070
v 0.752430 -0.282533 0.746567
v 0.636500 -0.308299 0.828071
v 0.506030 -0.324363 0.897791
v 0.942547 -0.282533 -0.484894
v 0.984236 -0.308299 -0.349452
v 1.010226 -0.324361 -0.203824
v 0.137570 -0.897476 -0.099949
v 0.251625 -0.867960 -0.182815
v 0.364841 -0.817390 -0.265070
v -0.995004 -0.387624 -0.000000
v -0.905556 -0.500521 -0.000000
v -0.797738 -0.603073 0.000000
v -0.477516 -0.282533 0.946304
v -0.590856 -0.308299 0.861233
v -0.697482 -0.324361 0.758693
v -0.307469 -0.387628 -0.946303
v -0.279827 -0.500524 -0.861232
v -0.246511 -0.603076 -0.758691
v -1.047552 -0.282530 -0.161723
v -1.001668 -0.308296 -0.295802
v -0.937096 -0.324360 -0.428895
v -0.169899 -0.282534 -1.046254
v -0.028202 -0.308299 -1.044049
v 0.118331 -0.324363 -1.023765
v 1.132576 0.712481 0.099950
v 1.157183 0.597266 0.182815
v 1.162583 0.473385 0.265071
v 0.975024 -0.112485 -0.584844
v 1.043638 0.002731 -0.532268
v 1.096356 0.126612 -0.468896
v 0.254923 0.712485 1.108028
v 0.183717 0.597268 1.157038
v 0.107156 0.473387 1.187592
v 0.857525 -0.112485 0.746568
v 0.828724 0.002731 0.828073
v 0.784743 0.126612 0.897795
v -0.975024 0.712484 0.584844
v -1.043639 0.597268 0.532268
v -1.096356 0.473387 0.468895
v -0.445040 -0.112485 1.046256
v -0.531456 0.002731 1.044051
v -0.611357 0.126612 1.023768
v -0.857525 0.712485 -0.746568
v -0.828724 0.597269 -0.828073
v -0.784744 0.473387 -0.897795
v -1.132576 -0.112483 -0.099950
v -1.157183 0.002733 -0.182815
v -1.162583 0.126613 -0.265071
v 0.445040 0.712485 -1.046256
v 0.531456 0.597269 -1.044051
v 0.611356 0.473387 -1.023768
v -0.254923 -0.112485 -1.108029
v -0.183717 0.002730 -1.157039
v -0.107156 0.126612 -1.187593
v 1.047552 0.882529 0.161722
v 1.001668 0.908295 0.295802
v 0.937096 0.924359 0.428895
v 0.169898 0.882532 1.046254
v 0.028202 0.908298 1.044049
v -0.118331 0.924361 1.023765
v -0.942547 0.882532 0.484894
v -0.984235 0.908298 0.349452
v -1.010226 0.924360 0.203824
v -0.752430 0.882532 -0.746567
v -0.636500 0.908298 -0.828071
v -0.506030 0.924361 -0.897792
v 0.477516 0.882532 -0.946304
v 0.590856 0.908297 -0.861233
v 0.697482 0.924361 -0.758693
v 0.052546 1.497475 0.161722
v 0.096111 1.467959 0.295801
v 0.139354 1.417389 0.428894
v 0.995005 0.987623 -0.000000
v 0.905555 1.100520 0.000000
v 0.797738 1.203072 0.000000
v -0.137570 1.497476 0.099949
v -0.251625 1.467959 0.182814
v -0.364841 1.417389 0.265069
v -0.137570 1.497476 -0.099949
v -0.251625 1.467960 -0.182814
v -0.364841 1.417389 -0.265070
v 0.052546 1.497475 -0.161722
v 0.096111 1.467959 -0.295801
v 0.139355 1.417388 -0.428894
v 0.531398 1.360141 -0.185060
v 0.441021 1.369141 -0.320420
v 0.340212 1.360142 -0.448200
v 0.710566 1.249410 -0.185060
v 0.759032 1.172600 -0.320421
v 0.796066 1.078411 -0.448202
v 0.395577 1.249412 -0.618599
v 0.539291 1.172602 -0.622864
v 0.672263 1.078412 -0.618599
v -0.011795 1.360143 -0.562573
v -0.168458 1.369143 -0.518449
v -0.321135 1.360143 -0.462061
v 0.043570 1.249412 -0.732972
v -0.070190 1.172603 -0.820895
v -0.180273 1.078413 -0.895603
v -0.466085 1.249412 -0.567373
v -0.425733 1.172603 -0.705370
v -0.380587 1.078413 -0.830515
v -0.538686 1.360142 -0.162629
v -0.545133 1.369142 0.000000
v -0.538686 1.360143 0.162629
v -0.683636 1.249412 -0.267940
v -0.802409 1.172602 -0.186919
v -0.907478 1.078412 -0.105311
v -0.683636 1.249412 0.267940
v -0.802409 1.172602 0.186919
v -0.907478 1.078412 0.105311
v -0.321135 1.360143 0.462062
v -0.168458 1.369142 0.518449
v -0.011795 1.360143 0.562573
v -0.466085 1.249413 0.567373
v -0.425733 1.172603 0.705370
v -0.380587 1.078413 0.830516
v 0.043569 1.249413 0.732972
v -0.070190 1.172603 0.820895
v -0.180273 1.078413 0.895603
v 0.340212 1.360143 0.448201
v 0.441021 1.369141 0.320420
v 0.531397 1.360141 0.185060
v 0.395577 1.249412 0.618599
v 0.539291 1.172602 0.622864
v 0.672263 1.078412 0.618599
v 0.710566 1.249410 0.185061
v 0.759032 1.172601 0.320421
v 0.796066 1.078411 0.448201
v 1.091834 0.486877 -0.462063
v 1.031602 0.627464 -0.518451
v 0.953490 0.763565 -0.562575
v 1.057616 0.307708 -0.567375
v 0.970868 0.309451 -0.705373
v 0.866431 0.307708 -0.830519
v 0.829687 0.763565 -0.732975
v 0.811862 0.627464 -0.820898
v 0.776846 0.486878 -0.895607
v -0.102058 0.486878 -1.181180
v -0.174300 0.627465 -1.141320
v -0.240402 0.763566 -1.080666
v -0.212789 0.307708 -1.181181
v -0.370838 0.309451 -1.141322
v -0.522132 0.307708 -1.080669
v -0.440718 0.763566 -1.015579
v -0.529845 0.627465 -1.025796
v -0.611717 0.486878 -1.015581
v -1.154908 0.486878 -0.267940
v -1.139323 0.627464 -0.186920
v -1.102064 0.763565 -0.105311
v -1.189127 0.307709 -0.162629
v -1.200059 0.309451 -0.000000
v -1.189127 0.307709 0.162629
v -1.102064 0.763565 0.105311
v -1.139323 0.627464 0.186919
v -1.154908 0.486878 0.267940
v -0.611717 0.486878 1.015581
v -0.529845 0.627465 1.025796
v -0.440718 0.763566 1.015579
v -0.522132 0.307708 1.080669
v -0.370839 0.309451 1.141322
v -0.212789 0.307708 1.181180
v -0.240402 0.763566 1.080666
v -0.174300 0.627465 1.141320
v -0.102058 0.486878 1.181180
v 0.776846 0.486878 0.895606
v 0.811861 0.627464 0.820898
v 0.829687 0.763565 0.732974
v 0.866431 0.307708 0.830519
v 0.970868 0.309450 0.705373
v 1.057616 0.307708 0.567375
v 0.953490 0.763565 0.562575
v 1.031602 0.627464 0.518451
v 1.091834 0.486878 0.462063
v 0.522131 0.292291 -1.080669
v 0.370838 0.290548 -1.141322
v 0.212788 0.292291 -1.181180
v 0.611717 0.113121 -1.015581
v 0.529845 -0.027466 -1.025796
v 0.440717 -0.163568 -1.015579
v 0.102058 0.113120 -1.181180
v 0.174300 -0.027466 -1.141321
v 0.240402 -0.163568 -1.080666
v -0.866432 0.292291 -0.830519
v -0.970869 0.290549 -0.705373
v -1.057616 0.292291 -0.567375
v -0.776847 0.113121 -0.895607
v -0.811862 -0.027465 -0.820898
v -0.829687 -0.163566 -0.732975
v -1.091834 0.113122 -0.462063
v -1.031602 -0.027465 -0.518451
v -0.953490 -0.163566 -0.562575
v -1.057616 0.292291 0.567375
v -0.970868 0.290549 0.705373
v -0.866432 0.292291 0.830519
v -1.091834 0.113122 0.462063
v -1.031602 -0.027464 0.518451
v -0.953490 -0.163566 0.562575
v -0.776846 0.113121 0.895607
v -0.811862 -0.027465 0.820898
v -0.829687 -0.163566 0.732974
v 0.212789 0.292291 1.181180
v 0.370838 0.290548 1.141322
v 0.522131 0.292291 1.080669
v 0.102058 0.113121 1.181180
v 0.174300 -0.027466 1.141320
v 0.240402 -0.163567 1.080666
v 0.611717 0.113121 1.015581
v 0.529845 -0.027466 1.025796
v 0.440717 -0.163567 1.015579
v 1.189127 0.292291 0.162629
v 1.200059 0.290548 -0.000000
v 1.189127 0.292291 -0.162629
v 1.154908 0.113121 0.267940
v 1.139323 -0.027465 0.186919
v 1.102064 -0.163566 0.105311
v 1.154908 0.113121 -0.267940
v 1.139323 -0.027465 -0.186919
v 1.102064 -0.163566 -0.105311
v 0.466085 -0.649414 -0.567373
v 0.425733 -0.572604 -0.705370
v 0.380587 -0.478414 -0.830516
v 0.321135 -0.760144 -0.462061
v 0.168457 -0.769143 -0.518449
v 0.011795 -0.760144 -0.562573
v 0.180273 -0.478414 -0.895603
v 0.070190 -0.572604 -0.820895
v -0.043570 -0.649414 -0.732972
v -0.395577 -0.649413 -0.618599
v -0.539291 -0.572603 -0.622864
v -0.672263 -0.478413 -0.618600
v -0.340212 -0.760144 -0.448201
v -0.441021 -0.769142 -0.320420
v -0.531397 -0.760142 -0.185060
v -0.796066 -0.478412 -0.448201
v -0.759032 -0.572601 -0.320421
v -0.710566 -0.649411 -0.185060
v -0.710566 -0.649411 0.185060
v -0.759032 -0.572602 0.320421
v -0.796066 -0.478412 0.448201
v -0.531397 -0.760142 0.185060
v -0.441021 -0.769142 0.320420
v -0.340212 -0.760143 0.448200
v -0.672263 -0.478413 0.618600
v -0.539291 -0.572603 0.622864
v -0.395577 -0.649413 0.618599
v 0.907478 -0.478413 -0.105311
v 0.802409 -0.572603 -0.186919
v 0.683635 -0.649413 -0.267939
v 0.907478 -0.478413 0.105311
v 0.802409 -0.572604 0.186919
v 0.683635 -0.649413 0.267939
v 0.538685 -0.760144 -0.162629
v 0.545133 -0.769143 0.000000
v 0.538685 -0.760144 0.162629
v -0.043569 -0.649414 0.732971
v 0.070190 -0.572604 0.820895
v 0.180273 -0.478414 0.895603
v 0.011795 -0.760144 0.562573
v 0.168457 -0.769143 0.518449
v 0.321135 -0.760145 0.462061
v 0.380587 -0.478414 0.830515
v 0.425733 -0.572604 0.705370
v 0.466085 -0.649414 0.567373
v -1.420557 2.287934 0.577054
v -1.357731 2.179440 0.657629
v -1.292459 2.309515 0.625527
v -1.372071 6.122608 -0.952109
v -1.409624 6.239846 -1.013044
v -1.441821 6.110857 -0.978503
v -1.464252 3.188978 0.155470
v -1.464252 4.176595 -0.251935
v -1.464252 5.173762 -0.637889
v -1.306723 5.200302 -0.578280
v -1.269249 4.209448 -0.178145
v -1.248376 3.225348 0.237158
v -1.230666 2.334649 0.681978
v -1.207087 2.240713 0.795249
v -1.177606 2.386751 0.799001
v -1.311457 6.163880 -0.859409
v -1.332367 6.271269 -0.942467
v -1.340349 6.135510 -0.923129
v -1.241473 5.264375 -0.434370
v -1.188475 4.288764 0.000000
v -1.158958 3.313152 0.434370
v -1.177606 2.422296 0.878835
v -1.207087 2.327365 0.989873
v -1.230666 2.474397 0.995858
v -1.340349 6.210497 -0.754706
v -1.332367 6.315707 -0.842655
v -1.311457 6.182127 -0.818426
v -1.306723 5.328447 -0.290461
v -1.269248 4.368079 0.178145
v -1.248376 3.400957 0.631582
v -1.292460 2.499531 1.052309
v -1.357731 2.388637 1.127492
v -1.420557 2.521112 1.100782
v -1.441821 6.235151 -0.699333
v -1.409623 6.347131 -0.772078
v -1.372070 6.223400 -0.725727
v -1.464252 5.354987 -0.230852
v -1.464252 4.400932 0.251935
v -1.464252 3.437326 0.713270
v -1.507946 2.521112 1.100782
v -1.570773 2.388637 1.127493
v -1.636044 2.499531 1.052309
v -1.556433 6.223400 -0.725727
v -1.518880 6.347131 -0.772078
v -1.486683 6.235151 -0.699333
v -1.621780 5.328447 -0.290461
v -1.659256 4.368079 0.178145
v -1.680127 3.400957 0.631582
v -1.697837 2.474398 0.995858
v -1.721416 2.327365 0.989873
v -1.750898 2.422296 0.878835
v -1.617046 6.182127 -0.818426
v -1.596136 6.315708 -0.842656
v -1.588155 6.210497 -0.754706
v -1.687031 5.264375 -0.434370
v -1.740029 4.288764 -0.000000
v -1.769546 3.313152 0.434370
v -1.750897 2.386751 0.799001
v -1.721416 2.240713 0.795249
v -1.697838 2.334649 0.681978
v -1.588155 6.135510 -0.923130
v -1.596137 6.271269 -0.942466
v -1.617046 6.163880 -0.859409
v -1.621781 5.200302 -0.578280
v -1.659256 4.209448 -0.178145
v -1.680127 3.225348 0.237158
v -1.636044 2.309515 0.625526
v -1.570773 2.179440 0.657629
v -1.507946 2.287934 0.577054
v -1.486682 6.110857 -0.978503
v -1.518880 6.239846 -1.013044
v -1.556433 6.122608 -0.952109
v -0.457329 2.482587 0.003197
v -0.394502 2.356087 0.050746
v -0.329231 2.489972 0.055740
v -0.408842 6.590206 -0.409750
v -0.446395 6.719698 -0.436009
v -0.478593 6.586185 -0.438360
v -0.501023 3.464930 -0.153694
v -0.501023 4.526585 -0.273093
v -0.501023 5.591507 -0.369239
v -0.343495 5.600588 -0.304624
v -0.306020 4.537826 -0.193106
v -0.285148 3.477375 -0.065146
v -0.267437 2.498572 0.116932
v -0.243859 2.377053 0.199923
v -0.214378 2.516399 0.243783
v -0.348229 6.604328 -0.309265
v -0.369139 6.730451 -0.359505
v -0.377120 6.594621 -0.378337
v -0.278244 5.622512 -0.148628
v -0.225246 4.564965 -0.000000
v -0.195729 3.507419 0.148628
v -0.214378 2.528562 0.330322
v -0.243859 2.406703 0.410892
v -0.267437 2.546390 0.457173
v -0.377120 6.620279 -0.195769
v -0.369139 6.745656 -0.251311
v -0.348228 6.610572 -0.264840
v -0.343495 5.644435 0.007367
v -0.306019 4.592104 0.193106
v -0.285148 3.537463 0.362403
v -0.329231 2.554990 0.518365
v -0.394502 2.427668 0.560069
v -0.457329 2.562374 0.570908
v -0.478593 6.628715 -0.135745
v -0.446395 6.756408 -0.174806
v -0.408842 6.624694 -0.164355
v -0.501023 5.653517 0.071982
v -0.501023 4.603346 0.273093
v -0.501023 3.549908 0.450952
v -0.544718 2.562374 0.570909
v -0.607544 2.427668 0.560069
v -0.672815 2.554989 0.518365
v -0.593204 6.624694 -0.164355
v -0.555652 6.756408 -0.174806
v -0.523454 6.628715 -0.135745
v -0.658552 5.644435 0.007367
v -0.696027 4.592104 0.193106
v -0.716899 3.537463 0.362403
v -0.734609 2.546390 0.457173
v -0.758188 2.406702 0.410892
v -0.787669 2.528562 0.330322
v -0.653818 6.610572 -0.264840
v -0.632908 6.745656 -0.251311
v -0.624926 6.620279 -0.195768
v -0.723802 5.622512 -0.148628
v -0.776800 4.564965 -0.000000
v -0.806317 3.507419 0.148628
v -0.787669 2.516399 0.243783
v -0.758188 2.377053 0.199923
v -0.734609 2.498572 0.116932
v -0.624926 6.594621 -0.378337
v -0.632908 6.730451 -0.359504
v -0.653818 6.604328 -0.309265
v -0.658552 5.600588 -0.304624
v -0.696027 4.537826 -0.193106
v -0.716899 3.477375 -0.065146
v -0.672816 2.489972 0.055740
v -0.607544 2.356087 0.050746
v -0.544718 2.482587 0.003197
v -0.523454 6.586185 -0.438360
v -0.555652 6.719698 -0.436009
v -0.593204 6.590206 -0.409750
v 0.544718 2.562374 -0.570909
v 0.607544 2.427668 -0.560069
v 0.672815 2.554989 -0.518365
v 0.593204 6.624694 0.164355
v 0.555652 6.756408 0.174807
v 0.523454 6.628715 0.135745
v 0.501023 3.549908 -0.450951
v 0.501023 4.603346 -0.273093
v 0.501023 5.653517 -0.071982
v 0.658552 5.644436 -0.007367
v 0.696027 4.592104 -0.193106
v 0.716899 3.537463 -0.362403
v 0.734609 2.546389 -0.457173
v 0.758188 2.406702 -0.410892
v 0.787669 2.528562 -0.330322
v 0.653818 6.610572 0.264840
v 0.632908 6.745656 0.251311
v 0.624926 6.620279 0.195768
v 0.723802 5.622512 0.148629
v 0.776800 4.564965 -0.000000
v 0.806317 3.507419 -0.148629
v 0.787669 2.516399 -0.243783
v 0.758188 2.377053 -0.199923
v 0.734609 2.498571 -0.116932
v 0.624926 6.594621 0.378337
v 0.632908 6.730451 0.359504
v 0.653818 6.604329 0.309265
v 0.658552 5.600588 0.304624
v 0.696027 4.537826 0.193106
v 0.716899 3.477375 0.065146
v 0.672815 2.489972 -0.055740
v 0.607544 2.356087 -0.050746
v 0.544718 2.482587 -0.003197
v 0.523454 6.586185 0.438360
v 0.555652 6.719698 0.436009
v 0.593204 6.590206 0.409750
v 0.501023 5.591507 0.369239
v 0.501023 4.526585 0.273093
v 0.501023 3.464930 0.153694
v 0.457328 2.482587 -0.003197
v 0.394502 2.356087 -0.050746
v 0.329231 2.489972 -0.055740
v 0.408842 6.590206 0.409750
v 0.446395 6.719699 0.436009
v 0.478592 6.586185 0.438360
v 0.343495 5.600588 0.304624
v 0.306020 4.537826 0.193106
v 0.285148 3.477375 0.065146
v 0.267437 2.498572 -0.116932
v 0.243859 2.377053 -0.199923
v 0.214378 2.516399 -0.243783
v 0.348229 6.604328 0.309265
v 0.369139 6.730451 0.359504
v 0.377120 6.594621 0.378337
v 0.278244 5.622512 0.148629
v 0.225246 4.564965 -0.000000
v 0.195729 3.507419 -0.148629
v 0.214377 2.528562 -0.330322
v 0.243859 2.406702 -0.410892
v 0.267437 2.546389 -0.457173
v 0.377120 6.620279 0.195768
v 0.369138 6.745656 0.251311
v 0.348229 6.610572 0.264840
v 0.343495 5.644436 -0.007367
v 0.306019 4.592104 -0.193106
v 0.285148 3.537463 -0.362403
v 0.329231 2.554989 -0.518365
v 0.394502 2.427668 -0.560069
v 0.457328 2.562374 -0.570909
v 0.478592 6.628715 0.135745
v 0.446395 6.756408 0.174806
v 0.408842 6.624694 0.164355
v 1.521391 3.370014 -0.734741
v 1.516749 4.398036 -0.245430
v 1.504031 5.415301 0.268041
v 1.579228 3.306045 -0.741382
v 1.568238 4.390873 -0.229342
v 1.545310 5.463979 0.309028
v 1.634234 3.351003 -0.692041
v 1.617100 4.381129 -0.207457
v 1.586976 5.401327 0.299427
v 1.715041 3.318136 -0.618220
v 1.691341 4.350932 -0.139633
v 1.643232 5.378446 0.350820
v 1.741830 3.239909 -0.592838
v 1.715297 4.331059 -0.094996
v 1.659944 5.417353 0.413751
v 1.761782 3.272238 -0.515133
v 1.732908 4.310116 -0.047958
v 1.677589 5.344709 0.426593
v 1.761782 3.225757 -0.410734
v 1.732908 4.267411 0.047958
v 1.677589 5.312350 0.499274
v 1.741830 3.146378 -0.382765
v 1.715297 4.246469 0.094996
v 1.659944 5.351414 0.561852
v 1.715041 3.179860 -0.307647
v 1.691341 4.226594 0.139633
v 1.643232 5.278613 0.575047
v 1.634234 3.146993 -0.233826
v 1.617100 4.196398 0.207457
v 1.586976 5.255732 0.626440
v 1.579228 3.080242 -0.234221
v 1.568238 4.186654 0.229342
v 1.545310 5.304789 0.666575
v 1.521391 3.127981 -0.191126
v 1.516749 4.179491 0.245430
v 1.504031 5.241757 0.657827
v 1.407113 3.127981 -0.191126
v 1.411755 4.179491 0.245430
v 1.424473 5.241757 0.657827
v 1.349275 3.080242 -0.234221
v 1.360265 4.186654 0.229342
v 1.383194 5.304789 0.666575
v 1.294270 3.146993 -0.233826
v 1.311404 4.196398 0.207457
v 1.341528 5.255732 0.626440
v 1.213463 3.179860 -0.307647
v 1.237162 4.226595 0.139633
v 1.285272 5.278613 0.575047
v 1.186674 3.146378 -0.382765
v 1.213206 4.246469 0.094996
v 1.268560 5.351414 0.561852
v 1.166722 3.225757 -0.410734
v 1.195596 4.267411 0.047958
v 1.250915 5.312349 0.499274
v 1.464252 7.212109 1.301557
v 1.538317 6.721915 1.002234
v 1.495063 6.912473 1.086727
v 1.464252 6.734393 0.974207
v 1.433441 6.912473 1.086727
v 1.390186 6.721915 1.002234
v 1.389867 6.894750 1.126533
v 1.359507 6.691790 1.069896
v 1.389867 6.869686 1.182828
v 1.390186 6.661665 1.137559
v 1.433441 6.851963 1.222634
v 1.464252 6.649186 1.165585
v 1.495063 6.851963 1.222634
v 1.538317 6.661665 1.137559
v 1.538636 6.869686 1.182828
v 1.568996 6.691790 1.069896
v 1.538636 6.894750 1.126533
v 1.166722 3.272238 -0.515133
v 1.195596 4.310116 -0.047958
v 1.250915 5.344709 0.426593
v 1.186674 3.239909 -0.592838
v 1.213206 4.331059 -0.094996
v 1.268560 5.417353 0.413751
v 1.213463 3.318136 -0.618220
v 1.237162 4.350932 -0.139633
v 1.285272 5.378446 0.350820
v 1.294270 3.351003 -0.692041
v 1.311404 4.381129 -0.207457
v 1.341528 5.401327 0.299427
v 1.349275 3.306045 -0.741382
v 1.360265 4.390873 -0.229342
v 1.383194 5.463979 0.309028
v 1.407113 3.370014 -0.734741
v 1.411755 4.398036 -0.245430
v 1.424473 5.415301 0.268041
v 1.464252 1.365418 -1.301557
v 1.464252 1.981166 -1.284233
v 1.536976 1.766721 -1.315072
v 1.630154 1.953216 -1.221455
v 1.639823 1.724889 -1.221117
v 1.698872 1.885737 -1.069896
v 1.639823 1.665730 -1.088244
v 1.630154 1.818259 -0.918338
v 1.536976 1.623898 -0.994288
v 1.464252 1.790308 -0.855560
v 1.391528 1.623898 -0.994288
v 1.298350 1.818259 -0.918338
v 1.288681 1.665730 -1.088244
v 1.229631 1.885737 -1.069896
v 1.288681 1.724889 -1.221117
v 1.298350 1.953216 -1.221455
v 1.391528 1.766721 -1.315072
v 0.111396 -0.854774 0.342834
v 0.069216 -0.889235 0.213021
v 0.175104 -0.864373 0.276793
v 0.260207 -0.820711 0.359249
v 0.136160 -0.822289 0.419049
v 0.000654 -0.820711 0.443584
v 0.021036 -0.864374 0.326853
v 0.854626 -0.477283 0.359014
v 0.872359 -0.393925 0.471066
v 0.803554 -0.492955 0.434236
v 0.739321 -0.578361 0.366942
v 0.835350 -0.520743 0.286786
v 0.927136 -0.434883 0.230488
v 0.915039 -0.407788 0.353238
v -0.291634 -0.854774 0.211884
v -0.181207 -0.889235 0.131654
v -0.209137 -0.864373 0.252066
v -0.261260 -0.820710 0.358484
v -0.356466 -0.822289 0.258987
v -0.421674 -0.820709 0.137696
v -0.304357 -0.864372 0.121008
v -0.291634 -0.854774 -0.211884
v -0.181207 -0.889234 -0.131654
v -0.304357 -0.864373 -0.121009
v -0.421674 -0.820710 -0.137696
v -0.356466 -0.822289 -0.258987
v -0.261260 -0.820710 -0.358484
v -0.209137 -0.864372 -0.252066
v 0.111396 -0.854774 -0.342834
v 0.069216 -0.889235 -0.213021
v 0.021036 -0.864373 -0.326853
v 0.000654 -0.820711 -0.443584
v 0.136160 -0.822289 -0.419049
v 0.260207 -0.820711 -0.359249
v 0.175104 -0.864373 -0.276793
v 1.077418 -0.116799 0.359014
v 1.010791 -0.169938 0.471066
v 1.042277 -0.201913 0.353238
v 1.071921 -0.200617 0.230489
v 1.107669 -0.080122 0.286787
v 1.116259 0.031538 0.366943
v 1.068596 -0.064109 0.434236
v -0.008503 -0.116800 1.135626
v -0.135660 -0.169939 1.106885
v -0.013868 -0.201914 1.100420
v 0.112035 -0.200618 1.090680
v 0.069538 -0.080122 1.142076
v -0.004042 0.031537 1.175016
v -0.082770 -0.064109 1.150481
v -1.082675 -0.116798 0.342836
v -1.094635 -0.169936 0.213022
v -1.050850 -0.201911 0.326854
v -1.002681 -0.200616 0.443585
v -1.064695 -0.080121 0.419050
v -1.118759 0.031538 0.359251
v -1.119753 -0.064107 0.276794
v -0.660622 -0.116800 -0.923741
v -0.540855 -0.169939 -0.975230
v -0.635587 -0.201913 -0.898412
v -0.731722 -0.200618 -0.816528
v -0.727550 -0.080122 -0.883088
v -0.687385 0.031538 -0.952985
v -0.609269 -0.064109 -0.979411
v 0.674389 -0.116800 -0.913738
v 0.760368 -0.169939 -0.815745
v 0.658036 -0.201914 -0.882102
v 0.550454 -0.200619 -0.948228
v 0.615044 -0.080122 -0.964829
v 0.693932 0.031537 -0.948229
v 0.743203 -0.064109 -0.882103
v 0.966024 0.105993 0.701853
v 0.941576 -0.031507 0.684089
v 1.004978 0.063130 0.630034
v 1.043868 0.176322 0.589741
v 0.971512 0.192198 0.705840
v 0.883455 0.176322 0.810532
v 0.909758 0.063129 0.761093
v -0.368986 0.105992 1.135628
v -0.359647 -0.031507 1.106887
v -0.288645 0.063129 1.150482
v -0.238307 0.176322 1.175017
v -0.371083 0.192198 1.142078
v -0.497862 0.176322 1.090683
v -0.442714 0.063129 1.100422
v -1.194071 0.105994 0.000000
v -1.163852 -0.031504 0.000000
v -1.183372 0.063131 0.080998
v -1.191151 0.176322 0.136454
v -1.200854 0.192199 0.000000
v -1.191151 0.176323 -0.136454
v -1.183372 0.063131 -0.080998
v -0.368986 0.105993 -1.135628
v -0.359647 -0.031507 -1.106887
v -0.442714 0.063129 -1.100422
v -0.497862 0.176321 -1.090683
v -0.371083 0.192198 -1.142079
v -0.238307 0.176322 -1.175017
v -0.288645 0.063129 -1.150482
v 0.966024 0.105993 -0.701853
v 0.941576 -0.031506 -0.684090
v 0.909758 0.063129 -0.761093
v 0.883455 0.176322 -0.810532
v 0.971512 0.192198 -0.705840
v 1.043868 0.176322 -0.589741
v 1.004978 0.063129 -0.630034
v 0.480379 1.077282 0.792786
v 0.428861 0.993925 0.893862
v 0.532649 1.007788 0.823623
v 0.614588 1.034881 0.731426
v 0.507239 1.120742 0.723022
v 0.382434 1.178359 0.731425
v 0.394845 1.092955 0.823622
v -0.605542 1.077282 0.701850
v -0.717590 0.993925 0.684088
v -0.618718 1.007788 0.761091
v -0.505714 1.034882 0.810530
v -0.530892 1.120743 0.705837
v -0.577451 1.178360 0.589739
v -0.661300 1.092955 0.630032
v -0.854626 1.077281 -0.359014
v -0.872359 0.993924 -0.471066
v -0.915039 1.007787 -0.353238
v -0.927137 1.034881 -0.230488
v -0.835350 1.120741 -0.286786
v -0.739321 1.178359 -0.366942
v -0.803554 1.092954 -0.434236
v 0.077347 1.077283 -0.923738
v 0.178436 0.993925 -0.975229
v 0.053185 1.007788 -0.979409
v -0.067296 1.034882 -0.952982
v 0.014611 1.120742 -0.883085
v 0.120519 1.178360 -0.816526
v 0.164670 1.092955 -0.898410
v 0.902433 1.077279 -0.211884
v 0.982641 0.993922 -0.131655
v 0.947912 1.007785 -0.252067
v 0.885549 1.034879 -0.358485
v 0.844383 1.120739 -0.258987
v 0.813809 1.178356 -0.137696
v 0.905329 1.092952 -0.121009
v 0.291634 1.454772 -0.211884
v 0.421674 1.420708 -0.137695
v 0.356466 1.422287 -0.258987
v 0.261260 1.420709 -0.358484
v 0.209137 1.464371 -0.252066
v 0.181207 1.489233 -0.131654
v 0.304357 1.464371 -0.121008
v 0.589050 1.253111 -0.427969
v 0.613192 1.292172 -0.275858
v 0.665569 1.220891 -0.382169
v 0.685349 1.147859 -0.497933
v 0.569137 1.220893 -0.514895
v 0.451842 1.292173 -0.497933
v 0.526011 1.307143 -0.382169
v 0.480379 1.077282 -0.792786
v 0.614588 1.034881 -0.731426
v 0.532649 1.007787 -0.823623
v 0.428861 0.993925 -0.893862
v 0.394845 1.092955 -0.823623
v 0.382434 1.178360 -0.731425
v 0.507239 1.120742 -0.723022
v -0.111396 1.454774 -0.342835
v -0.000655 1.420710 -0.443584
v -0.136160 1.422289 -0.419048
v -0.260207 1.420710 -0.359249
v -0.175104 1.464372 -0.276793
v -0.069216 1.489234 -0.213021
v -0.021036 1.464372 -0.326853
v -0.225000 1.253113 -0.692467
v -0.072874 1.292174 -0.668422
v -0.157797 1.220893 -0.751088
v -0.261783 1.147861 -0.805672
v -0.313825 1.220894 -0.700390
v -0.333938 1.292174 -0.583596
v -0.200922 1.307144 -0.618361
v -0.605542 1.077283 -0.701850
v -0.505714 1.034882 -0.810529
v -0.618718 1.007788 -0.761091
v -0.717590 0.993925 -0.684088
v -0.661300 1.092955 -0.630032
v -0.577451 1.178359 -0.589739
v -0.530893 1.120742 -0.705837
v -0.360480 1.454773 -0.000000
v -0.422077 1.420710 -0.136454
v -0.440617 1.422289 -0.000000
v -0.422077 1.420710 0.136454
v -0.317358 1.464372 0.080998
v -0.223985 1.489234 0.000000
v -0.317358 1.464372 -0.080998
v -0.728106 1.253112 -0.000000
v -0.658229 1.292173 -0.137249
v -0.763091 1.220893 -0.082029
v -0.847138 1.147860 0.000000
v -0.763091 1.220893 0.082028
v -0.658229 1.292173 0.137249
v -0.650187 1.307144 0.000000
v -0.854626 1.077282 0.359014
v -0.927137 1.034881 0.230488
v -0.915039 1.007787 0.353238
v -0.872359 0.993925 0.471066
v -0.803554 1.092955 0.434236
v -0.739321 1.178359 0.366942
v -0.835350 1.120741 0.286786
v -0.111396 1.454773 0.342835
v -0.260207 1.420710 0.359249
v -0.136160 1.422289 0.419049
v -0.000655 1.420710 0.443584
v -0.021036 1.464372 0.326853
v -0.069216 1.489234 0.213021
v -0.175104 1.464372 0.276793
v -0.225000 1.253113 0.692467
v -0.333939 1.292174 0.583596
v -0.313825 1.220894 0.700390
v -0.261784 1.147861 0.805672
v -0.157797 1.220894 0.751088
v -0.072874 1.292174 0.668422
v -0.200922 1.307144 0.618361
v 0.077347 1.077283 0.923738
v -0.067296 1.034882 0.952982
v 0.053185 1.007788 0.979409
v 0.178436 0.993925 0.975229
v 0.164670 1.092955 0.898410
v 0.120519 1.178360 0.816526
v 0.014611 1.120743 0.883085
v 0.291634 1.454772 0.211884
v 0.261260 1.420709 0.358484
v 0.356465 1.422288 0.258987
v 0.421674 1.420708 0.137695
v 0.304357 1.464371 0.121009
v 0.181207 1.489234 0.131654
v 0.209137 1.464372 0.252066
v 0.589050 1.253111 0.427969
v 0.451842 1.292173 0.497933
v 0.569137 1.220892 0.514895
v 0.685349 1.147859 0.497934
v 0.665569 1.220891 0.382169
v 0.613191 1.292172 0.275858
v 0.526011 1.307142 0.382169
v 0.902433 1.077280 0.211885
v 0.885549 1.034879 0.358485
v 0.947912 1.007785 0.252067
v 0.982641 0.993922 0.131655
v 0.905329 1.092951 0.121009
v 0.813809 1.178356 0.137696
v 0.844383 1.120739 0.258988
v 1.082675 0.716797 -0.342836
v 1.118759 0.568460 -0.359251
v 1.064694 0.680120 -0.419050
v 1.002681 0.800615 -0.443585
v 1.050850 0.801910 -0.326854
v 1.094635 0.769935 -0.213022
v 1.119753 0.664106 -0.276794
v 0.953108 0.525001 -0.692470
v 1.036765 0.445029 -0.583598
v 0.964014 0.431141 -0.700394
v 0.875416 0.445029 -0.805676
v 0.894234 0.570700 -0.751091
v 0.920011 0.678536 -0.668425
v 0.990667 0.570700 -0.618364
v 0.660621 0.716799 -0.923741
v 0.687385 0.568461 -0.952986
v 0.609269 0.664108 -0.979411
v 0.540855 0.769938 -0.975230
v 0.635587 0.801913 -0.898412
v 0.731721 0.800616 -0.816529
v 0.727550 0.680120 -0.883088
v 0.008503 0.716799 -1.135626
v 0.004042 0.568462 -1.175016
v -0.069538 0.680121 -1.142076
v -0.112036 0.800617 -1.090680
v 0.013867 0.801913 -1.100420
v 0.135660 0.769938 -1.106885
v 0.082770 0.664108 -1.150481
v -0.364056 0.525001 -1.120442
v -0.234662 0.445029 -1.166363
v -0.368222 0.431142 -1.133264
v -0.495728 0.445029 -1.081537
v -0.438001 0.570701 -1.082566
v -0.351416 0.678537 -1.081535
v -0.281971 0.570701 -1.133263
v -0.674389 0.716799 -0.913738
v -0.693932 0.568462 -0.948229
v -0.743204 0.664108 -0.882103
v -0.760368 0.769938 -0.815745
v -0.658037 0.801913 -0.882102
v -0.550455 0.800617 -0.948227
v -0.615044 0.680122 -0.964829
v -1.077418 0.716799 -0.359014
v -1.116259 0.568461 -0.366943
v -1.107669 0.680121 -0.286787
v -1.071921 0.800616 -0.230488
v -1.042277 0.801913 -0.353238
v -1.010791 0.769938 -0.471066
v -1.068596 0.664108 -0.434236
v -1.178106 0.525000 0.000000
v -1.181793 0.445029 -0.137249
v -1.191587 0.431142 -0.000000
v -1.181793 0.445029 0.137249
v -1.164933 0.570701 0.082029
v -1.137197 0.678536 -0.000000
v -1.164933 0.570701 -0.082029
v -1.077418 0.716798 0.359014
v -1.116259 0.568462 0.366943
v -1.068596 0.664108 0.434236
v -1.010791 0.769937 0.471066
v -1.042277 0.801912 0.353238
v -1.071921 0.800616 0.230488
v -1.107669 0.680121 0.286787
v -0.674389 0.716799 0.913738
v -0.693932 0.568462 0.948229
v -0.615044 0.680121 0.964829
v -0.550455 0.800617 0.948228
v -0.658037 0.801913 0.882102
v -0.760368 0.769938 0.815745
v -0.743204 0.664108 0.882103
v -0.364056 0.525001 1.120443
v -0.495729 0.445029 1.081537
v -0.368222 0.431142 1.133264
v -0.234662 0.445030 1.166363
v -0.281971 0.570701 1.133263
v -0.351416 0.678537 1.081535
v -0.438001 0.570701 1.082566
v 0.008503 0.716799 1.135626
v 0.004042 0.568462 1.175016
v 0.082770 0.664109 1.150481
v 0.135660 0.769938 1.106886
v 0.013867 0.801913 1.100420
v -0.112036 0.800617 1.090680
v -0.069538 0.680121 1.142076
v 0.660622 0.716799 0.923740
v 0.687385 0.568462 0.952986
v 0.727550 0.680121 0.883088
v 0.731721 0.800616 0.816528
v 0.635587 0.801913 0.898412
v 0.540855 0.769938 0.975230
v 0.609269 0.664108 0.979411
v 0.953108 0.525001 0.692470
v 0.875416 0.445029 0.805676
v 0.964014 0.431142 0.700394
v 1.036765 0.445029 0.583598
v 0.990667 0.570700 0.618364
v 0.920011 0.678537 0.668424
v 0.894235 0.570701 0.751091
v 1.082675 0.716797 0.342836
v 1.118759 0.568460 0.359251
v 1.119753 0.664106 0.276794
v 1.094635 0.769935 0.213021
v 1.050850 0.801910 0.326854
v 1.002681 0.800615 0.443585
v 1.064694 0.680120 0.419050
v 0.368986 0.494007 -1.135628
v 0.497862 0.423677 -1.090683
v 0.371083 0.407800 -1.142079
v 0.238307 0.423678 -1.175017
v 0.288645 0.536870 -1.150482
v 0.359647 0.631506 -1.106887
v 0.442714 0.536870 -1.100422
v 0.364056 0.074998 -1.120443
v 0.495728 0.154969 -1.081537
v 0.438001 0.029298 -1.082566
v 0.351416 -0.078539 -1.081535
v 0.281971 0.029298 -1.133264
v 0.234662 0.154969 -1.166363
v 0.368221 0.168857 -1.133264
v -0.008503 -0.116800 -1.135626
v 0.112035 -0.200619 -1.090680
v -0.013868 -0.201914 -1.100420
v -0.135660 -0.169938 -1.106885
v -0.082770 -0.064110 -1.150481
v -0.004042 0.031536 -1.175017
v 0.069538 -0.080122 -1.142076
v -0.966025 0.494006 -0.701853
v -0.883455 0.423677 -0.810532
v -0.971512 0.407801 -0.705840
v -1.043869 0.423677 -0.589741
v -1.004979 0.536870 -0.630034
v -0.941576 0.631505 -0.684089
v -0.909759 0.536870 -0.761093
v -0.953107 0.075000 -0.692470
v -0.875417 0.154970 -0.805676
v -0.894235 0.029299 -0.751091
v -0.920011 -0.078537 -0.668424
v -0.990667 0.029299 -0.618363
v -1.036765 0.154970 -0.583598
v -0.964014 0.168858 -0.700394
v -1.082675 -0.116797 -0.342836
v -1.002682 -0.200616 -0.443585
v -1.050850 -0.201911 -0.326854
v -1.094635 -0.169935 -0.213021
v -1.119753 -0.064106 -0.276794
v -1.118759 0.031538 -0.359251
v -1.064695 -0.080121 -0.419050
v -0.966024 0.494006 0.701853
v -1.043869 0.423677 0.589741
v -0.971512 0.407801 0.705840
v -0.883455 0.423677 0.810532
v -0.909759 0.536870 0.761093
v -0.941576 0.631505 0.684089
v -1.004978 0.536870 0.630034
v -0.953107 0.075000 0.692470
v -1.036765 0.154970 0.583598
v -0.990667 0.029299 0.618364
v -0.920011 -0.078537 0.668424
v -0.894235 0.029299 0.751091
v -0.875417 0.154970 0.805676
v -0.964015 0.168857 0.700393
v -0.660622 -0.116799 0.923741
v -0.731721 -0.200617 0.816528
v -0.635587 -0.201914 0.898412
v -0.540855 -0.169939 0.975230
v -0.609269 -0.064109 0.979411
v -0.687385 0.031538 0.952985
v -0.727551 -0.080122 0.883088
v 0.368986 0.494007 1.135628
v 0.238307 0.423677 1.175017
v 0.371083 0.407801 1.142079
v 0.497862 0.423677 1.090683
v 0.442714 0.536870 1.100422
v 0.359647 0.631505 1.106887
v 0.288645 0.536870 1.150481
v 0.364056 0.074999 1.120443
v 0.234662 0.154969 1.166363
v 0.281971 0.029298 1.133263
v 0.351416 -0.078539 1.081535
v 0.438001 0.029297 1.082566
v 0.495728 0.154969 1.081537
v 0.368221 0.168857 1.133264
v 0.674389 -0.116800 0.913738
v 0.550454 -0.200618 0.948227
v 0.658037 -0.201914 0.882102
v 0.760368 -0.169939 0.815745
v 0.743203 -0.064109 0.882103
v 0.693932 0.031537 0.948229
v 0.615044 -0.080122 0.964829
v 1.194071 0.494005 -0.000000
v 1.191151 0.423676 0.136454
v 1.200854 0.407800 -0.000000
v 1.191151 0.423676 -0.136455
v 1.183372 0.536868 -0.080998
v 1.163851 0.631503 -0.000000
v 1.183372 0.536868 0.080998
v 1.178106 0.074999 0.000000
v 1.181793 0.154970 0.137249
v 1.164933 0.029298 0.082029
v 1.137196 -0.078537 0.000000
v 1.164933 0.029298 -0.082029
v 1.181793 0.154970 -0.137249
v 1.191587 0.168858 0.000000
v 1.077418 -0.116800 -0.359015
v 1.071921 -0.200618 -0.230489
v 1.042277 -0.201913 -0.353238
v 1.010791 -0.169938 -0.471066
v 1.068596 -0.064108 -0.434236
v 1.116259 0.031538 -0.366943
v 1.107669 -0.080122 -0.286787
v 0.605542 -0.477283 -0.701850
v 0.577451 -0.578361 -0.589739
v 0.530892 -0.520743 -0.705837
v 0.505713 -0.434883 -0.810529
v 0.618717 -0.407789 -0.761091
v 0.717590 -0.393926 -0.684088
v 0.661300 -0.492956 -0.630032
v 0.225000 -0.653113 -0.692467
v 0.333938 -0.692175 -0.583596
v 0.200921 -0.707145 -0.618361
v 0.072874 -0.692175 -0.668422
v 0.157797 -0.620895 -0.751088
v 0.261783 -0.547863 -0.805673
v 0.313825 -0.620894 -0.700390
v -0.077347 -0.477283 -0.923738
v -0.120519 -0.578361 -0.816526
v -0.164670 -0.492956 -0.898410
v -0.178436 -0.393925 -0.975228
v -0.053185 -0.407789 -0.979409
v 0.067296 -0.434884 -0.952982
v -0.014611 -0.520743 -0.883085
v -0.480379 -0.477283 -0.792786
v -0.382434 -0.578360 -0.731425
v -0.507239 -0.520743 -0.723022
v -0.614588 -0.434882 -0.731426
v -0.532649 -0.407789 -0.823623
v -0.428860 -0.393926 -0.893862
v -0.394845 -0.492956 -0.823622
v -0.589049 -0.653112 -0.427969
v -0.451843 -0.692174 -0.497933
v -0.526012 -0.707144 -0.382169
v -0.613192 -0.692173 -0.275858
v -0.665569 -0.620893 -0.382169
v -0.685349 -0.547860 -0.497934
v -0.569137 -0.620893 -0.514895
v -0.902433 -0.477280 -0.211884
v -0.813810 -0.578358 -0.137696
v -0.905329 -0.492953 -0.121009
v -0.982641 -0.393922 -0.131655
v -0.947912 -0.407785 -0.252067
v -0.885549 -0.434880 -0.358485
v -0.844383 -0.520740 -0.258988
v -0.902433 -0.477280 0.211884
v -0.813809 -0.578357 0.137696
v -0.844383 -0.520741 0.258987
v -0.885549 -0.434880 0.358485
v -0.947912 -0.407786 0.252067
v -0.982641 -0.393922 0.131655
v -0.905329 -0.492952 0.121009
v -0.589049 -0.653112 0.427968
v -0.613191 -0.692173 0.275858
v -0.526012 -0.707143 0.382169
v -0.451843 -0.692174 0.497933
v -0.569137 -0.620893 0.514895
v -0.685349 -0.547861 0.497933
v -0.665569 -0.620893 0.382169
v -0.480379 -0.477283 0.792786
v -0.382435 -0.578360 0.731425
v -0.394845 -0.492956 0.823622
v -0.428860 -0.393926 0.893861
v -0.532649 -0.407789 0.823623
v -0.614588 -0.434882 0.731426
v -0.507239 -0.520743 0.723022
v 0.854626 -0.477283 -0.359014
v 0.927136 -0.434882 -0.230488
v 0.835350 -0.520743 -0.286787
v 0.739321 -0.578361 -0.366943
v 0.803554 -0.492956 -0.434235
v 0.872359 -0.393925 -0.471066
v 0.915039 -0.407788 -0.353238
v 0.728106 -0.653113 -0.000001
v 0.847138 -0.547861 -0.000000
v 0.763091 -0.620893 0.082028
v 0.658228 -0.692174 0.137248
v 0.650187 -0.707145 -0.000000
v 0.658228 -0.692175 -0.137249
v 0.763091 -0.620893 -0.082028
v 0.360480 -0.854774 -0.000000
v 0.422077 -0.820711 0.136454
v 0.317357 -0.864373 0.080998
v 0.223985 -0.889235 0.000000
v 0.317358 -0.864373 -0.080998
v 0.422077 -0.820711 -0.136454
v 0.440616 -0.822289 -0.000000
v -0.077347 -0.477284 0.923738
v -0.120519 -0.578361 0.816526
v -0.014611 -0.520743 0.883085
v 0.067296 -0.434883 0.952982
v -0.053185 -0.407789 0.979408
v -0.178436 -0.393926 0.975229
v -0.164670 -0.492956 0.898410
v 0.225000 -0.653113 0.692467
v 0.072874 -0.692174 0.668422
v 0.200921 -0.707145 0.618361
v 0.333938 -0.692174 0.583596
v 0.313825 -0.620895 0.700390
v 0.261783 -0.547862 0.805672
v 0.157797 -0.620894 0.751088
v 0.605542 -0.477283 0.701850
v 0.577451 -0.578361 0.589738
v 0.661300 -0.492956 0.630032
v 0.717590 -0.393926 0.684088
v 0.618717 -0.407789 0.761091
v 0.505713 -0.434883 0.810529
v 0.530892 -0.520743 0.705837
v -1.407112 3.127981 0.191126
v -1.411755 4.179492 -0.245430
v -1.424473 5.241757 -0.657827
v -1.349276 3.080242 0.234222
v -1.360265 4.186654 -0.229342
v -1.383194 5.304789 -0.666575
v -1.294270 3.146993 0.233826
v -1.311404 4.196398 -0.207457
v -1.341528 5.255732 -0.626440
v -1.213463 3.179860 0.307647
v -1.237162 4.226595 -0.139633
v -1.285272 5.278613 -0.575047
v -1.186674 3.146378 0.382765
v -1.213206 4.246469 -0.094996
v -1.268560 5.351414 -0.561852
v -1.166722 3.225757 0.410734
v -1.195596 4.267411 -0.047958
v -1.250915 5.312350 -0.499274
v -1.166722 3.272238 0.515133
v -1.195596 4.310116 0.047958
v -1.250915 5.344709 -0.426594
v -1.186674 3.239909 0.592838
v -1.213206 4.331059 0.094996
v -1.268560 5.417353 -0.413751
v -1.213463 3.318135 0.618220
v -1.237162 4.350932 0.139633
v -1.285272 5.378446 -0.350820
v -1.294270 3.351003 0.692041
v -1.311404 4.381129 0.207456
v -1.341528 5.401327 -0.299427
v -1.349275 3.306045 0.741381
v -1.360265 4.390873 0.229342
v -1.383194 5.463979 -0.309028
v -1.407112 3.370014 0.734741
v -1.411755 4.398036 0.245430
v -1.424472 5.415301 -0.268041
v -1.521391 3.370014 0.734741
v -1.516749 4.398036 0.245430
v -1.504031 5.415301 -0.268041
v -1.579228 3.306045 0.741381
v -1.568238 4.390873 0.229341
v -1.545310 5.463979 -0.309028
v -1.634234 3.351003 0.692041
v -1.617100 4.381129 0.207457
v -1.586976 5.401327 -0.299427
v -1.715041 3.318135 0.618220
v -1.691342 4.350932 0.139633
v -1.643232 5.378446 -0.350820
v -1.741830 3.239909 0.592838
v -1.715298 4.331059 0.094996
v -1.659943 5.417353 -0.413751
v -1.761782 3.272238 0.515133
v -1.732908 4.310116 0.047958
v -1.677589 5.344709 -0.426594
v -1.464252 7.212110 -1.301558
v -1.390186 6.661664 -1.137558
v -1.433441 6.851962 -1.222634
v -1.464252 6.649186 -1.165585
v -1.495063 6.851962 -1.222634
v -1.538317 6.661665 -1.137558
v -1.538636 6.869686 -1.182827
v -1.568997 6.691790 -1.069896
v -1.538636 6.894750 -1.126533
v -1.538317 6.721915 -1.002234
v -1.495063 6.912472 -1.086727
v -1.464252 6.734393 -0.974207
v -1.433441 6.912472 -1.086726
v -1.390186 6.721915 -1.002234
v -1.389868 6.894750 -1.126533
v -1.359508 6.691790 -1.069896
v -1.389868 6.869685 -1.182827
v -1.761782 3.225757 0.410734
v -1.732908 4.267411 -0.047958
v -1.677589 5.312350 -0.499274
v -1.741830 3.146378 0.382765
v -1.715298 4.246469 -0.094996
v -1.659944 5.351415 -0.561852
v -1.715041 3.179860 0.307647
v -1.691342 4.226595 -0.139633
v -1.643232 5.278613 -0.575047
v -1.634234 3.146993 0.233827
v -1.617100 4.196398 -0.207457
v -1.586976 5.255732 -0.626440
v -1.579229 3.080242 0.234222
v -1.568238 4.186654 -0.229342
v -1.545310 5.304789 -0.666575
v -1.521391 3.127981 0.191126
v -1.516749 4.179491 -0.245430
v -1.504032 5.241757 -0.657827
v -1.464252 1.365417 1.301558
v -1.464252 1.790308 0.855560
v -1.391527 1.623898 0.994288
v -1.298350 1.818259 0.918338
v -1.288681 1.665730 1.088243
v -1.229632 1.885737 1.069896
v -1.288681 1.724889 1.221117
v -1.298350 1.953216 1.221455
v -1.391528 1.766721 1.315072
v -1.464252 1.981166 1.284232
v -1.536976 1.766721 1.315072
v -1.630154 1.953216 1.221455
v -1.639823 1.724889 1.221117
v -1.698872 1.885737 1.069896
v -1.639823 1.665730 1.088244
v -1.630154 1.818259 0.918338
v -1.536976 1.623898 0.994288
v -0.443884 3.396469 -0.136232
v -0.448526 4.527575 -0.266042
v -0.461244 5.662364 -0.369663
v -0.386047 3.338700 -0.107965
v -0.397037 4.530026 -0.248602
v -0.419965 5.725364 -0.360698
v -0.331041 3.402974 -0.089946
v -0.348175 4.533360 -0.224879
v -0.378299 5.667145 -0.335640
v -0.250234 3.414220 -0.009926
v -0.273934 4.543693 -0.151360
v -0.322043 5.674974 -0.279932
v -0.223445 3.361330 0.053053
v -0.249978 4.550493 -0.102975
v -0.305331 5.741318 -0.247180
v -0.203493 3.429924 0.101819
v -0.232367 4.557659 -0.051986
v -0.287686 5.686518 -0.197794
v -0.203493 3.445829 0.214985
v -0.232367 4.572272 0.051986
v -0.287686 5.697590 -0.119010
v -0.223445 3.393333 0.280769
v -0.249978 4.579438 0.102974
v -0.305331 5.763880 -0.086642
v -0.250234 3.461534 0.326730
v -0.273934 4.586237 0.151360
v -0.322043 5.709134 -0.036873
v -0.331041 3.472780 0.406750
v -0.348176 4.596570 0.224879
v -0.378299 5.716963 0.018836
v -0.386047 3.415963 0.441787
v -0.397037 4.599904 0.248602
v -0.419965 5.779834 0.026876
v -0.443884 3.479285 0.453037
v -0.448526 4.602355 0.266042
v -0.461244 5.721745 0.052859
v -0.558162 3.479285 0.453036
v -0.553520 4.602355 0.266042
v -0.540802 5.721745 0.052859
v -0.616000 3.415963 0.441788
v -0.605010 4.599904 0.248602
v -0.582081 5.779834 0.026876
v -0.671005 3.472780 0.406750
v -0.653871 4.596570 0.224879
v -0.623747 5.716963 0.018836
v -0.751812 3.461534 0.326730
v -0.728113 4.586238 0.151360
v -0.680003 5.709134 -0.036873
v -0.778601 3.393333 0.280769
v -0.752069 4.579438 0.102974
v -0.696715 5.763880 -0.086642
v -0.798554 3.445829 0.214985
v -0.769680 4.572271 0.051986
v -0.714360 5.697590 -0.119010
v -0.501023 7.733822 -0.445354
v -0.426958 7.159497 -0.439431
v -0.470212 7.365873 -0.468758
v -0.501023 7.155228 -0.469812
v -0.531834 7.365873 -0.468758
v -0.575089 7.159497 -0.439431
v -0.575408 7.371938 -0.425608
v -0.605768 7.169806 -0.366086
v -0.575408 7.380514 -0.364586
v -0.575089 7.180114 -0.292742
v -0.531834 7.386578 -0.321436
v -0.501023 7.184383 -0.262361
v -0.470212 7.386578 -0.321437
v -0.426957 7.180113 -0.292742
v -0.426639 7.380514 -0.364586
v -0.396279 7.169806 -0.366087
v -0.426639 7.371938 -0.425608
v -0.798554 3.429924 0.101819
v -0.769680 4.557659 -0.051986
v -0.714360 5.686518 -0.197794
v -0.778601 3.361330 0.053053
v -0.752069 4.550493 -0.102975
v -0.696715 5.741318 -0.247180
v -0.751812 3.414220 -0.009926
v -0.728113 4.543693 -0.151360
v -0.680004 5.674974 -0.279932
v -0.671005 3.402974 -0.089946
v -0.653871 4.533360 -0.224879
v -0.623747 5.667145 -0.335640
v -0.615999 3.338700 -0.107965
v -0.605010 4.530026 -0.248602
v -0.582081 5.725364 -0.360698
v -0.558162 3.396468 -0.136232
v -0.553520 4.527575 -0.266042
v -0.540802 5.662363 -0.369663
v -0.501023 1.396108 0.445354
v -0.501023 1.927473 0.133749
v -0.428299 1.729270 0.221235
v -0.335122 1.937036 0.201799
v -0.325452 1.743584 0.323081
v -0.266403 1.960125 0.366086
v -0.325452 1.763826 0.467113
v -0.335122 1.983214 0.530373
v -0.428299 1.778140 0.568959
v -0.501023 1.992778 0.598423
v -0.573747 1.778140 0.568959
v -0.666925 1.983214 0.530373
v -0.676594 1.763826 0.467113
v -0.735644 1.960125 0.366086
v -0.676594 1.743584 0.323081
v -0.666925 1.937037 0.201799
v -0.573747 1.729270 0.221235
v 0.558162 3.479285 -0.453036
v 0.553520 4.602355 -0.266042
v 0.540802 5.721745 -0.052859
v 0.616000 3.415963 -0.441788
v 0.605010 4.599904 -0.248602
v 0.582081 5.779834 -0.026876
v 0.671005 3.472780 -0.406750
v 0.653871 4.596570 -0.224879
v 0.623747 5.716963 -0.018836
v 0.751812 3.461534 -0.326730
v 0.728113 4.586238 -0.151360
v 0.680003 5.709134 0.036873
v 0.778601 3.393333 -0.280769
v 0.752069 4.579437 -0.102974
v 0.696715 5.763880 0.086642
v 0.798553 3.445829 -0.214985
v 0.769679 4.572271 -0.051986
v 0.714360 5.697590 0.119010
v 0.798553 3.429924 -0.101819
v 0.769679 4.557659 0.051986
v 0.714360 5.686518 0.197794
v 0.778601 3.361330 -0.053053
v 0.752069 4.550493 0.102974
v 0.696715 5.741318 0.247180
v 0.751812 3.414220 0.009926
v 0.728113 4.543693 0.151360
v 0.680003 5.674974 0.279931
v 0.671005 3.402973 0.089946
v 0.653871 4.533360 0.224879
v 0.623747 5.667145 0.335640
v 0.616000 3.338700 0.107965
v 0.605010 4.530026 0.248602
v 0.582081 5.725364 0.360698
v 0.558162 3.396468 0.136233
v 0.553520 4.527575 0.266042
v 0.540802 5.662364 0.369663
v 0.443884 3.396468 0.136232
v 0.448526 4.527575 0.266042
v 0.461244 5.662364 0.369663
v 0.386047 3.338700 0.107965
v 0.397037 4.530026 0.248602
v 0.419965 5.725364 0.360698
v 0.331041 3.402973 0.089946
v 0.348176 4.533360 0.224879
v 0.378299 5.667145 0.335640
v 0.250234 3.414220 0.009926
v 0.273934 4.543693 0.151360
v 0.322043 5.674974 0.279931
v 0.223445 3.361330 -0.053054
v 0.249978 4.550493 0.102974
v 0.305332 5.741318 0.247180
v 0.203493 3.429924 -0.101819
v 0.232367 4.557659 0.051986
v 0.287686 5.686518 0.197794
v 0.501023 7.733823 0.445354
v 0.575089 7.180114 0.292742
v 0.531834 7.386579 0.321437
v 0.501023 7.184383 0.262361
v 0.470212 7.386579 0.321436
v 0.426958 7.180114 0.292742
v 0.426639 7.380514 0.364586
v 0.396279 7.169806 0.366086
v 0.426639 7.371938 0.425608
v 0.426958 7.159497 0.439431
v 0.470212 7.365873 0.468757
v 0.501023 7.155228 0.469812
v 0.531834 7.365873 0.468757
v 0.575089 7.159498 0.439431
v 0.575408 7.371938 0.425608
v 0.605768 7.169806 0.366087
v 0.575408 7.380514 0.364586
v 0.203493 3.445829 -0.214985
v 0.232367 4.572271 -0.051986
v 0.287686 5.697590 0.119010
v 0.223445 3.393333 -0.280769
v 0.249977 4.579437 -0.102974
v 0.305331 5.763880 0.086642
v 0.250234 3.461534 -0.326730
v 0.273934 4.586237 -0.151360
v 0.322043 5.709134 0.036873
v 0.331041 3.472780 -0.406750
v 0.348175 4.596570 -0.224879
v 0.378299 5.716963 -0.018836
v 0.386047 3.415963 -0.441788
v 0.397037 4.599904 -0.248602
v 0.419965 5.779834 -0.026876
v 0.443884 3.479285 -0.453036
v 0.448526 4.602355 -0.266042
v 0.461244 5.721745 -0.052859
v 0.501023 1.396108 -0.445354
v 0.501023 1.992778 -0.598424
v 0.573747 1.778140 -0.568959
v 0.666925 1.983214 -0.530374
v 0.676594 1.763826 -0.467113
v 0.735644 1.960125 -0.366086
v 0.676594 1.743584 -0.323081
v 0.666925 1.937036 -0.201799
v 0.573747 1.729270 -0.221235
v 0.501023 1.927472 -0.133749
v 0.428299 1.729270 -0.221235
v 0.335122 1.937036 -0.201799
v 0.325452 1.743584 -0.323081
v 0.266403 1.960125 -0.366086
v 0.325452 1.763826 -0.467113
v 0.335122 1.983214 -0.530374
v 0.428299 1.778140 -0.568959
vn -0.0000 0.3944 -0.9189
vn -0.0000 0.4673 -0.8841
vn 0.7070 0.2753 -0.6514
vn 0.7055 0.3484 -0.6172
vn 0.9999 -0.0123 -0.0055
vn 0.9977 0.0615 0.0274
vn 0.7070 -0.2999 0.6404
vn 0.7055 -0.2255 0.6719
vn -0.0000 -0.4190 0.9080
vn -0.0000 -0.3444 0.9388
vn -0.7070 -0.2999 0.6404
vn -0.7055 -0.2255 0.6719
vn -0.9999 -0.0123 -0.0055
vn -0.9977 0.0615 0.0274
vn -0.7070 0.2753 -0.6514
vn -0.7055 0.3484 -0.6172
vn -0.0000 -1.0000 -0.0000
vn 0.7236 -0.4472 0.5257
vn -0.2764 -0.4472 0.8506
vn -0.8944 -0.4472 -0.0000
vn -0.2764 -0.4472 -0.8507
vn 0.7236 -0.4472 -0.5257
vn 0.2764 0.4472 0.8506
vn -0.7236 0.4472 0.5257
vn -0.7236 0.4472 -0.5257
vn 0.2764 0.4472 -0.8506
vn 0.8944 0.4472 -0.0000
vn -0.0000 1.0000 -0.0000
vn -0.1625 -0.8507 0.5000
vn 0.4253 -0.8507 0.3090
vn 0.2629 -0.5257 0.8090
vn 0.8506 -0.5257 -0.0000
vn 0.4253 -0.8507 -0.3090
vn -0.5257 -0.8507 -0.0000
vn -0.6882 -0.5257 0.5000
vn -0.1625 -0.8507 -0.5000
vn -0.6882 -0.5257 -0.5000
vn 0.2629 -0.5257 -0.8090
vn 0.9511 -0.0000 0.3090
vn 0.9511 -0.0000 -0.3090
vn -0.0000 -0.0000 1.0000
vn 0.5878 -0.0000 0.8090
vn -0.9511 -0.0000 0.3090
vn -0.5878 -0.0000 0.8090
vn -0.5878 -0.0000 -0.8090
vn -0.9511 -0.0000 -0.3090
vn 0.5878 -0.0000 -0.8090
vn -0.0000 -0.0000 -1.0000
vn 0.6882 0.5257 0.5000
vn -0.2629 0.5257 0.8090
vn -0.8507 0.5257 -0.0000
vn -0.2629 0.5257 -0.8090
vn 0.6882 0.5257 -0.5000
vn 0.1625 0.8507 0.5000
vn 0.5257 0.8507 -0.0000
vn -0.4253 0.8507 0.3090
vn -0.4253 0.8507 -0.3090
vn 0.1625 0.8507 -0.5000
vn -0.0000 -0.4190 -0.9080
vn -0.0000 -0.3444 -0.9388
vn 0.7070 -0.2999 -0.6404
vn 0.7055 -0.2255 -0.6719
vn 0.9999 -0.0123 0.0055
vn 0.9977 0.0614 -0.0274
vn 0.7070 0.2753 0.6514
vn 0.7055 0.3484 0.6171
vn -0.0000 0.3944 0.9189
vn -0.0000 0.4673 0.8841
vn -0.7070 0.2753 0.6514
vn -0.7055 0.3484 0.6172
vn -0.9999 -0.0123 0.0055
vn -0.9977 0.0615 -0.0274
vn -0.7070 -0.2999 -0.6404
vn -0.7055 -0.2255 -0.6719
vn -0.0000 -0.1525 -0.9883
vn -0.0000 -0.0722 -0.9974
vn 0.7070 -0.1117 -0.6983
vn 0.7055 -0.0316 -0.7080
vn 0.9999 -0.0133 0.0019
vn 0.9977 0.0666 -0.0094
vn 0.7070 0.0851 0.7020
vn 0.7055 0.1648 0.6893
vn -0.0000 0.1258 0.9921
vn -0.0000 0.2055 0.9787
vn -0.7070 0.0851 0.7020
vn -0.7055 0.1648 0.6893
vn -0.9999 -0.0133 0.0019
vn -0.9977 0.0666 -0.0094
vn -0.7070 -0.1117 -0.6983
vn -0.7055 -0.0316 -0.7080
vn -0.0000 0.1258 -0.9921
vn -0.0000 0.2055 -0.9787
vn 0.7070 0.0851 -0.7020
vn 0.7055 0.1648 -0.6893
vn 0.9999 -0.0133 -0.0019
vn 0.9977 0.0666 0.0094
vn 0.7070 -0.1117 0.6983
vn 0.7055 -0.0316 0.7080
vn -0.0000 -0.1525 0.9883
vn -0.0000 -0.0722 0.9974
vn -0.7070 -0.1117 0.6983
vn -0.7055 -0.0316 0.7080
vn -0.9999 -0.0133 -0.0019
vn -0.9977 0.0666 0.0094
vn -0.7070 0.0851 -0.7020
vn -0.7055 0.1648 -0.6893
vn 0.1838 0.3463 -0.9199
vn 0.3805 0.2751 -0.8829
vn 0.5639 0.2823 -0.7761
vn 0.5813 0.4009 -0.7081
vn 0.3811 0.4583 -0.8030
vn 0.1616 0.4716 -0.8669
vn -0.0000 0.4239 -0.9057
vn -0.0000 0.4414 -0.8973
vn -0.0000 0.4543 -0.8909
vn 0.7061 0.3353 -0.6237
vn 0.7066 0.3224 -0.6299
vn 0.7070 0.3048 -0.6382
vn 0.8238 0.1765 -0.5386
vn 0.9185 0.0562 -0.3914
vn 0.9813 0.0220 -0.1915
vn 0.9837 0.1372 -0.1158
vn 0.9200 0.2391 -0.3107
vn 0.8099 0.3079 -0.4993
vn 0.9986 0.0481 0.0214
vn 0.9993 0.0350 0.0156
vn 0.9998 0.0172 0.0077
vn 0.9813 -0.1276 0.1444
vn 0.9185 -0.2533 0.3037
vn 0.8238 -0.2821 0.4916
vn 0.8099 -0.1650 0.5629
vn 0.9200 -0.0709 0.3856
vn 0.9837 0.0057 0.1795
vn 0.7061 -0.2391 0.6665
vn 0.7066 -0.2524 0.6611
vn 0.7070 -0.2703 0.6535
vn 0.5639 -0.3879 0.7291
vn 0.3805 -0.4721 0.7952
vn 0.1838 -0.4519 0.8729
vn 0.1616 -0.3287 0.9305
vn 0.3811 -0.2900 0.8779
vn 0.5813 -0.2579 0.7717
vn -0.0000 -0.3581 0.9337
vn -0.0000 -0.3715 0.9284
vn -0.0000 -0.3894 0.9211
vn -0.1838 -0.4519 0.8729
vn -0.3805 -0.4721 0.7952
vn -0.5639 -0.3879 0.7291
vn -0.5813 -0.2579 0.7717
vn -0.3811 -0.2900 0.8779
vn -0.1616 -0.3287 0.9305
vn -0.7061 -0.2391 0.6665
vn -0.7066 -0.2524 0.6611
vn -0.7070 -0.2703 0.6535
vn -0.8238 -0.2821 0.4916
vn -0.9185 -0.2533 0.3037
vn -0.9813 -0.1276 0.1444
vn -0.9837 0.0057 0.1795
vn -0.9200 -0.0709 0.3856
vn -0.8099 -0.1650 0.5629
vn -0.9986 0.0481 0.0214
vn -0.9993 0.0350 0.0156
vn -0.9998 0.0172 0.0077
vn -0.9813 0.0220 -0.1915
vn -0.9185 0.0562 -0.3914
vn -0.8238 0.1765 -0.5386
vn -0.8099 0.3079 -0.4993
vn -0.9200 0.2391 -0.3107
vn -0.9837 0.1372 -0.1158
vn -0.7061 0.3353 -0.6237
vn -0.7066 0.3224 -0.6299
vn -0.7070 0.3048 -0.6382
vn -0.5639 0.2823 -0.7761
vn -0.3805 0.2751 -0.8829
vn -0.1838 0.3463 -0.9199
vn -0.1616 0.4716 -0.8669
vn -0.3811 0.4583 -0.8030
vn -0.5813 0.4009 -0.7081
vn -0.1266 -0.9122 0.3897
vn -0.0849 -0.9615 0.2614
vn -0.0415 -0.9909 0.1279
vn 0.5118 -0.7745 0.3718
vn 0.5963 -0.6759 0.4332
vn 0.6684 -0.5634 0.4856
vn 0.1361 -0.5212 0.8425
vn -0.0054 -0.5060 0.8625
vn -0.1465 -0.4803 0.8648
vn 0.8433 -0.5212 0.1310
vn 0.8187 -0.5060 0.2716
vn 0.7772 -0.4803 0.4066
vn 0.5118 -0.7745 -0.3718
vn 0.5963 -0.6759 -0.4332
vn 0.6684 -0.5634 -0.4856
vn -0.4098 -0.9122 -0.0000
vn -0.2749 -0.9615 -0.0000
vn -0.1344 -0.9909 -0.0000
vn -0.7592 -0.5212 0.3897
vn -0.8220 -0.5060 0.2614
vn -0.8677 -0.4803 0.1279
vn -0.1266 -0.9122 -0.3897
vn -0.0849 -0.9615 -0.2614
vn -0.0415 -0.9909 -0.1279
vn -0.6053 -0.5212 -0.6016
vn -0.5026 -0.5060 -0.7010
vn -0.3897 -0.4803 -0.7858
vn 0.3852 -0.5212 -0.7616
vn 0.5113 -0.5060 -0.6947
vn 0.6269 -0.4803 -0.6135
vn 0.9216 -0.1114 0.3718
vn 0.8712 -0.2311 0.4332
vn 0.8028 -0.3459 0.4856
vn 0.9641 0.1114 -0.2409
vn 0.9594 0.2311 -0.1616
vn 0.9349 0.3459 -0.0790
vn -0.0688 -0.1114 0.9914
vn -0.1428 -0.2311 0.9624
vn -0.2138 -0.3459 0.9136
vn 0.5270 0.1114 0.8425
vn 0.4502 0.2311 0.8625
vn 0.3641 0.3459 0.8648
vn -0.9641 -0.1114 0.2409
vn -0.9594 -0.2311 0.1616
vn -0.9349 -0.3459 0.0790
vn -0.6384 0.1114 0.7616
vn -0.6812 0.2311 0.6947
vn -0.7099 0.3459 0.6135
vn -0.5270 -0.1114 -0.8425
vn -0.4501 -0.2311 -0.8625
vn -0.3641 -0.3459 -0.8648
vn -0.9216 0.1114 -0.3718
vn -0.8712 0.2311 -0.4332
vn -0.8028 0.3459 -0.4856
vn 0.6384 -0.1114 -0.7616
vn 0.6812 -0.2311 -0.6947
vn 0.7099 -0.3459 -0.6135
vn 0.0688 0.1114 -0.9914
vn 0.1428 0.2311 -0.9624
vn 0.2138 0.3459 -0.9136
vn 0.6053 0.5212 0.6016
vn 0.5026 0.5060 0.7010
vn 0.3897 0.4803 0.7858
vn -0.3852 0.5212 0.7616
vn -0.5113 0.5060 0.6947
vn -0.6269 0.4803 0.6135
vn -0.8433 0.5212 -0.1310
vn -0.8187 0.5060 -0.2716
vn -0.7772 0.4803 -0.4066
vn -0.1361 0.5212 -0.8425
vn 0.0054 0.5060 -0.8625
vn 0.1465 0.4803 -0.8648
vn 0.7592 0.5212 -0.3897
vn 0.8220 0.5060 -0.2614
vn 0.8677 0.4803 -0.1279
vn 0.1955 0.7745 0.6016
vn 0.2278 0.6759 0.7010
vn 0.2553 0.5634 0.7857
vn 0.4098 0.9122 -0.0000
vn 0.2749 0.9615 -0.0000
vn 0.1344 0.9909 -0.0000
vn -0.5118 0.7745 0.3718
vn -0.5963 0.6759 0.4332
vn -0.6684 0.5634 0.4856
vn -0.5118 0.7745 -0.3718
vn -0.5963 0.6759 -0.4332
vn -0.6684 0.5634 -0.4856
vn 0.1955 0.7745 -0.6016
vn 0.2278 0.6759 -0.7010
vn 0.2553 0.5634 -0.7857
vn -0.2553 -0.5634 0.7857
vn -0.2278 -0.6759 0.7010
vn -0.1955 -0.7745 0.6016
vn 0.1088 -0.9909 0.0790
vn 0.2224 -0.9615 0.1616
vn 0.3315 -0.9122 0.2409
vn 0.6269 -0.4803 0.6135
vn 0.5113 -0.5060 0.6947
vn 0.3852 -0.5212 0.7616
vn 0.7772 -0.4803 -0.4066
vn 0.8187 -0.5060 -0.2716
vn 0.8433 -0.5212 -0.1310
vn 0.1088 -0.9909 -0.0790
vn 0.2224 -0.9615 -0.1616
vn 0.3315 -0.9122 -0.2409
vn -0.8262 -0.5634 -0.0000
vn -0.7370 -0.6759 -0.0000
vn -0.6326 -0.7745 -0.0000
vn -0.3897 -0.4803 0.7858
vn -0.5026 -0.5060 0.7010
vn -0.6053 -0.5212 0.6016
vn -0.2553 -0.5634 -0.7857
vn -0.2278 -0.6759 -0.7010
vn -0.1955 -0.7745 -0.6016
vn -0.8677 -0.4803 -0.1279
vn -0.8220 -0.5060 -0.2614
vn -0.7592 -0.5212 -0.3897
vn -0.1465 -0.4803 -0.8648
vn -0.0054 -0.5060 -0.8625
vn 0.1361 -0.5212 -0.8425
vn 0.9349 0.3459 0.0790
vn 0.9594 0.2311 0.1616
vn 0.9641 0.1114 0.2409
vn 0.8028 -0.3459 -0.4856
vn 0.8712 -0.2311 -0.4332
vn 0.9216 -0.1114 -0.3718
vn 0.2138 0.3459 0.9136
vn 0.1428 0.2311 0.9624
vn 0.0688 0.1114 0.9914
vn 0.7099 -0.3459 0.6135
vn 0.6812 -0.2311 0.6947
vn 0.6384 -0.1114 0.7616
vn -0.8028 0.3459 0.4856
vn -0.8712 0.2311 0.4332
vn -0.9216 0.1114 0.3718
vn -0.3641 -0.3459 0.8648
vn -0.4501 -0.2311 0.8625
vn -0.5270 -0.1114 0.8425
vn -0.7099 0.3459 -0.6135
vn -0.6812 0.2311 -0.6947
vn -0.6384 0.1114 -0.7616
vn -0.9349 -0.3459 -0.0790
vn -0.9594 -0.2311 -0.1616
vn -0.9641 -0.1114 -0.2409
vn 0.3641 0.3459 -0.8648
vn 0.4501 0.2311 -0.8625
vn 0.5270 0.1114 -0.8425
vn -0.2138 -0.3459 -0.9136
vn -0.1428 -0.2311 -0.9624
vn -0.0688 -0.1114 -0.9914
vn 0.8677 0.4803 0.1279
vn 0.8220 0.5060 0.2614
vn 0.7592 0.5212 0.3897
vn 0.1465 0.4803 0.8648
vn 0.0054 0.5060 0.8625
vn -0.1361 0.5212 0.8425
vn -0.7772 0.4803 0.4066
vn -0.8187 0.5060 0.2716
vn -0.8433 0.5212 0.1310
vn -0.6269 0.4803 -0.6135
vn -0.5113 0.5060 -0.6947
vn -0.3852 0.5212 -0.7616
vn 0.3897 0.4803 -0.7857
vn 0.5026 0.5060 -0.7010
vn 0.6053 0.5212 -0.6016
vn 0.0415 0.9909 0.1279
vn 0.0849 0.9615 0.2614
vn 0.1266 0.9122 0.3897
vn 0.8262 0.5634 -0.0000
vn 0.7370 0.6759 -0.0000
vn 0.6326 0.7745 -0.0000
vn -0.1088 0.9909 0.0790
vn -0.2224 0.9615 0.1616
vn -0.3315 0.9122 0.2409
vn -0.1088 0.9909 -0.0790
vn -0.2224 0.9615 -0.1616
vn -0.3315 0.9122 -0.2409
vn 0.0415 0.9909 -0.1279
vn 0.0849 0.9615 -0.2614
vn 0.1266 0.9122 -0.3897
vn 0.4639 0.8718 -0.1571
vn 0.3875 0.8778 -0.2816
vn 0.2928 0.8718 -0.3926
vn 0.5723 0.8048 -0.1571
vn 0.6118 0.7392 -0.2816
vn 0.6488 0.6518 -0.3926
vn 0.3263 0.8048 -0.4958
vn 0.4568 0.7392 -0.4949
vn 0.5739 0.6518 -0.4958
vn -0.0061 0.8718 -0.4898
vn -0.1480 0.8778 -0.4556
vn -0.2830 0.8718 -0.3998
vn 0.0274 0.8048 -0.5929
vn -0.0787 0.7392 -0.6689
vn -0.1729 0.6518 -0.7384
vn -0.3707 0.8048 -0.4635
vn -0.3295 0.7392 -0.5874
vn -0.2941 0.6518 -0.6990
vn -0.4677 0.8718 -0.1456
vn -0.4790 0.8778 -0.0000
vn -0.4677 0.8718 0.1456
vn -0.5554 0.8048 -0.2093
vn -0.6605 0.7392 -0.1318
vn -0.7557 0.6518 -0.0637
vn -0.5554 0.8048 0.2093
vn -0.6605 0.7392 0.1318
vn -0.7557 0.6518 0.0637
vn -0.2830 0.8718 0.3998
vn -0.1480 0.8778 0.4556
vn -0.0061 0.8718 0.4898
vn -0.3707 0.8048 0.4635
vn -0.3295 0.7392 0.5874
vn -0.2941 0.6518 0.6990
vn 0.0274 0.8048 0.5929
vn -0.0787 0.7392 0.6689
vn -0.1729 0.6518 0.7384
vn 0.2928 0.8718 0.3926
vn 0.3875 0.8778 0.2816
vn 0.4639 0.8718 0.1571
vn 0.3263 0.8048 0.4958
vn 0.4568 0.7392 0.4949
vn 0.5739 0.6518 0.4958
vn 0.5723 0.8048 0.1571
vn 0.6118 0.7392 0.2816
vn 0.6488 0.6518 0.3926
vn 0.9063 0.1368 -0.3998
vn 0.8513 0.2602 -0.4556
vn 0.7825 0.3845 -0.4898
vn 0.8856 0.0284 -0.4635
vn 0.8085 0.0359 -0.5874
vn 0.7145 0.0284 -0.6990
vn 0.7076 0.3845 -0.5929
vn 0.6964 0.2602 -0.6689
vn 0.6603 0.1368 -0.7384
vn -0.1002 0.1368 -0.9855
vn -0.1702 0.2602 -0.9504
vn -0.2240 0.3845 -0.8956
vn -0.1672 0.0284 -0.9855
vn -0.3088 0.0359 -0.9504
vn -0.4440 0.0284 -0.8956
vn -0.3452 0.3845 -0.8562
vn -0.4210 0.2602 -0.8690
vn -0.4982 0.1368 -0.8562
vn -0.9682 0.1368 -0.2093
vn -0.9565 0.2602 -0.1318
vn -0.9209 0.3845 -0.0637
vn -0.9889 0.0284 -0.1456
vn -0.9994 0.0359 -0.0000
vn -0.9889 0.0284 0.1456
vn -0.9209 0.3845 0.0637
vn -0.9565 0.2602 0.1318
vn -0.9682 0.1368 0.2093
vn -0.4982 0.1368 0.8562
vn -0.4210 0.2602 0.8690
vn -0.3452 0.3845 0.8562
vn -0.4440 0.0284 0.8956
vn -0.3088 0.0359 0.9504
vn -0.1672 0.0284 0.9855
vn -0.2240 0.3845 0.8956
vn -0.1702 0.2602 0.9504
vn -0.1002 0.1368 0.9855
vn 0.6603 0.1368 0.7384
vn 0.6964 0.2602 0.6689
vn 0.7076 0.3845 0.5929
vn 0.7145 0.0284 0.6990
vn 0.8085 0.0359 0.5874
vn 0.8856 0.0284 0.4635
vn 0.7825 0.3845 0.4898
vn 0.8513 0.2602 0.4556
vn 0.9063 0.1368 0.3998
vn 0.4440 -0.0284 -0.8956
vn 0.3088 -0.0359 -0.9504
vn 0.1672 -0.0284 -0.9855
vn 0.4982 -0.1368 -0.8562
vn 0.4210 -0.2602 -0.8690
vn 0.3452 -0.3845 -0.8562
vn 0.1002 -0.1368 -0.9855
vn 0.1702 -0.2602 -0.9504
vn 0.2240 -0.3845 -0.8956
vn -0.7145 -0.0284 -0.6990
vn -0.8085 -0.0359 -0.5874
vn -0.8856 -0.0284 -0.4635
vn -0.6603 -0.1368 -0.7384
vn -0.6964 -0.2602 -0.6689
vn -0.7076 -0.3845 -0.5929
vn -0.9063 -0.1368 -0.3998
vn -0.8513 -0.2602 -0.4556
vn -0.7825 -0.3845 -0.4898
vn -0.8856 -0.0284 0.4635
vn -0.8085 -0.0359 0.5874
vn -0.7145 -0.0284 0.6990
vn -0.9063 -0.1368 0.3998
vn -0.8513 -0.2602 0.4556
vn -0.7825 -0.3845 0.4898
vn -0.6603 -0.1368 0.7384
vn -0.6964 -0.2602 0.6689
vn -0.7076 -0.3845 0.5929
vn 0.1672 -0.0284 0.9855
vn 0.3088 -0.0359 0.9504
vn 0.4440 -0.0284 0.8956
vn 0.1002 -0.1368 0.9855
vn 0.1702 -0.2602 0.9504
vn 0.2240 -0.3845 0.8956
vn 0.4982 -0.1368 0.8562
vn 0.4210 -0.2602 0.8690
vn 0.3452 -0.3845 0.8562
vn 0.9889 -0.0284 0.1456
vn 0.9994 -0.0359 -0.0000
vn 0.9889 -0.0284 -0.1456
vn 0.9682 -0.1368 0.2093
vn 0.9565 -0.2602 0.1318
vn 0.9209 -0.3845 0.0637
vn 0.9682 -0.1368 -0.2093
vn 0.9565 -0.2602 -0.1318
vn 0.9209 -0.3845 -0.0637
vn 0.3707 -0.8048 -0.4635
vn 0.3295 -0.7392 -0.5874
vn 0.2941 -0.6518 -0.6990
vn 0.2829 -0.8718 -0.3998
vn 0.1480 -0.8778 -0.4556
vn 0.0061 -0.8718 -0.4898
vn 0.1729 -0.6518 -0.7384
vn 0.0787 -0.7392 -0.6689
vn -0.0274 -0.8048 -0.5929
vn -0.3263 -0.8048 -0.4958
vn -0.4568 -0.7392 -0.4949
vn -0.5739 -0.6518 -0.4958
vn -0.2928 -0.8718 -0.3926
vn -0.3875 -0.8778 -0.2816
vn -0.4639 -0.8718 -0.1571
vn -0.6488 -0.6518 -0.3926
vn -0.6118 -0.7392 -0.2816
vn -0.5723 -0.8048 -0.1571
vn -0.5723 -0.8048 0.1571
vn -0.6118 -0.7392 0.2816
vn -0.6488 -0.6518 0.3926
vn -0.4639 -0.8718 0.1571
vn -0.3875 -0.8778 0.2816
vn -0.2928 -0.8718 0.3926
vn -0.5739 -0.6518 0.4958
vn -0.4568 -0.7392 0.4949
vn -0.3263 -0.8048 0.4958
vn 0.7557 -0.6518 -0.0637
vn 0.6605 -0.7392 -0.1318
vn 0.5554 -0.8048 -0.2093
vn 0.7557 -0.6518 0.0637
vn 0.6605 -0.7392 0.1318
vn 0.5554 -0.8048 0.2093
vn 0.4677 -0.8718 -0.1456
vn 0.4790 -0.8778 -0.0000
vn 0.4677 -0.8718 0.1456
vn -0.0274 -0.8048 0.5929
vn 0.0787 -0.7392 0.6689
vn 0.1729 -0.6518 0.7384
vn 0.0061 -0.8718 0.4898
vn 0.1480 -0.8778 0.4556
vn 0.2830 -0.8718 0.3998
vn 0.2941 -0.6518 0.6990
vn 0.3295 -0.7392 0.5874
vn 0.3707 -0.8048 0.4635
vn 0.1838 -0.4519 -0.8729
vn 0.3805 -0.4721 -0.7952
vn 0.5639 -0.3879 -0.7291
vn 0.5813 -0.2579 -0.7717
vn 0.3811 -0.2900 -0.8779
vn 0.1616 -0.3287 -0.9305
vn -0.0000 -0.3894 -0.9211
vn -0.0000 -0.3715 -0.9284
vn -0.0000 -0.3581 -0.9337
vn 0.7061 -0.2391 -0.6665
vn 0.7066 -0.2524 -0.6611
vn 0.7070 -0.2703 -0.6535
vn 0.8239 -0.2821 -0.4916
vn 0.9185 -0.2533 -0.3037
vn 0.9813 -0.1276 -0.1444
vn 0.9837 0.0057 -0.1795
vn 0.9200 -0.0709 -0.3856
vn 0.8099 -0.1650 -0.5629
vn 0.9986 0.0481 -0.0214
vn 0.9993 0.0350 -0.0156
vn 0.9998 0.0172 -0.0077
vn 0.9813 0.0220 0.1915
vn 0.9185 0.0562 0.3914
vn 0.8238 0.1765 0.5386
vn 0.8099 0.3079 0.4993
vn 0.9200 0.2391 0.3107
vn 0.9837 0.1372 0.1158
vn 0.7061 0.3353 0.6237
vn 0.7066 0.3224 0.6299
vn 0.7070 0.3048 0.6382
vn 0.5639 0.2823 0.7761
vn 0.3805 0.2751 0.8829
vn 0.1838 0.3463 0.9199
vn 0.1616 0.4716 0.8669
vn 0.3811 0.4583 0.8030
vn 0.5813 0.4009 0.7081
vn -0.0000 0.4543 0.8909
vn -0.0000 0.4414 0.8973
vn -0.0000 0.4239 0.9057
vn -0.1838 0.3463 0.9199
vn -0.3805 0.2751 0.8829
vn -0.5639 0.2823 0.7761
vn -0.5813 0.4009 0.7081
vn -0.3811 0.4583 0.8030
vn -0.1616 0.4716 0.8669
vn -0.7061 0.3353 0.6237
vn -0.7066 0.3224 0.6299
vn -0.7070 0.3048 0.6382
vn -0.8238 0.1765 0.5386
vn -0.9185 0.0562 0.3914
vn -0.9813 0.0220 0.1915
vn -0.9837 0.1372 0.1158
vn -0.9200 0.2391 0.3107
vn -0.8099 0.3079 0.4993
vn -0.9986 0.0481 -0.0214
vn -0.9993 0.0350 -0.0156
vn -0.9998 0.0172 -0.0077
vn -0.9813 -0.1276 -0.1444
vn -0.9185 -0.2533 -0.3037
vn -0.8239 -0.2821 -0.4916
vn -0.8099 -0.1650 -0.5629
vn -0.9200 -0.0709 -0.3856
vn -0.9837 0.0057 -0.1795
vn -0.7061 -0.2391 -0.6665
vn -0.7066 -0.2524 -0.6611
vn -0.7070 -0.2703 -0.6535
vn -0.5639 -0.3879 -0.7291
vn -0.3805 -0.4721 -0.7952
vn -0.1838 -0.4519 -0.8729
vn -0.1616 -0.3287 -0.9305
vn -0.3811 -0.2900 -0.8779
vn -0.5813 -0.2579 -0.7717
vn 0.1838 -0.1938 -0.9637
vn 0.3805 -0.2346 -0.8945
vn 0.5639 -0.1719 -0.8078
vn 0.5813 -0.0352 -0.8129
vn 0.3811 -0.0368 -0.9238
vn 0.1616 -0.0594 -0.9851
vn -0.0000 -0.1205 -0.9927
vn -0.0000 -0.1012 -0.9949
vn -0.0000 -0.0869 -0.9962
vn 0.7061 -0.0462 -0.7066
vn 0.7066 -0.0604 -0.7050
vn 0.7070 -0.0797 -0.7027
vn 0.8238 -0.1357 -0.5503
vn 0.9185 -0.1597 -0.3617
vn 0.9813 -0.0828 -0.1740
vn 0.9837 0.0550 -0.1709
vn 0.9200 0.0382 -0.3902
vn 0.8099 -0.0034 -0.5866
vn 0.9986 0.0521 -0.0073
vn 0.9993 0.0379 -0.0053
vn 0.9998 0.0187 -0.0026
vn 0.9813 -0.0317 0.1901
vn 0.9185 -0.0538 0.3918
vn 0.8238 0.0212 0.5664
vn 0.8099 0.1584 0.5648
vn 0.9200 0.1442 0.3645
vn 0.9837 0.1000 0.1492
vn 0.7061 0.1504 0.6919
vn 0.7066 0.1363 0.6944
vn 0.7070 0.1171 0.6975
vn 0.5639 0.0574 0.8239
vn 0.3805 0.0210 0.9246
vn 0.1838 0.0793 0.9797
vn 0.1616 0.2144 0.9633
vn 0.3811 0.2192 0.8982
vn 0.5813 0.1902 0.7911
vn -0.0000 0.1911 0.9816
vn -0.0000 0.1770 0.9842
vn -0.0000 0.1578 0.9875
vn -0.1838 0.0793 0.9797
vn -0.3805 0.0210 0.9246
vn -0.5639 0.0574 0.8239
vn -0.5813 0.1902 0.7911
vn -0.3811 0.2192 0.8982
vn -0.1616 0.2144 0.9633
vn -0.7061 0.1504 0.6919
vn -0.7066 0.1363 0.6944
vn -0.7070 0.1171 0.6975
vn -0.8238 0.0212 0.5664
vn -0.9185 -0.0538 0.3918
vn -0.9813 -0.0317 0.1901
vn -0.9837 0.1000 0.1492
vn -0.9200 0.1442 0.3645
vn -0.8099 0.1584 0.5648
vn -0.9986 0.0521 -0.0073
vn -0.9993 0.0379 -0.0053
vn -0.9998 0.0187 -0.0026
vn -0.9813 -0.0828 -0.1740
vn -0.9185 -0.1597 -0.3617
vn -0.8238 -0.1357 -0.5503
vn -0.8099 -0.0034 -0.5866
vn -0.9200 0.0382 -0.3902
vn -0.9837 0.0550 -0.1709
vn -0.7061 -0.0462 -0.7066
vn -0.7066 -0.0604 -0.7050
vn -0.7070 -0.0797 -0.7027
vn -0.5639 -0.1719 -0.8078
vn -0.3805 -0.2346 -0.8945
vn -0.1838 -0.1938 -0.9637
vn -0.1616 -0.0594 -0.9851
vn -0.3811 -0.0368 -0.9238
vn -0.5813 -0.0352 -0.8129
vn 0.1838 0.0793 -0.9797
vn 0.3805 0.0210 -0.9246
vn 0.5639 0.0574 -0.8239
vn 0.5813 0.1902 -0.7911
vn 0.3811 0.2192 -0.8982
vn 0.1616 0.2144 -0.9633
vn -0.0000 0.1578 -0.9875
vn -0.0000 0.1770 -0.9842
vn -0.0000 0.1911 -0.9816
vn 0.7061 0.1504 -0.6919
vn 0.7066 0.1363 -0.6944
vn 0.7070 0.1171 -0.6975
vn 0.8238 0.0212 -0.5664
vn 0.9185 -0.0538 -0.3918
vn 0.9813 -0.0317 -0.1901
vn 0.9837 0.1000 -0.1492
vn 0.9200 0.1442 -0.3645
vn 0.8099 0.1584 -0.5648
vn 0.9986 0.0521 0.0073
vn 0.9993 0.0379 0.0053
vn 0.9998 0.0187 0.0026
vn 0.9813 -0.0828 0.1740
vn 0.9185 -0.1597 0.3617
vn 0.8238 -0.1357 0.5503
vn 0.8099 -0.0034 0.5866
vn 0.9200 0.0382 0.3902
vn 0.9837 0.0550 0.1709
vn 0.7061 -0.0462 0.7066
vn 0.7066 -0.0604 0.7050
vn 0.7070 -0.0797 0.7027
vn 0.5639 -0.1719 0.8078
vn 0.3805 -0.2346 0.8945
vn 0.1838 -0.1938 0.9637
vn 0.1616 -0.0594 0.9851
vn 0.3811 -0.0368 0.9238
vn 0.5813 -0.0352 0.8129
vn -0.0000 -0.0869 0.9962
vn -0.0000 -0.1012 0.9949
vn -0.0000 -0.1205 0.9927
vn -0.1838 -0.1938 0.9637
vn -0.3805 -0.2346 0.8945
vn -0.5639 -0.1719 0.8078
vn -0.5813 -0.0352 0.8129
vn -0.3811 -0.0368 0.9238
vn -0.1616 -0.0594 0.9851
vn -0.7061 -0.0462 0.7066
vn -0.7066 -0.0604 0.7050
vn -0.7070 -0.0797 0.7027
vn -0.8238 -0.1357 0.5503
vn -0.9185 -0.1597 0.3617
vn -0.9813 -0.0828 0.1740
vn -0.9837 0.0550 0.1709
vn -0.9200 0.0382 0.3902
vn -0.8099 -0.0034 0.5866
vn -0.9986 0.0521 0.0073
vn -0.9993 0.0379 0.0053
vn -0.9998 0.0187 0.0026
vn -0.9813 -0.0317 -0.1901
vn -0.9185 -0.0538 -0.3918
vn -0.8239 0.0212 -0.5664
vn -0.8099 0.1584 -0.5648
vn -0.9200 0.1442 -0.3645
vn -0.9837 0.1000 -0.1492
vn -0.7061 0.1504 -0.6919
vn -0.7066 0.1363 -0.6944
vn -0.7070 0.1171 -0.6975
vn -0.5639 0.0574 -0.8239
vn -0.3805 0.0210 -0.9246
vn -0.1838 0.0793 -0.9797
vn -0.1616 0.2144 -0.9633
vn -0.3811 0.2192 -0.8982
vn -0.5813 0.1902 -0.7911
vn 0.2679 0.3974 -0.8777
vn 0.2397 0.4290 -0.8709
vn 0.2373 0.4479 -0.8620
vn 0.3827 0.3682 -0.8474
vn 0.3824 0.4095 -0.8283
vn 0.3819 0.4342 -0.8159
vn 0.4918 0.3596 -0.7930
vn 0.5165 0.3824 -0.7662
vn 0.5179 0.4006 -0.7559
vn 0.8707 0.2055 -0.4468
vn 0.8555 0.2445 -0.4565
vn 0.8535 0.2641 -0.4493
vn 0.9238 0.1480 -0.3530
vn 0.9232 0.1895 -0.3342
vn 0.9219 0.2146 -0.3225
vn 0.9634 0.1145 -0.2423
vn 0.9701 0.1319 -0.2037
vn 0.9697 0.1500 -0.1930
vn 0.9634 -0.1035 0.2472
vn 0.9701 -0.0631 0.2343
vn 0.9697 -0.0430 0.2406
vn 0.9238 -0.1633 0.3462
vn 0.9232 -0.1216 0.3645
vn 0.9219 -0.0961 0.3752
vn 0.8707 -0.1945 0.4517
vn 0.8555 -0.1757 0.4871
vn 0.8535 -0.1571 0.4969
vn 0.4918 -0.3486 0.7979
vn 0.5165 -0.3135 0.7968
vn 0.5179 -0.2936 0.8035
vn 0.3827 -0.3834 0.8406
vn 0.3824 -0.3416 0.8585
vn 0.3819 -0.3157 0.8686
vn 0.2679 -0.3864 0.8826
vn 0.2397 -0.3602 0.9016
vn 0.2373 -0.3409 0.9097
vn -0.2679 -0.3864 0.8826
vn -0.2397 -0.3602 0.9016
vn -0.2373 -0.3409 0.9097
vn -0.3827 -0.3834 0.8406
vn -0.3824 -0.3416 0.8585
vn -0.3819 -0.3157 0.8686
vn -0.4918 -0.3486 0.7979
vn -0.5165 -0.3135 0.7968
vn -0.5179 -0.2936 0.8035
vn -0.8707 -0.1945 0.4517
vn -0.8555 -0.1757 0.4871
vn -0.8535 -0.1571 0.4969
vn -0.9238 -0.1633 0.3462
vn -0.9232 -0.1216 0.3645
vn -0.9219 -0.0961 0.3752
vn -0.9634 -0.1035 0.2472
vn -0.9701 -0.0631 0.2343
vn -0.9697 -0.0430 0.2406
vn -0.0000 0.9135 0.4067
vn 0.7035 0.3787 -0.6014
vn 0.3758 0.5414 -0.7521
vn -0.0000 0.4972 -0.8676
vn -0.3758 0.5414 -0.7521
vn -0.7035 0.3787 -0.6014
vn -0.9073 0.3252 -0.2666
vn -0.9949 0.0926 0.0412
vn -0.9073 0.0195 0.4201
vn -0.7035 -0.1936 0.6839
vn -0.3758 -0.1967 0.9056
vn -0.0000 -0.3121 0.9501
vn 0.3758 -0.1967 0.9056
vn 0.7035 -0.1936 0.6839
vn 0.9073 0.0195 0.4201
vn 0.9949 0.0926 0.0412
vn 0.9073 0.3252 -0.2666
vn -0.9634 0.1145 -0.2423
vn -0.9701 0.1319 -0.2037
vn -0.9697 0.1500 -0.1930
vn -0.9238 0.1480 -0.3530
vn -0.9232 0.1895 -0.3342
vn -0.9219 0.2146 -0.3225
vn -0.8707 0.2055 -0.4468
vn -0.8555 0.2445 -0.4565
vn -0.8535 0.2641 -0.4493
vn -0.4918 0.3596 -0.7930
vn -0.5165 0.3824 -0.7662
vn -0.5179 0.4006 -0.7559
vn -0.3827 0.3682 -0.8474
vn -0.3824 0.4095 -0.8283
vn -0.3819 0.4342 -0.8159
vn -0.2679 0.3974 -0.8777
vn -0.2397 0.4290 -0.8709
vn -0.2373 0.4479 -0.8620
vn -0.0000 -0.9135 -0.4067
vn -0.0000 0.2588 -0.9659
vn 0.3557 0.0121 -0.9345
vn 0.6984 0.1411 -0.7017
vn 0.8587 -0.1925 -0.4750
vn 0.9877 -0.1430 -0.0637
vn 0.8587 -0.4818 0.1748
vn 0.6984 -0.4270 0.5744
vn 0.3557 -0.6864 0.6343
vn -0.0000 -0.5447 0.8386
vn -0.3557 -0.6864 0.6343
vn -0.6984 -0.4270 0.5744
vn -0.8587 -0.4818 0.1748
vn -0.9877 -0.1430 -0.0637
vn -0.8587 -0.1925 -0.4750
vn -0.6984 0.1411 -0.7017
vn -0.3557 0.0121 -0.9345
vn 0.0999 -0.9463 0.3074
vn 0.0541 -0.9846 0.1664
vn 0.1639 -0.9578 0.2361
vn 0.2457 -0.9127 0.3264
vn 0.1269 -0.9117 0.3907
vn -0.0070 -0.9127 0.4085
vn 0.0062 -0.9578 0.2874
vn 0.7018 -0.6571 0.2751
vn 0.7217 -0.5669 0.3972
vn 0.6505 -0.6711 0.3556
vn 0.5894 -0.7576 0.2804
vn 0.6814 -0.7050 0.1966
vn 0.7723 -0.6179 0.1476
vn 0.7647 -0.5839 0.2727
vn -0.2615 -0.9463 0.1900
vn -0.1415 -0.9846 0.1028
vn -0.1739 -0.9578 0.2289
vn -0.2345 -0.9127 0.3346
vn -0.3323 -0.9117 0.2415
vn -0.3906 -0.9127 0.1196
vn -0.2714 -0.9578 0.0947
vn -0.2615 -0.9463 -0.1900
vn -0.1415 -0.9846 -0.1028
vn -0.2714 -0.9578 -0.0947
vn -0.3906 -0.9127 -0.1196
vn -0.3323 -0.9117 -0.2415
vn -0.2345 -0.9127 -0.3346
vn -0.1739 -0.9578 -0.2289
vn 0.0999 -0.9463 -0.3074
vn 0.0541 -0.9846 -0.1664
vn 0.0062 -0.9578 -0.2874
vn -0.0070 -0.9127 -0.4085
vn 0.1269 -0.9117 -0.3907
vn 0.2457 -0.9127 -0.3264
vn 0.1639 -0.9578 -0.2361
vn 0.9016 -0.3339 0.2751
vn 0.8298 -0.3920 0.3972
vn 0.8642 -0.4228 0.2727
vn 0.8980 -0.4144 0.1476
vn 0.9353 -0.2942 0.1966
vn 0.9412 -0.1884 0.2804
vn 0.8912 -0.2817 0.3556
vn 0.0170 -0.3339 0.9425
vn -0.1213 -0.3920 0.9119
vn 0.0077 -0.4228 0.9062
vn 0.1372 -0.4144 0.8997
vn 0.1020 -0.2942 0.9503
vn 0.0242 -0.1884 0.9818
vn -0.0628 -0.2817 0.9574
vn -0.8911 -0.3339 0.3074
vn -0.9048 -0.3920 0.1664
vn -0.8594 -0.4228 0.2874
vn -0.8133 -0.4144 0.4085
vn -0.8722 -0.2942 0.3907
vn -0.9263 -0.1884 0.3264
vn -0.9300 -0.2817 0.2361
vn -0.5677 -0.3339 -0.7525
vn -0.4379 -0.3920 -0.8091
vn -0.5389 -0.4228 -0.7286
vn -0.6398 -0.4144 -0.6472
vn -0.6411 -0.2942 -0.7088
vn -0.5966 -0.1884 -0.7801
vn -0.5119 -0.2817 -0.8115
vn 0.5402 -0.3339 -0.7725
vn 0.6342 -0.3920 -0.6665
vn 0.5264 -0.4228 -0.7377
vn 0.4179 -0.4144 -0.8085
vn 0.4760 -0.2942 -0.8288
vn 0.5575 -0.1884 -0.8085
vn 0.6136 -0.2817 -0.7377
vn 0.8017 -0.1341 0.5825
vn 0.7757 -0.2838 0.5636
vn 0.8414 -0.1822 0.5088
vn 0.8783 -0.0627 0.4739
vn 0.8084 -0.0403 0.5873
vn 0.7222 -0.0627 0.6889
vn 0.7439 -0.1822 0.6430
vn -0.3062 -0.1341 0.9425
vn -0.2963 -0.2838 0.9119
vn -0.2239 -0.1822 0.9574
vn -0.1793 -0.0627 0.9818
vn -0.3088 -0.0403 0.9503
vn -0.4320 -0.0627 0.8997
vn -0.3817 -0.1822 0.9062
vn -0.9910 -0.1341 -0.0000
vn -0.9589 -0.2838 -0.0000
vn -0.9798 -0.1822 0.0830
vn -0.9892 -0.0627 0.1329
vn -0.9992 -0.0403 -0.0000
vn -0.9892 -0.0627 -0.1329
vn -0.9798 -0.1822 -0.0830
vn -0.3062 -0.1341 -0.9425
vn -0.2963 -0.2838 -0.9119
vn -0.3817 -0.1822 -0.9062
vn -0.4320 -0.0627 -0.8997
vn -0.3088 -0.0403 -0.9503
vn -0.1793 -0.0627 -0.9818
vn -0.2239 -0.1822 -0.9574
vn 0.8017 -0.1341 -0.5825
vn 0.7757 -0.2838 -0.5636
vn 0.7439 -0.1822 -0.6430
vn 0.7222 -0.0627 -0.6889
vn 0.8084 -0.0403 -0.5873
vn 0.8783 -0.0627 -0.4739
vn 0.8414 -0.1822 -0.5088
vn 0.4061 0.6571 0.6351
vn 0.3504 0.5669 0.7455
vn 0.4584 0.5839 0.6701
vn 0.5381 0.6179 0.5733
vn 0.4357 0.7050 0.5596
vn 0.3120 0.7576 0.5733
vn 0.3172 0.6711 0.6701
vn -0.4785 0.6571 0.5825
vn -0.6008 0.5669 0.5636
vn -0.4956 0.5839 0.6430
vn -0.3790 0.6179 0.6889
vn -0.3976 0.7050 0.5873
vn -0.4488 0.7576 0.4739
vn -0.5392 0.6711 0.5088
vn -0.7018 0.6571 -0.2751
vn -0.7217 0.5669 -0.3972
vn -0.7647 0.5839 -0.2727
vn -0.7723 0.6179 -0.1476
vn -0.6814 0.7050 -0.1966
vn -0.5894 0.7576 -0.2804
vn -0.6505 0.6711 -0.3556
vn 0.0447 0.6571 -0.7525
vn 0.1548 0.5669 -0.8091
vn 0.0230 0.5839 -0.8115
vn -0.0983 0.6179 -0.7801
vn -0.0236 0.7050 -0.7088
vn 0.0845 0.7576 -0.6472
vn 0.1372 0.6711 -0.7286
vn 0.7295 0.6571 -0.1900
vn 0.8173 0.5669 -0.1028
vn 0.7789 0.5839 -0.2289
vn 0.7115 0.6179 -0.3346
vn 0.6669 0.7050 -0.2415
vn 0.6417 0.7576 -0.1196
vn 0.7353 0.6711 -0.0947
vn 0.2615 0.9463 -0.1900
vn 0.3906 0.9127 -0.1196
vn 0.3323 0.9117 -0.2415
vn 0.2345 0.9127 -0.3346
vn 0.1739 0.9578 -0.2289
vn 0.1415 0.9846 -0.1028
vn 0.2714 0.9578 -0.0947
vn 0.4911 0.7947 -0.3568
vn 0.5126 0.8293 -0.2224
vn 0.5571 0.7673 -0.3176
vn 0.5764 0.7017 -0.4188
vn 0.4742 0.7673 -0.4317
vn 0.3699 0.8293 -0.4188
vn 0.4371 0.8414 -0.3176
vn 0.4061 0.6571 -0.6351
vn 0.5381 0.6179 -0.5733
vn 0.4584 0.5839 -0.6701
vn 0.3504 0.5669 -0.7455
vn 0.3172 0.6711 -0.6701
vn 0.3120 0.7576 -0.5733
vn 0.4357 0.7050 -0.5596
vn -0.0999 0.9463 -0.3074
vn 0.0070 0.9127 -0.4085
vn -0.1269 0.9117 -0.3907
vn -0.2457 0.9127 -0.3264
vn -0.1639 0.9578 -0.2361
vn -0.0541 0.9846 -0.1664
vn -0.0062 0.9578 -0.2874
vn -0.1876 0.7947 -0.5773
vn -0.0531 0.8293 -0.5562
vn -0.1299 0.7673 -0.6280
vn -0.2202 0.7017 -0.6776
vn -0.2640 0.7673 -0.5844
vn -0.2840 0.8293 -0.4812
vn -0.1670 0.8414 -0.5139
vn -0.4785 0.6571 -0.5825
vn -0.3790 0.6179 -0.6889
vn -0.4956 0.5839 -0.6430
vn -0.6008 0.5669 -0.5636
vn -0.5392 0.6711 -0.5088
vn -0.4488 0.7576 -0.4739
vn -0.3976 0.7050 -0.5873
vn -0.3232 0.9463 -0.0000
vn -0.3863 0.9127 -0.1329
vn -0.4108 0.9117 -0.0000
vn -0.3863 0.9127 0.1329
vn -0.2752 0.9578 0.0830
vn -0.1750 0.9846 -0.0000
vn -0.2752 0.9578 -0.0830
vn -0.6071 0.7947 -0.0000
vn -0.5454 0.8293 -0.1214
vn -0.6374 0.7673 -0.0705
vn -0.7124 0.7017 -0.0000
vn -0.6374 0.7673 0.0705
vn -0.5454 0.8293 0.1214
vn -0.5403 0.8414 -0.0000
vn -0.7018 0.6571 0.2751
vn -0.7723 0.6179 0.1476
vn -0.7647 0.5839 0.2727
vn -0.7217 0.5669 0.3972
vn -0.6505 0.6711 0.3556
vn -0.5894 0.7576 0.2804
vn -0.6814 0.7050 0.1966
vn -0.0999 0.9463 0.3074
vn -0.2457 0.9127 0.3264
vn -0.1269 0.9117 0.3907
vn 0.0070 0.9127 0.4085
vn -0.0062 0.9578 0.2874
vn -0.0541 0.9846 0.1664
vn -0.1639 0.9578 0.2361
vn -0.1876 0.7947 0.5773
vn -0.2840 0.8293 0.4812
vn -0.2640 0.7673 0.5844
vn -0.2202 0.7017 0.6776
vn -0.1299 0.7673 0.6280
vn -0.0531 0.8294 0.5562
vn -0.1670 0.8414 0.5139
vn 0.0447 0.6571 0.7525
vn -0.0983 0.6179 0.7801
vn 0.0230 0.5839 0.8115
vn 0.1548 0.5669 0.8091
vn 0.1372 0.6711 0.7286
vn 0.0845 0.7576 0.6472
vn -0.0236 0.7050 0.7088
vn 0.2615 0.9463 0.1900
vn 0.2345 0.9127 0.3346
vn 0.3323 0.9117 0.2415
vn 0.3906 0.9127 0.1196
vn 0.2714 0.9578 0.0947
vn 0.1415 0.9846 0.1028
vn 0.1739 0.9578 0.2289
vn 0.4911 0.7947 0.3568
vn 0.3699 0.8293 0.4188
vn 0.4742 0.7673 0.4317
vn 0.5764 0.7017 0.4188
vn 0.5571 0.7673 0.3176
vn 0.5126 0.8293 0.2224
vn 0.4371 0.8414 0.3176
vn 0.7295 0.6571 0.1900
vn 0.7115 0.6179 0.3346
vn 0.7789 0.5839 0.2289
vn 0.8173 0.5669 0.1028
vn 0.7353 0.6711 0.0947
vn 0.6417 0.7576 0.1196
vn 0.6669 0.7050 0.2415
vn 0.8911 0.3339 -0.3074
vn 0.9263 0.1884 -0.3264
vn 0.8722 0.2942 -0.3907
vn 0.8133 0.4144 -0.4085
vn 0.8594 0.4228 -0.2874
vn 0.9048 0.3920 -0.1664
vn 0.9300 0.2817 -0.2361
vn 0.7947 0.1876 -0.5773
vn 0.8688 0.1169 -0.4812
vn 0.8044 0.1070 -0.5844
vn 0.7261 0.1169 -0.6776
vn 0.7444 0.2270 -0.6280
vn 0.7655 0.3234 -0.5562
vn 0.8273 0.2270 -0.5139
vn 0.5677 0.3339 -0.7525
vn 0.5966 0.1884 -0.7801
vn 0.5119 0.2817 -0.8115
vn 0.4379 0.3920 -0.8091
vn 0.5389 0.4228 -0.7286
vn 0.6398 0.4144 -0.6472
vn 0.6411 0.2942 -0.7088
vn -0.0170 0.3339 -0.9425
vn -0.0242 0.1884 -0.9818
vn -0.1020 0.2942 -0.9503
vn -0.1372 0.4144 -0.8997
vn -0.0077 0.4228 -0.9062
vn 0.1213 0.3920 -0.9119
vn 0.0628 0.2817 -0.9574
vn -0.3035 0.1876 -0.9342
vn -0.1892 0.1169 -0.9750
vn -0.3072 0.1070 -0.9456
vn -0.4200 0.1169 -0.9000
vn -0.3672 0.2270 -0.9020
vn -0.2924 0.3234 -0.9000
vn -0.2331 0.2270 -0.9456
vn -0.5402 0.3339 -0.7725
vn -0.5575 0.1884 -0.8085
vn -0.6136 0.2817 -0.7377
vn -0.6342 0.3920 -0.6665
vn -0.5264 0.4228 -0.7377
vn -0.4179 0.4144 -0.8085
vn -0.4760 0.2942 -0.8288
vn -0.9016 0.3339 -0.2751
vn -0.9412 0.1884 -0.2804
vn -0.9353 0.2942 -0.1966
vn -0.8980 0.4144 -0.1476
vn -0.8642 0.4228 -0.2727
vn -0.8298 0.3920 -0.3972
vn -0.8912 0.2817 -0.3556
vn -0.9822 0.1876 -0.0000
vn -0.9857 0.1169 -0.1214
vn -0.9943 0.1070 -0.0000
vn -0.9857 0.1169 0.1214
vn -0.9713 0.2270 0.0705
vn -0.9463 0.3234 -0.0000
vn -0.9713 0.2270 -0.0705
vn -0.9016 0.3339 0.2751
vn -0.9412 0.1884 0.2804
vn -0.8912 0.2817 0.3556
vn -0.8298 0.3920 0.3972
vn -0.8642 0.4228 0.2727
vn -0.8980 0.4144 0.1476
vn -0.9353 0.2942 0.1966
vn -0.5402 0.3339 0.7725
vn -0.5575 0.1884 0.8085
vn -0.4760 0.2942 0.8288
vn -0.4179 0.4144 0.8085
vn -0.5264 0.4228 0.7377
vn -0.6342 0.3920 0.6665
vn -0.6136 0.2817 0.7377
vn -0.3035 0.1876 0.9342
vn -0.4200 0.1169 0.9000
vn -0.3072 0.1070 0.9456
vn -0.1892 0.1169 0.9750
vn -0.2331 0.2270 0.9456
vn -0.2924 0.3234 0.9000
vn -0.3672 0.2270 0.9020
vn -0.0170 0.3339 0.9425
vn -0.0242 0.1884 0.9818
vn 0.0628 0.2817 0.9574
vn 0.1213 0.3920 0.9119
vn -0.0077 0.4228 0.9062
vn -0.1372 0.4144 0.8997
vn -0.1020 0.2942 0.9503
vn 0.5677 0.3339 0.7525
vn 0.5966 0.1884 0.7801
vn 0.6411 0.2942 0.7088
vn 0.6398 0.4144 0.6472
vn 0.5389 0.4228 0.7286
vn 0.4379 0.3920 0.8091
vn 0.5119 0.2817 0.8115
vn 0.7947 0.1876 0.5774
vn 0.7261 0.1169 0.6776
vn 0.8044 0.1070 0.5844
vn 0.8688 0.1169 0.4812
vn 0.8273 0.2270 0.5139
vn 0.7655 0.3234 0.5562
vn 0.7444 0.2270 0.6280
vn 0.8911 0.3339 0.3074
vn 0.9263 0.1884 0.3264
vn 0.9300 0.2817 0.2361
vn 0.9048 0.3920 0.1664
vn 0.8594 0.4228 0.2874
vn 0.8133 0.4144 0.4085
vn 0.8722 0.2942 0.3907
vn 0.3062 0.1341 -0.9425
vn 0.4320 0.0627 -0.8997
vn 0.3088 0.0403 -0.9503
vn 0.1793 0.0627 -0.9818
vn 0.2239 0.1822 -0.9574
vn 0.2963 0.2838 -0.9119
vn 0.3817 0.1822 -0.9062
vn 0.3035 -0.1876 -0.9342
vn 0.4200 -0.1169 -0.9000
vn 0.3672 -0.2270 -0.9020
vn 0.2924 -0.3234 -0.9000
vn 0.2331 -0.2270 -0.9456
vn 0.1892 -0.1169 -0.9750
vn 0.3072 -0.1070 -0.9456
vn 0.0170 -0.3339 -0.9425
vn 0.1372 -0.4144 -0.8997
vn 0.0077 -0.4228 -0.9062
vn -0.1213 -0.3920 -0.9119
vn -0.0628 -0.2817 -0.9574
vn 0.0242 -0.1884 -0.9818
vn 0.1020 -0.2942 -0.9503
vn -0.8017 0.1341 -0.5825
vn -0.7222 0.0627 -0.6889
vn -0.8084 0.0403 -0.5873
vn -0.8783 0.0627 -0.4739
vn -0.8414 0.1822 -0.5088
vn -0.7757 0.2838 -0.5636
vn -0.7439 0.1822 -0.6430
vn -0.7947 -0.1876 -0.5773
vn -0.7261 -0.1169 -0.6776
vn -0.7444 -0.2270 -0.6280
vn -0.7655 -0.3234 -0.5562
vn -0.8273 -0.2270 -0.5139
vn -0.8688 -0.1169 -0.4812
vn -0.8044 -0.1070 -0.5844
vn -0.8911 -0.3339 -0.3074
vn -0.8133 -0.4144 -0.4085
vn -0.8594 -0.4228 -0.2874
vn -0.9048 -0.3920 -0.1664
vn -0.9300 -0.2817 -0.2361
vn -0.9263 -0.1884 -0.3264
vn -0.8722 -0.2942 -0.3907
vn -0.8017 0.1341 0.5825
vn -0.8783 0.0627 0.4739
vn -0.8084 0.0403 0.5873
vn -0.7222 0.0627 0.6889
vn -0.7439 0.1822 0.6430
vn -0.7757 0.2838 0.5636
vn -0.8414 0.1822 0.5088
vn -0.7947 -0.1876 0.5773
vn -0.8688 -0.1169 0.4812
vn -0.8273 -0.2270 0.5139
vn -0.7655 -0.3234 0.5562
vn -0.7444 -0.2270 0.6280
vn -0.7261 -0.1169 0.6776
vn -0.8044 -0.1070 0.5844
vn -0.5677 -0.3339 0.7525
vn -0.6398 -0.4144 0.6472
vn -0.5389 -0.4228 0.7286
vn -0.4379 -0.3920 0.8091
vn -0.5119 -0.2817 0.8115
vn -0.5966 -0.1884 0.7801
vn -0.6411 -0.2942 0.7088
vn 0.3062 0.1341 0.9425
vn 0.1793 0.0627 0.9818
vn 0.3088 0.0403 0.9503
vn 0.4320 0.0627 0.8997
vn 0.3817 0.1822 0.9062
vn 0.2963 0.2838 0.9119
vn 0.2239 0.1822 0.9574
vn 0.3035 -0.1876 0.9342
vn 0.1892 -0.1169 0.9750
vn 0.2331 -0.2270 0.9456
vn 0.2924 -0.3234 0.9000
vn 0.3672 -0.2270 0.9020
vn 0.4200 -0.1169 0.9000
vn 0.3072 -0.1070 0.9456
vn 0.5402 -0.3339 0.7725
vn 0.4179 -0.4144 0.8085
vn 0.5264 -0.4228 0.7377
vn 0.6342 -0.3920 0.6664
vn 0.6136 -0.2817 0.7377
vn 0.5575 -0.1884 0.8085
vn 0.4760 -0.2942 0.8288
vn 0.9910 0.1341 -0.0000
vn 0.9892 0.0627 0.1329
vn 0.9992 0.0403 -0.0000
vn 0.9892 0.0627 -0.1329
vn 0.9798 0.1822 -0.0830
vn 0.9589 0.2838 -0.0000
vn 0.9798 0.1822 0.0830
vn 0.9822 -0.1876 -0.0000
vn 0.9857 -0.1169 0.1214
vn 0.9713 -0.2270 0.0705
vn 0.9463 -0.3234 -0.0000
vn 0.9713 -0.2270 -0.0705
vn 0.9857 -0.1169 -0.1214
vn 0.9943 -0.1070 -0.0000
vn 0.9016 -0.3339 -0.2751
vn 0.8980 -0.4144 -0.1476
vn 0.8642 -0.4228 -0.2727
vn 0.8298 -0.3920 -0.3972
vn 0.8912 -0.2817 -0.3556
vn 0.9412 -0.1884 -0.2804
vn 0.9353 -0.2942 -0.1966
vn 0.4785 -0.6571 -0.5825
vn 0.4488 -0.7576 -0.4739
vn 0.3976 -0.7050 -0.5873
vn 0.3790 -0.6179 -0.6889
vn 0.4956 -0.5839 -0.6430
vn 0.6008 -0.5669 -0.5636
vn 0.5392 -0.6711 -0.5088
vn 0.1876 -0.7947 -0.5773
vn 0.2840 -0.8294 -0.4812
vn 0.1670 -0.8414 -0.5139
vn 0.0531 -0.8294 -0.5562
vn 0.1299 -0.7673 -0.6280
vn 0.2202 -0.7017 -0.6776
vn 0.2640 -0.7673 -0.5844
vn -0.0447 -0.6571 -0.7525
vn -0.0845 -0.7576 -0.6472
vn -0.1372 -0.6711 -0.7286
vn -0.1548 -0.5669 -0.8091
vn -0.0230 -0.5839 -0.8115
vn 0.0983 -0.6179 -0.7801
vn 0.0236 -0.7050 -0.7088
vn -0.4061 -0.6571 -0.6351
vn -0.3120 -0.7576 -0.5733
vn -0.4357 -0.7050 -0.5596
vn -0.5381 -0.6179 -0.5733
vn -0.4584 -0.5839 -0.6701
vn -0.3504 -0.5669 -0.7455
vn -0.3172 -0.6711 -0.6701
vn -0.4911 -0.7947 -0.3568
vn -0.3699 -0.8293 -0.4188
vn -0.4371 -0.8414 -0.3176
vn -0.5126 -0.8293 -0.2224
vn -0.5571 -0.7673 -0.3176
vn -0.5764 -0.7017 -0.4188
vn -0.4742 -0.7673 -0.4317
vn -0.7295 -0.6571 -0.1900
vn -0.6417 -0.7576 -0.1196
vn -0.7353 -0.6711 -0.0947
vn -0.8173 -0.5669 -0.1028
vn -0.7789 -0.5839 -0.2289
vn -0.7115 -0.6179 -0.3346
vn -0.6669 -0.7050 -0.2415
vn -0.7295 -0.6571 0.1900
vn -0.6417 -0.7576 0.1196
vn -0.6669 -0.7050 0.2415
vn -0.7115 -0.6179 0.3346
vn -0.7789 -0.5839 0.2289
vn -0.8173 -0.5669 0.1028
vn -0.7353 -0.6711 0.0947
vn -0.4911 -0.7947 0.3568
vn -0.5126 -0.8294 0.2224
vn -0.4371 -0.8414 0.3176
vn -0.3699 -0.8293 0.4188
vn -0.4742 -0.7673 0.4317
vn -0.5764 -0.7017 0.4188
vn -0.5571 -0.7673 0.3176
vn -0.4061 -0.6571 0.6351
vn -0.3120 -0.7576 0.5733
vn -0.3172 -0.6711 0.6701
vn -0.3504 -0.5669 0.7455
vn -0.4584 -0.5839 0.6701
vn -0.5381 -0.6179 0.5733
vn -0.4357 -0.7050 0.5596
vn 0.7018 -0.6571 -0.2751
vn 0.7723 -0.6179 -0.1476
vn 0.6814 -0.7050 -0.1966
vn 0.5894 -0.7576 -0.2804
vn 0.6505 -0.6711 -0.3556
vn 0.7217 -0.5669 -0.3972
vn 0.7647 -0.5839 -0.2727
vn 0.6071 -0.7947 -0.0000
vn 0.7124 -0.7017 -0.0000
vn 0.6374 -0.7673 0.0705
vn 0.5454 -0.8293 0.1214
vn 0.5403 -0.8414 -0.0000
vn 0.5454 -0.8293 -0.1214
vn 0.6374 -0.7673 -0.0705
vn 0.3232 -0.9463 -0.0000
vn 0.3863 -0.9127 0.1328
vn 0.2752 -0.9578 0.0830
vn 0.1750 -0.9846 -0.0000
vn 0.2752 -0.9578 -0.0829
vn 0.3863 -0.9127 -0.1328
vn 0.4108 -0.9117 -0.0000
vn -0.0447 -0.6571 0.7525
vn -0.0845 -0.7576 0.6472
vn 0.0236 -0.7050 0.7088
vn 0.0983 -0.6179 0.7801
vn -0.0230 -0.5839 0.8115
vn -0.1548 -0.5669 0.8091
vn -0.1372 -0.6711 0.7286
vn 0.1876 -0.7947 0.5773
vn 0.0531 -0.8294 0.5562
vn 0.1670 -0.8414 0.5139
vn 0.2840 -0.8293 0.4812
vn 0.2640 -0.7673 0.5844
vn 0.2202 -0.7017 0.6776
vn 0.1299 -0.7673 0.6280
vn 0.4785 -0.6571 0.5825
vn 0.4488 -0.7576 0.4739
vn 0.5392 -0.6711 0.5088
vn 0.6008 -0.5669 0.5636
vn 0.4956 -0.5839 0.6430
vn 0.3790 -0.6179 0.6889
vn 0.3976 -0.7050 0.5873
vn 0.2679 -0.3864 -0.8826
vn 0.2397 -0.3602 -0.9016
vn 0.2373 -0.3409 -0.9097
vn 0.3827 -0.3834 -0.8406
vn 0.3824 -0.3416 -0.8585
vn 0.3819 -0.3157 -0.8686
vn 0.4918 -0.3486 -0.7979
vn 0.5165 -0.3135 -0.7968
vn 0.5179 -0.2936 -0.8035
vn 0.8707 -0.1945 -0.4517
vn 0.8555 -0.1757 -0.4871
vn 0.8535 -0.1571 -0.4969
vn 0.9238 -0.1633 -0.3462
vn 0.9232 -0.1216 -0.3645
vn 0.9219 -0.0961 -0.3752
vn 0.9634 -0.1035 -0.2472
vn 0.9701 -0.0631 -0.2343
vn 0.9697 -0.0430 -0.2406
vn 0.9634 0.1145 0.2423
vn 0.9701 0.1319 0.2037
vn 0.9697 0.1500 0.1930
vn 0.9238 0.1480 0.3530
vn 0.9232 0.1895 0.3342
vn 0.9219 0.2146 0.3225
vn 0.8707 0.2055 0.4468
vn 0.8555 0.2445 0.4565
vn 0.8535 0.2641 0.4493
vn 0.4918 0.3596 0.7930
vn 0.5165 0.3824 0.7662
vn 0.5179 0.4006 0.7559
vn 0.3827 0.3682 0.8474
vn 0.3824 0.4095 0.8283
vn 0.3819 0.4342 0.8159
vn 0.2679 0.3974 0.8777
vn 0.2397 0.4290 0.8709
vn 0.2373 0.4479 0.8620
vn -0.2679 0.3974 0.8777
vn -0.2397 0.4290 0.8709
vn -0.2373 0.4479 0.8620
vn -0.3827 0.3682 0.8474
vn -0.3824 0.4095 0.8283
vn -0.3819 0.4342 0.8159
vn -0.4918 0.3596 0.7930
vn -0.5165 0.3824 0.7662
vn -0.5179 0.4006 0.7559
vn -0.8707 0.2055 0.4468
vn -0.8555 0.2445 0.4565
vn -0.8535 0.2641 0.4493
vn -0.9238 0.1480 0.3530
vn -0.9232 0.1895 0.3342
vn -0.9219 0.2146 0.3225
vn -0.9634 0.1145 0.2423
vn -0.9701 0.1319 0.2037
vn -0.9697 0.1500 0.1930
vn -0.0000 0.9135 -0.4067
vn 0.7035 -0.1936 -0.6839
vn 0.3758 -0.1967 -0.9056
vn -0.0000 -0.3121 -0.9501
vn -0.3758 -0.1967 -0.9056
vn -0.7035 -0.1936 -0.6839
vn -0.9073 0.0195 -0.4201
vn -0.9949 0.0926 -0.0412
vn -0.9073 0.3252 0.2666
vn -0.7035 0.3787 0.6014
vn -0.3758 0.5414 0.7521
vn -0.0000 0.4972 0.8676
vn 0.3758 0.5414 0.7521
vn 0.7035 0.3787 0.6014
vn 0.9073 0.3252 0.2666
vn 0.9949 0.0926 -0.0412
vn 0.9073 0.0195 -0.4201
vn -0.9634 -0.1035 -0.2472
vn -0.9701 -0.0631 -0.2343
vn -0.9697 -0.0430 -0.2406
vn -0.9238 -0.1633 -0.3462
vn -0.9232 -0.1216 -0.3645
vn -0.9219 -0.0961 -0.3752
vn -0.8707 -0.1945 -0.4517
vn -0.8555 -0.1757 -0.4871
vn -0.8535 -0.1571 -0.4969
vn -0.4918 -0.3486 -0.7979
vn -0.5165 -0.3135 -0.7968
vn -0.5179 -0.2936 -0.8035
vn -0.3827 -0.3834 -0.8406
vn -0.3824 -0.3416 -0.8585
vn -0.3819 -0.3157 -0.8686
vn -0.2679 -0.3864 -0.8826
vn -0.2397 -0.3602 -0.9016
vn -0.2373 -0.3409 -0.9097
vn -0.0000 -0.9135 0.4067
vn -0.0000 -0.5447 -0.8386
vn 0.3557 -0.6864 -0.6343
vn 0.6984 -0.4270 -0.5744
vn 0.8587 -0.4818 -0.1748
vn 0.9877 -0.1430 0.0636
vn 0.8587 -0.1925 0.4750
vn 0.6984 0.1411 0.7017
vn 0.3557 0.0121 0.9345
vn -0.0000 0.2588 0.9659
vn -0.3557 0.0121 0.9345
vn -0.6984 0.1411 0.7017
vn -0.8587 -0.1925 0.4750
vn -0.9877 -0.1430 0.0636
vn -0.8587 -0.4818 -0.1748
vn -0.6984 -0.4270 -0.5744
vn -0.3557 -0.6864 -0.6343
vn 0.2679 -0.1281 -0.9549
vn 0.2397 -0.0977 -0.9659
vn 0.2373 -0.0770 -0.9684
vn 0.3827 -0.1368 -0.9137
vn 0.3824 -0.0917 -0.9194
vn 0.3819 -0.0641 -0.9220
vn 0.4918 -0.1152 -0.8631
vn 0.5165 -0.0818 -0.8524
vn 0.5179 -0.0608 -0.8533
vn 0.8707 -0.0625 -0.4878
vn 0.8555 -0.0346 -0.5167
vn 0.8535 -0.0141 -0.5210
vn 0.9238 -0.0615 -0.3778
vn 0.9232 -0.0164 -0.3839
vn 0.9219 0.0111 -0.3872
vn 0.9634 -0.0313 -0.2661
vn 0.9701 0.0039 -0.2426
vn 0.9697 0.0250 -0.2431
vn 0.9634 0.0433 0.2645
vn 0.9701 0.0707 0.2322
vn 0.9697 0.0910 0.2268
vn 0.9238 0.0450 0.3801
vn 0.9232 0.0900 0.3735
vn 0.9219 0.1174 0.3691
vn 0.8707 0.0744 0.4862
vn 0.8555 0.1092 0.5062
vn 0.8535 0.1301 0.5047
vn 0.4918 0.1271 0.8614
vn 0.5165 0.1564 0.8419
vn 0.5179 0.1768 0.8370
vn 0.3827 0.1203 0.9160
vn 0.3824 0.1653 0.9091
vn 0.3819 0.1925 0.9039
vn 0.2679 0.1401 0.9532
vn 0.2397 0.1723 0.9554
vn 0.2373 0.1929 0.9521
vn -0.2679 0.1401 0.9532
vn -0.2397 0.1723 0.9554
vn -0.2373 0.1929 0.9521
vn -0.3827 0.1203 0.9160
vn -0.3824 0.1653 0.9091
vn -0.3819 0.1925 0.9039
vn -0.4918 0.1271 0.8614
vn -0.5165 0.1564 0.8419
vn -0.5179 0.1768 0.8370
vn -0.8707 0.0744 0.4862
vn -0.8555 0.1092 0.5062
vn -0.8535 0.1301 0.5047
vn -0.9238 0.0450 0.3801
vn -0.9232 0.0900 0.3735
vn -0.9219 0.1174 0.3691
vn -0.9634 0.0433 0.2645
vn -0.9701 0.0707 0.2322
vn -0.9697 0.0910 0.2268
vn -0.0000 0.9903 -0.1392
vn 0.7035 0.0024 -0.7107
vn 0.3758 0.0606 -0.9247
vn -0.0000 -0.0381 -0.9993
vn -0.3758 0.0606 -0.9247
vn -0.7035 0.0024 -0.7107
vn -0.9073 0.1345 -0.3984
vn -0.9949 0.1003 -0.0141
vn -0.9073 0.2391 0.3459
vn -0.7035 0.1982 0.6825
vn -0.3758 0.3131 0.8722
vn -0.0000 0.2388 0.9711
vn 0.3758 0.3131 0.8722
vn 0.7035 0.1982 0.6825
vn 0.9073 0.2391 0.3459
vn 0.9949 0.1003 -0.0141
vn 0.9073 0.1345 -0.3984
vn -0.9634 -0.0313 -0.2661
vn -0.9701 0.0039 -0.2426
vn -0.9697 0.0250 -0.2431
vn -0.9238 -0.0615 -0.3778
vn -0.9232 -0.0164 -0.3839
vn -0.9219 0.0111 -0.3872
vn -0.8707 -0.0625 -0.4878
vn -0.8555 -0.0346 -0.5167
vn -0.8535 -0.0141 -0.5210
vn -0.4918 -0.1152 -0.8631
vn -0.5165 -0.0818 -0.8524
vn -0.5179 -0.0608 -0.8533
vn -0.3827 -0.1368 -0.9137
vn -0.3824 -0.0917 -0.9194
vn -0.3819 -0.0641 -0.9220
vn -0.2679 -0.1281 -0.9549
vn -0.2397 -0.0977 -0.9659
vn -0.2373 -0.0770 -0.9684
vn -0.0000 -0.9903 0.1392
vn -0.0000 -0.2924 -0.9563
vn 0.3557 -0.4850 -0.7989
vn 0.6984 -0.2522 -0.6698
vn 0.8587 -0.4150 -0.3008
vn 0.9877 -0.1550 0.0218
vn 0.8587 -0.3160 0.4036
vn 0.6984 -0.0578 0.7134
vn 0.3557 -0.2460 0.9017
vn -0.0000 -0.0175 0.9998
vn -0.3557 -0.2460 0.9017
vn -0.6984 -0.0578 0.7134
vn -0.8587 -0.3160 0.4036
vn -0.9877 -0.1550 0.0218
vn -0.8587 -0.4150 -0.3008
vn -0.6984 -0.2522 -0.6698
vn -0.3557 -0.4850 -0.7989
vn 0.2679 0.1401 -0.9532
vn 0.2397 0.1723 -0.9554
vn 0.2373 0.1929 -0.9521
vn 0.3827 0.1203 -0.9160
vn 0.3824 0.1653 -0.9091
vn 0.3819 0.1925 -0.9039
vn 0.4918 0.1271 -0.8614
vn 0.5165 0.1564 -0.8419
vn 0.5179 0.1768 -0.8370
vn 0.8707 0.0744 -0.4862
vn 0.8555 0.1092 -0.5062
vn 0.8535 0.1301 -0.5047
vn 0.9238 0.0450 -0.3801
vn 0.9232 0.0900 -0.3735
vn 0.9219 0.1174 -0.3691
vn 0.9634 0.0433 -0.2645
vn 0.9701 0.0707 -0.2322
vn 0.9697 0.0910 -0.2268
vn 0.9634 -0.0313 0.2661
vn 0.9701 0.0039 0.2426
vn 0.9697 0.0250 0.2431
vn 0.9238 -0.0615 0.3778
vn 0.9232 -0.0164 0.3839
vn 0.9219 0.0111 0.3872
vn 0.8707 -0.0625 0.4879
vn 0.8555 -0.0346 0.5167
vn 0.8535 -0.0141 0.5210
vn 0.4918 -0.1152 0.8631
vn 0.5165 -0.0818 0.8524
vn 0.5179 -0.0608 0.8533
vn 0.3827 -0.1368 0.9137
vn 0.3824 -0.0917 0.9194
vn 0.3819 -0.0641 0.9220
vn 0.2679 -0.1281 0.9549
vn 0.2397 -0.0977 0.9659
vn 0.2373 -0.0770 0.9684
vn -0.2679 -0.1281 0.9549
vn -0.2397 -0.0977 0.9659
vn -0.2373 -0.0770 0.9684
vn -0.3827 -0.1368 0.9137
vn -0.3824 -0.0917 0.9194
vn -0.3819 -0.0641 0.9220
vn -0.4918 -0.1152 0.8631
vn -0.5165 -0.0818 0.8524
vn -0.5179 -0.0608 0.8533
vn -0.8707 -0.0625 0.4879
vn -0.8555 -0.0346 0.5167
vn -0.8535 -0.0141 0.5210
vn -0.9238 -0.0615 0.3778
vn -0.9232 -0.0164 0.3839
vn -0.9219 0.0111 0.3872
vn -0.9634 -0.0313 0.2661
vn -0.9701 0.0039 0.2426
vn -0.9697 0.0250 0.2431
vn -0.0000 0.9903 0.1392
vn 0.7035 0.1982 -0.6825
vn 0.3758 0.3131 -0.8722
vn -0.0000 0.2388 -0.9711
vn -0.3758 0.3131 -0.8722
vn -0.7035 0.1982 -0.6825
vn -0.9073 0.2391 -0.3459
vn -0.9949 0.1003 0.0141
vn -0.9073 0.1345 0.3984
vn -0.7035 0.0024 0.7107
vn -0.3758 0.0606 0.9247
vn -0.0000 -0.0381 0.9993
vn 0.3758 0.0606 0.9247
vn 0.7035 0.0024 0.7107
vn 0.9073 0.1345 0.3984
vn 0.9949 0.1003 0.0141
vn 0.9073 0.2391 -0.3459
vn -0.9634 0.0433 -0.2645
vn -0.9701 0.0707 -0.2322
vn -0.9697 0.0910 -0.2268
vn -0.9238 0.0450 -0.3801
vn -0.9232 0.0900 -0.3735
vn -0.9219 0.1174 -0.3691
vn -0.8707 0.0744 -0.4862
vn -0.8555 0.1092 -0.5062
vn -0.8535 0.1301 -0.5047
vn -0.4918 0.1271 -0.8614
vn -0.5165 0.1564 -0.8419
vn -0.5179 0.1768 -0.8370
vn -0.3827 0.1203 -0.9160
vn -0.3824 0.1653 -0.9091
vn -0.3819 0.1925 -0.9039
vn -0.2679 0.1401 -0.9532
vn -0.2397 0.1723 -0.9554
vn -0.2373 0.1929 -0.9521
vn -0.0000 -0.9903 -0.1392
vn -0.0000 -0.0175 -0.9998
vn 0.3557 -0.2460 -0.9017
vn 0.6984 -0.0578 -0.7134
vn 0.8587 -0.3160 -0.4036
vn 0.9877 -0.1550 -0.0218
vn 0.8587 -0.4150 0.3008
vn 0.6984 -0.2522 0.6698
vn 0.3557 -0.4850 0.7989
vn -0.0000 -0.2924 0.9563
vn -0.3557 -0.4850 0.7989
vn -0.6984 -0.2522 0.6698
vn -0.8587 -0.4150 0.3008
vn -0.9877 -0.1550 -0.0218
vn -0.8587 -0.3160 -0.4036
vn -0.6984 -0.0578 -0.7134
vn -0.3557 -0.2460 -0.9017
vt 0.968750 0.625000
vt 0.968750 0.750000
vt 0.937500 0.750000
vt 0.937500 0.625000
vt 0.968750 0.875000
vt 0.937500 0.875000
vt 0.906250 0.750000
vt 0.906250 0.625000
vt 0.906250 0.875000
vt 1.000000 0.500000
vt 1.000000 0.625000
vt 0.968750 0.500000
vt 1.000000 0.750000
vt 1.000000 0.875000
vt 1.000000 1.000000
vt 0.968750 1.000000
vt 0.937500 1.000000
vt 0.906250 1.000000
vt 0.875000 1.000000
vt 0.875000 0.875000
vt 0.875000 0.750000
vt 0.875000 0.625000
vt 0.906250 0.500000
vt 0.875000 0.500000
vt 0.937500 0.500000
vt 0.843750 0.625000
vt 0.843750 0.750000
vt 0.812500 0.750000
vt 0.812500 0.625000
vt 0.843750 0.875000
vt 0.812500 0.875000
vt 0.781250 0.750000
vt 0.781250 0.625000
vt 0.781250 0.875000
vt 0.843750 0.500000
vt 0.843750 1.000000
vt 0.812500 1.000000
vt 0.781250 1.000000
vt 0.750000 1.000000
vt 0.750000 0.875000
vt 0.750000 0.750000
vt 0.750000 0.625000
vt 0.781250 0.500000
vt 0.750000 0.500000
vt 0.812500 0.500000
vt 0.718750 0.625000
vt 0.718750 0.750000
vt 0.687500 0.750000
vt 0.687500 0.625000
vt 0.718750 0.875000
vt 0.687500 0.875000
vt 0.656250 0.750000
vt 0.656250 0.625000
vt 0.656250 0.875000
vt 0.718750 0.500000
vt 0.718750 1.000000
vt 0.687500 1.000000
vt 0.656250 1.000000
vt 0.625000 1.000000
vt 0.625000 0.875000
vt 0.625000 0.750000
vt 0.625000 0.625000
vt 0.656250 0.500000
vt 0.625000 0.500000
vt 0.687500 0.500000
vt 0.593750 0.625000
vt 0.593750 0.750000
vt 0.562500 0.750000
vt 0.562500 0.625000
vt 0.593750 0.875000
vt 0.562500 0.875000
vt 0.531250 0.750000
vt 0.531250 0.625000
vt 0.531250 0.875000
vt 0.593750 0.500000
vt 0.593750 1.000000
vt 0.562500 1.000000
vt 0.531250 1.000000
vt 0.500000 1.000000
vt 0.500000 0.875000
vt 0.500000 0.750000
vt 0.500000 0.625000
vt 0.531250 0.500000
vt 0.500000 0.500000
vt 0.562500 0.500000
vt 0.468750 0.625000
vt 0.468750 0.750000
vt 0.437500 0.750000
vt 0.437500 0.625000
vt 0.468750 0.875000
vt 0.437500 0.875000
vt 0.406250 0.750000
vt 0.406250 0.625000
vt 0.406250 0.875000
vt 0.468750 0.500000
vt 0.468750 1.000000
vt 0.437500 1.000000
vt 0.406250 1.000000
vt 0.375000 1.000000
vt 0.375000 0.875000
vt 0.375000 0.750000
vt 0.375000 0.625000
vt 0.406250 0.500000
vt 0.375000 0.500000
vt 0.437500 0.500000
vt 0.343750 0.625000
vt 0.343750 0.750000
vt 0.312500 0.750000
vt 0.312500 0.625000
vt 0.343750 0.875000
vt 0.312500 0.875000
vt 0.281250 0.750000
vt 0.281250 0.625000
vt 0.281250 0.875000
vt 0.343750 0.500000
vt 0.343750 1.000000
vt 0.312500 1.000000
vt 0.281250 1.000000
vt 0.250000 1.000000
vt 0.250000 0.875000
vt 0.250000 0.750000
vt 0.250000 0.625000
vt 0.281250 0.500000
vt 0.250000 0.500000
vt 0.312500 0.500000
vt 0.367698 0.367698
vt 0.301054 0.373256
vt 0.250000 0.250000
vt 0.373256 0.301054
vt 0.250000 0.416450
vt 0.198946 0.373256
vt 0.132302 0.367698
vt 0.126744 0.301054
vt 0.083550 0.250000
vt 0.126744 0.198946
vt 0.132302 0.132302
vt 0.198946 0.126744
vt 0.250000 0.083550
vt 0.301054 0.126744
vt 0.367698 0.132302
vt 0.373256 0.198946
vt 0.416450 0.250000
vt 0.419706 0.419706
vt 0.377279 0.437279
vt 0.437279 0.377279
vt 0.334853 0.454853
vt 0.454853 0.334853
vt 0.250000 0.490000
vt 0.207574 0.472426
vt 0.292426 0.472426
vt 0.165147 0.454853
vt 0.080294 0.419706
vt 0.062721 0.377279
vt 0.122721 0.437279
vt 0.045147 0.334853
vt 0.010000 0.250000
vt 0.027574 0.207574
vt 0.027574 0.292426
vt 0.045147 0.165147
vt 0.080294 0.080294
vt 0.122721 0.062721
vt 0.062721 0.122721
vt 0.165147 0.045147
vt 0.250000 0.010000
vt 0.292426 0.027574
vt 0.207574 0.027574
vt 0.334853 0.045147
vt 0.419706 0.080294
vt 0.437279 0.122721
vt 0.377279 0.062721
vt 0.454853 0.165147
vt 0.490000 0.250000
vt 0.472426 0.292426
vt 0.472426 0.207574
vt 0.218750 0.625000
vt 0.218750 0.750000
vt 0.187500 0.750000
vt 0.187500 0.625000
vt 0.218750 0.875000
vt 0.187500 0.875000
vt 0.156250 0.750000
vt 0.156250 0.625000
vt 0.156250 0.875000
vt 0.218750 0.500000
vt 0.218750 1.000000
vt 0.187500 1.000000
vt 0.156250 1.000000
vt 0.125000 1.000000
vt 0.125000 0.875000
vt 0.125000 0.750000
vt 0.125000 0.625000
vt 0.156250 0.500000
vt 0.125000 0.500000
vt 0.187500 0.500000
vt 0.093750 0.625000
vt 0.093750 0.750000
vt 0.062500 0.750000
vt 0.062500 0.625000
vt 0.093750 0.875000
vt 0.062500 0.875000
vt 0.031250 0.750000
vt 0.031250 0.625000
vt 0.031250 0.875000
vt 0.093750 0.500000
vt 0.093750 1.000000
vt 0.062500 1.000000
vt 0.031250 1.000000
vt 0.000000 1.000000
vt 0.000000 0.875000
vt 0.000000 0.750000
vt 0.000000 0.625000
vt 0.031250 0.500000
vt 0.000000 0.500000
vt 0.062500 0.500000
vt 0.750000 0.416450
vt 0.801054 0.373256
vt 0.750000 0.250000
vt 0.698946 0.373256
vt 0.867698 0.367698
vt 0.873256 0.301054
vt 0.916450 0.250000
vt 0.873256 0.198946
vt 0.867698 0.132302
vt 0.801054 0.126744
vt 0.750000 0.083550
vt 0.698946 0.126744
vt 0.632302 0.132302
vt 0.626744 0.198946
vt 0.583550 0.250000
vt 0.626744 0.301054
vt 0.632302 0.367698
vt 0.750000 0.490000
vt 0.792426 0.472426
vt 0.707574 0.472426
vt 0.834853 0.454853
vt 0.665147 0.454853
vt 0.919706 0.419706
vt 0.937279 0.377279
vt 0.877279 0.437279
vt 0.954853 0.334853
vt 0.990000 0.250000
vt 0.972427 0.207574
vt 0.972427 0.292426
vt 0.954853 0.165147
vt 0.919706 0.080294
vt 0.877279 0.062721
vt 0.937279 0.122721
vt 0.834853 0.045147
vt 0.750000 0.010000
vt 0.707574 0.027574
vt 0.792426 0.027574
vt 0.665147 0.045147
vt 0.580294 0.080294
vt 0.562721 0.122721
vt 0.622721 0.062721
vt 0.545147 0.165147
vt 0.510000 0.250000
vt 0.527574 0.292426
vt 0.527574 0.207574
vt 0.545147 0.334853
vt 0.580294 0.419706
vt 0.622721 0.437279
vt 0.562721 0.377279
vt 0.181819 0.032987
vt 0.191644 0.046815
vt 0.181819 0.052487
vt 0.171994 0.046815
vt 0.198391 0.062237
vt 0.181819 0.063832
vt 0.165247 0.062237
vt 0.181819 0.000000
vt 0.193183 0.019683
vt 0.170455 0.019683
vt 0.204546 0.039365
vt 0.159092 0.039365
vt 0.227273 0.078731
vt 0.201350 0.078799
vt 0.215910 0.059048
vt 0.181819 0.078731
vt 0.136365 0.078731
vt 0.147728 0.059048
vt 0.162288 0.078799
vt 0.301611 0.140968
vt 0.308358 0.125545
vt 0.318182 0.131218
vt 0.318183 0.142562
vt 0.318340 0.111991
vt 0.328007 0.125545
vt 0.334597 0.140694
vt 0.272728 0.157461
vt 0.284092 0.137778
vt 0.298651 0.157529
vt 0.295455 0.118096
vt 0.318182 0.157461
vt 0.318182 0.078731
vt 0.331203 0.101147
vt 0.306819 0.098413
vt 0.340910 0.118096
vt 0.363637 0.157461
vt 0.337674 0.157461
vt 0.350656 0.134976
vt 0.909091 0.032987
vt 0.918916 0.046815
vt 0.909091 0.052487
vt 0.899266 0.046815
vt 0.925663 0.062237
vt 0.909091 0.063832
vt 0.892519 0.062237
vt 0.909091 0.000000
vt 0.920455 0.019683
vt 0.897727 0.019683
vt 0.931818 0.039365
vt 0.886364 0.039365
vt 0.954545 0.078731
vt 0.928622 0.078799
vt 0.943182 0.059048
vt 0.909091 0.078731
vt 0.863636 0.078731
vt 0.875000 0.059048
vt 0.889560 0.078799
vt 0.727273 0.032987
vt 0.737098 0.046815
vt 0.727273 0.052487
vt 0.717448 0.046815
vt 0.743845 0.062237
vt 0.727273 0.063832
vt 0.710701 0.062237
vt 0.727273 0.000000
vt 0.738637 0.019683
vt 0.715909 0.019683
vt 0.750000 0.039365
vt 0.704546 0.039365
vt 0.772727 0.078731
vt 0.746804 0.078799
vt 0.761364 0.059048
vt 0.727273 0.078731
vt 0.681818 0.078731
vt 0.693182 0.059048
vt 0.707742 0.078799
vt 0.545455 0.032987
vt 0.555280 0.046815
vt 0.545455 0.052487
vt 0.535630 0.046815
vt 0.562027 0.062237
vt 0.545455 0.063832
vt 0.528883 0.062237
vt 0.545455 0.000000
vt 0.556819 0.019683
vt 0.534091 0.019683
vt 0.568182 0.039365
vt 0.522728 0.039365
vt 0.590909 0.078731
vt 0.564986 0.078799
vt 0.579546 0.059048
vt 0.545455 0.078731
vt 0.500000 0.078731
vt 0.511364 0.059048
vt 0.525924 0.078799
vt 0.301768 0.174228
vt 0.318183 0.172360
vt 0.318182 0.183704
vt 0.308358 0.189377
vt 0.334597 0.174228
vt 0.328007 0.189377
vt 0.318183 0.202658
vt 0.285709 0.179946
vt 0.295455 0.196826
vt 0.350656 0.179946
vt 0.340910 0.196826
vt 0.318183 0.236191
vt 0.305201 0.213707
vt 0.331164 0.213706
vt 0.119950 0.174228
vt 0.136365 0.172360
vt 0.136365 0.183704
vt 0.126540 0.189377
vt 0.152779 0.174228
vt 0.146189 0.189377
vt 0.136364 0.202658
vt 0.090910 0.157461
vt 0.116833 0.157529
vt 0.103931 0.179877
vt 0.136365 0.157461
vt 0.113637 0.196826
vt 0.181819 0.157461
vt 0.168838 0.179946
vt 0.155856 0.157461
vt 0.159092 0.196826
vt 0.136364 0.236191
vt 0.123383 0.213707
vt 0.149346 0.213706
vt 0.847223 0.174228
vt 0.863636 0.172360
vt 0.863636 0.183704
vt 0.853812 0.189377
vt 0.880051 0.174228
vt 0.873461 0.189377
vt 0.863637 0.202658
vt 0.818182 0.157461
vt 0.844105 0.157529
vt 0.831163 0.179946
vt 0.863636 0.157461
vt 0.840909 0.196826
vt 0.909091 0.157461
vt 0.896110 0.179946
vt 0.883128 0.157461
vt 0.886364 0.196826
vt 0.863637 0.236191
vt 0.850655 0.213707
vt 0.876618 0.213706
vt 0.665404 0.174228
vt 0.681819 0.172360
vt 0.681818 0.183704
vt 0.671994 0.189377
vt 0.698233 0.174228
vt 0.691643 0.189377
vt 0.681819 0.202658
vt 0.636364 0.157461
vt 0.662287 0.157529
vt 0.649345 0.179946
vt 0.681819 0.157461
vt 0.659091 0.196826
vt 0.727273 0.157461
vt 0.714292 0.179946
vt 0.701310 0.157461
vt 0.704546 0.196826
vt 0.681819 0.236191
vt 0.668837 0.213707
vt 0.694800 0.213706
vt 0.483586 0.174228
vt 0.500001 0.172360
vt 0.500001 0.183704
vt 0.490176 0.189377
vt 0.516415 0.174228
vt 0.509825 0.189377
vt 0.500001 0.202658
vt 0.454546 0.157461
vt 0.480469 0.157529
vt 0.467527 0.179946
vt 0.500001 0.157461
vt 0.477273 0.196826
vt 0.545455 0.157461
vt 0.532474 0.179946
vt 0.519492 0.157461
vt 0.522728 0.196826
vt 0.500001 0.236191
vt 0.487019 0.213707
vt 0.512982 0.213706
vt 0.272728 0.190994
vt 0.282553 0.204275
vt 0.272728 0.209948
vt 0.262903 0.204275
vt 0.289142 0.219424
vt 0.272728 0.221292
vt 0.256314 0.219424
vt 0.259747 0.179946
vt 0.250001 0.196826
vt 0.292220 0.236191
vt 0.272728 0.236191
vt 0.227274 0.236191
vt 0.240255 0.213707
vt 0.253236 0.236191
vt 0.091068 0.190721
vt 0.100735 0.204275
vt 0.090910 0.209948
vt 0.081085 0.204275
vt 0.107324 0.219424
vt 0.090910 0.221292
vt 0.074338 0.219698
vt 0.079546 0.177144
vt 0.068183 0.196826
vt 0.110402 0.236191
vt 0.090910 0.236191
vt 0.045455 0.236191
vt 0.056819 0.216509
vt 0.071378 0.236259
vt 0.818182 0.190994
vt 0.828007 0.204275
vt 0.818182 0.209948
vt 0.808357 0.204275
vt 0.834596 0.219424
vt 0.818182 0.221292
vt 0.801768 0.219424
vt 0.805201 0.179946
vt 0.795455 0.196826
vt 0.837674 0.236191
vt 0.818182 0.236191
vt 0.772728 0.236191
vt 0.785709 0.213707
vt 0.798690 0.236191
vt 0.636364 0.190994
vt 0.646189 0.204275
vt 0.636364 0.209948
vt 0.626539 0.204275
vt 0.652778 0.219424
vt 0.636364 0.221292
vt 0.619950 0.219424
vt 0.623383 0.179946
vt 0.613637 0.196826
vt 0.655856 0.236191
vt 0.636364 0.236191
vt 0.590910 0.236191
vt 0.603891 0.213707
vt 0.616872 0.236191
vt 0.454546 0.190994
vt 0.464371 0.204275
vt 0.454546 0.209948
vt 0.444721 0.204275
vt 0.470960 0.219424
vt 0.454546 0.221292
vt 0.438132 0.219424
vt 0.441565 0.179946
vt 0.431819 0.196826
vt 0.474038 0.236191
vt 0.454546 0.236191
vt 0.409092 0.236191
vt 0.422073 0.213707
vt 0.435054 0.236191
vt 0.210702 0.331414
vt 0.227274 0.329820
vt 0.227274 0.341165
vt 0.217449 0.346837
vt 0.243688 0.331688
vt 0.237098 0.346837
vt 0.227431 0.360392
vt 0.181819 0.314921
vt 0.207742 0.314853
vt 0.193183 0.334604
vt 0.227274 0.314921
vt 0.204546 0.354286
vt 0.272728 0.314921
vt 0.259747 0.337406
vt 0.246765 0.314921
vt 0.250001 0.354286
vt 0.227273 0.393651
vt 0.215910 0.373969
vt 0.240294 0.371235
vt 0.028883 0.331414
vt 0.045455 0.329820
vt 0.045455 0.341165
vt 0.035630 0.346837
vt 0.061869 0.331688
vt 0.055280 0.346837
vt 0.045613 0.360392
vt 0.000000 0.314921
vt 0.025884 0.314921
vt 0.011364 0.334604
vt 0.045455 0.314921
vt 0.022728 0.354286
vt 0.090910 0.314921
vt 0.077928 0.337406
vt 0.064947 0.314921
vt 0.068182 0.354286
vt 0.045455 0.393651
vt 0.034091 0.373969
vt 0.058476 0.371235
vt 0.756156 0.331414
vt 0.772728 0.329820
vt 0.772727 0.341165
vt 0.762903 0.346837
vt 0.789142 0.331688
vt 0.782552 0.346837
vt 0.772885 0.360392
vt 0.727273 0.314921
vt 0.753196 0.314853
vt 0.738637 0.334604
vt 0.772728 0.314921
vt 0.750000 0.354286
vt 0.818182 0.314921
vt 0.805201 0.337406
vt 0.792219 0.314921
vt 0.795455 0.354286
vt 0.772727 0.393651
vt 0.761364 0.373969
vt 0.785748 0.371235
vt 0.574338 0.331414
vt 0.590909 0.329820
vt 0.590909 0.341165
vt 0.581085 0.346837
vt 0.607324 0.331688
vt 0.600734 0.346837
vt 0.591067 0.360392
vt 0.545455 0.314921
vt 0.571378 0.314853
vt 0.556819 0.334604
vt 0.590910 0.314921
vt 0.568182 0.354286
vt 0.636364 0.314921
vt 0.623383 0.337406
vt 0.610401 0.314921
vt 0.613637 0.354286
vt 0.590909 0.393651
vt 0.579546 0.373969
vt 0.603930 0.371235
vt 0.392520 0.331414
vt 0.409092 0.329820
vt 0.409092 0.341165
vt 0.399267 0.346837
vt 0.425506 0.331688
vt 0.418916 0.346837
vt 0.409249 0.360392
vt 0.363637 0.314921
vt 0.389560 0.314853
vt 0.375001 0.334604
vt 0.409092 0.314921
vt 0.386364 0.354286
vt 0.454546 0.314921
vt 0.441565 0.337406
vt 0.428583 0.314921
vt 0.431819 0.354286
vt 0.409092 0.393651
vt 0.397728 0.373969
vt 0.422112 0.371235
vt 0.437974 0.410145
vt 0.454546 0.408550
vt 0.454546 0.419895
vt 0.444721 0.425567
vt 0.471118 0.410145
vt 0.464371 0.425567
vt 0.454546 0.439395
vt 0.435015 0.393583
vt 0.420455 0.413334
vt 0.454546 0.393652
vt 0.431819 0.433017
vt 0.500000 0.393651
vt 0.488637 0.413334
vt 0.474077 0.393583
vt 0.477273 0.433017
vt 0.454546 0.472382
vt 0.443182 0.452699
vt 0.465910 0.452699
vt 0.438132 0.376885
vt 0.444721 0.361736
vt 0.454546 0.367408
vt 0.454546 0.378753
vt 0.454546 0.348454
vt 0.464371 0.361736
vt 0.470960 0.376885
vt 0.467527 0.337406
vt 0.477273 0.354286
vt 0.486980 0.371235
vt 0.483586 0.331688
vt 0.500000 0.329820
vt 0.500000 0.341165
vt 0.490176 0.346837
vt 0.516572 0.331414
vt 0.509825 0.346837
vt 0.499843 0.360392
vt 0.480509 0.314921
vt 0.500001 0.314921
vt 0.534091 0.334604
vt 0.519532 0.314853
vt 0.522728 0.354286
vt 0.511364 0.373969
vt 0.619792 0.410145
vt 0.636364 0.408550
vt 0.636364 0.419895
vt 0.626539 0.425567
vt 0.652936 0.410145
vt 0.646189 0.425567
vt 0.636364 0.439395
vt 0.616833 0.393583
vt 0.602273 0.413334
vt 0.636364 0.393652
vt 0.613637 0.433017
vt 0.681818 0.393651
vt 0.670455 0.413334
vt 0.655895 0.393583
vt 0.659091 0.433017
vt 0.636364 0.472382
vt 0.625000 0.452699
vt 0.647728 0.452699
vt 0.619950 0.376885
vt 0.626539 0.361736
vt 0.636364 0.367408
vt 0.636364 0.378753
vt 0.636364 0.348454
vt 0.646189 0.361736
vt 0.652778 0.376885
vt 0.649345 0.337406
vt 0.659091 0.354286
vt 0.668798 0.371235
vt 0.665404 0.331688
vt 0.681819 0.329820
vt 0.681818 0.341165
vt 0.671994 0.346837
vt 0.698391 0.331414
vt 0.691643 0.346837
vt 0.681661 0.360392
vt 0.662327 0.314921
vt 0.681819 0.314921
vt 0.715909 0.334604
vt 0.701350 0.314853
vt 0.704546 0.354286
vt 0.693182 0.373969
vt 0.801610 0.410145
vt 0.818182 0.408550
vt 0.818182 0.419895
vt 0.808357 0.425567
vt 0.834754 0.410145
vt 0.828007 0.425567
vt 0.818182 0.439395
vt 0.798651 0.393583
vt 0.784091 0.413334
vt 0.818182 0.393652
vt 0.795455 0.433017
vt 0.863636 0.393651
vt 0.852273 0.413334
vt 0.837713 0.393583
vt 0.840909 0.433017
vt 0.818182 0.472382
vt 0.806818 0.452699
vt 0.829546 0.452699
vt 0.801768 0.376885
vt 0.808357 0.361736
vt 0.818182 0.367408
vt 0.818182 0.378753
vt 0.818182 0.348454
vt 0.828007 0.361736
vt 0.834596 0.376885
vt 0.831163 0.337406
vt 0.840909 0.354286
vt 0.850616 0.371235
vt 0.847222 0.331688
vt 0.863637 0.329820
vt 0.863636 0.341165
vt 0.853812 0.346837
vt 0.880209 0.331414
vt 0.873461 0.346837
vt 0.863479 0.360392
vt 0.844145 0.314921
vt 0.863637 0.314921
vt 0.909091 0.314921
vt 0.897727 0.334604
vt 0.883168 0.314853
vt 0.886364 0.354286
vt 0.875000 0.373969
vt 0.074338 0.410145
vt 0.090910 0.408550
vt 0.090910 0.419895
vt 0.081085 0.425567
vt 0.107482 0.410145
vt 0.100735 0.425567
vt 0.090910 0.439395
vt 0.071378 0.393583
vt 0.056819 0.413334
vt 0.090910 0.393652
vt 0.068183 0.433017
vt 0.136365 0.393651
vt 0.125001 0.413334
vt 0.110441 0.393583
vt 0.113637 0.433017
vt 0.090910 0.472382
vt 0.079546 0.452699
vt 0.102274 0.452699
vt 0.074495 0.376885
vt 0.081085 0.361736
vt 0.090910 0.367408
vt 0.090910 0.378753
vt 0.090910 0.348454
vt 0.100735 0.361736
vt 0.107324 0.376885
vt 0.103891 0.337406
vt 0.113637 0.354286
vt 0.123344 0.371235
vt 0.119950 0.331688
vt 0.136364 0.329820
vt 0.136364 0.341165
vt 0.126540 0.346837
vt 0.152936 0.331414
vt 0.146189 0.346837
vt 0.136207 0.360392
vt 0.116872 0.314921
vt 0.136364 0.314921
vt 0.170455 0.334604
vt 0.155896 0.314853
vt 0.159092 0.354286
vt 0.147728 0.373969
vt 0.256156 0.410145
vt 0.272728 0.408550
vt 0.272728 0.419895
vt 0.262903 0.425567
vt 0.289300 0.410145
vt 0.282553 0.425567
vt 0.272728 0.439395
vt 0.253197 0.393583
vt 0.238637 0.413334
vt 0.272728 0.393652
vt 0.250001 0.433017
vt 0.318182 0.393651
vt 0.306819 0.413334
vt 0.292259 0.393583
vt 0.295455 0.433017
vt 0.272728 0.472382
vt 0.261364 0.452699
vt 0.284092 0.452699
vt 0.256314 0.376885
vt 0.262903 0.361736
vt 0.272728 0.367408
vt 0.272728 0.378753
vt 0.272728 0.348454
vt 0.282553 0.361736
vt 0.289142 0.376885
vt 0.285709 0.337406
vt 0.295455 0.354286
vt 0.305162 0.371235
vt 0.301768 0.331688
vt 0.318182 0.329820
vt 0.318182 0.341165
vt 0.308358 0.346837
vt 0.334754 0.331414
vt 0.328007 0.346837
vt 0.318025 0.360392
vt 0.298691 0.314921
vt 0.318182 0.314921
vt 0.352273 0.334604
vt 0.337714 0.314853
vt 0.340910 0.354286
vt 0.329546 0.373969
vt 0.409092 0.269724
vt 0.418916 0.283005
vt 0.409092 0.288678
vt 0.399267 0.283005
vt 0.425506 0.298155
vt 0.409092 0.300023
vt 0.392677 0.298154
vt 0.422073 0.258676
vt 0.396110 0.258676
vt 0.431819 0.275556
vt 0.386364 0.275556
vt 0.441565 0.292437
vt 0.376618 0.292437
vt 0.438132 0.252958
vt 0.454546 0.251090
vt 0.454546 0.262434
vt 0.444721 0.268107
vt 0.470960 0.252958
vt 0.464371 0.268107
vt 0.454546 0.281388
vt 0.487019 0.258676
vt 0.477273 0.275556
vt 0.467527 0.292437
vt 0.500001 0.269724
vt 0.509825 0.283005
vt 0.500000 0.288678
vt 0.490176 0.283005
vt 0.516415 0.298154
vt 0.500001 0.300023
vt 0.483586 0.298154
vt 0.512982 0.258676
vt 0.522728 0.275556
vt 0.532474 0.292436
vt 0.590910 0.269724
vt 0.600734 0.283005
vt 0.590910 0.288678
vt 0.581085 0.283005
vt 0.607324 0.298155
vt 0.590909 0.300023
vt 0.574495 0.298154
vt 0.603891 0.258676
vt 0.577928 0.258676
vt 0.613637 0.275556
vt 0.568182 0.275556
vt 0.623383 0.292437
vt 0.558436 0.292437
vt 0.619950 0.252958
vt 0.636364 0.251090
vt 0.636364 0.262434
vt 0.626539 0.268107
vt 0.652778 0.252958
vt 0.646189 0.268107
vt 0.636364 0.281388
vt 0.668837 0.258676
vt 0.659091 0.275556
vt 0.649345 0.292437
vt 0.681819 0.269724
vt 0.691643 0.283005
vt 0.681819 0.288678
vt 0.671994 0.283005
vt 0.698233 0.298154
vt 0.681819 0.300023
vt 0.665404 0.298154
vt 0.694800 0.258676
vt 0.704546 0.275556
vt 0.714292 0.292436
vt 0.772728 0.269724
vt 0.782552 0.283005
vt 0.772728 0.288678
vt 0.762903 0.283005
vt 0.789142 0.298155
vt 0.772728 0.300023
vt 0.756313 0.298154
vt 0.785709 0.258676
vt 0.759746 0.258676
vt 0.795455 0.275556
vt 0.750000 0.275556
vt 0.805201 0.292437
vt 0.740254 0.292437
vt 0.801768 0.252958
vt 0.818182 0.251090
vt 0.818182 0.262434
vt 0.808357 0.268107
vt 0.834596 0.252958
vt 0.828007 0.268107
vt 0.818182 0.281388
vt 0.850655 0.258676
vt 0.840909 0.275556
vt 0.831163 0.292437
vt 0.863637 0.269724
vt 0.873461 0.283005
vt 0.863636 0.288678
vt 0.853812 0.283005
vt 0.880051 0.298154
vt 0.863636 0.300023
vt 0.847223 0.298154
vt 0.876618 0.258676
vt 0.886364 0.275556
vt 0.896070 0.292505
vt 0.045613 0.269451
vt 0.055280 0.283005
vt 0.045455 0.288678
vt 0.035630 0.283005
vt 0.061869 0.298154
vt 0.045455 0.300023
vt 0.028883 0.298428
vt 0.058476 0.258607
vt 0.034091 0.255874
vt 0.068182 0.275556
vt 0.022728 0.275556
vt 0.077928 0.292437
vt 0.011364 0.295239
vt 0.074495 0.252958
vt 0.090910 0.251090
vt 0.090910 0.262434
vt 0.081085 0.268107
vt 0.107324 0.252958
vt 0.100735 0.268107
vt 0.090910 0.281388
vt 0.123383 0.258676
vt 0.113637 0.275556
vt 0.103891 0.292437
vt 0.136364 0.269724
vt 0.146189 0.283005
vt 0.136364 0.288678
vt 0.126540 0.283005
vt 0.152779 0.298154
vt 0.136364 0.300023
vt 0.119950 0.298154
vt 0.149346 0.258676
vt 0.159092 0.275556
vt 0.168838 0.292436
vt 0.227274 0.269724
vt 0.237098 0.283005
vt 0.227274 0.288678
vt 0.217449 0.283005
vt 0.243688 0.298155
vt 0.227274 0.300023
vt 0.210859 0.298154
vt 0.240255 0.258676
vt 0.214292 0.258676
vt 0.250001 0.275556
vt 0.204546 0.275556
vt 0.259747 0.292437
vt 0.194800 0.292437
vt 0.256314 0.252958
vt 0.272728 0.251090
vt 0.272728 0.262434
vt 0.262903 0.268107
vt 0.289142 0.252958
vt 0.282553 0.268107
vt 0.272728 0.281388
vt 0.305201 0.258676
vt 0.295455 0.275556
vt 0.285709 0.292437
vt 0.318183 0.269724
vt 0.328007 0.283005
vt 0.318183 0.288678
vt 0.308358 0.283005
vt 0.334597 0.298154
vt 0.318182 0.300023
vt 0.301768 0.298154
vt 0.331164 0.258676
vt 0.340910 0.275556
vt 0.350656 0.292436
vt 0.529041 0.252958
vt 0.545455 0.251090
vt 0.545455 0.262434
vt 0.535630 0.268107
vt 0.561869 0.252958
vt 0.555280 0.268107
vt 0.545455 0.281388
vt 0.525963 0.236191
vt 0.545455 0.236191
vt 0.564947 0.236191
vt 0.529041 0.219424
vt 0.535630 0.204275
vt 0.545455 0.209948
vt 0.545455 0.221292
vt 0.545455 0.190994
vt 0.555280 0.204275
vt 0.561869 0.219424
vt 0.558436 0.179946
vt 0.568182 0.196826
vt 0.577928 0.213706
vt 0.574495 0.174228
vt 0.590909 0.172360
vt 0.590909 0.183704
vt 0.581085 0.189377
vt 0.607324 0.174228
vt 0.600734 0.189377
vt 0.590910 0.202658
vt 0.571418 0.157461
vt 0.590910 0.157461
vt 0.610441 0.157529
vt 0.710859 0.252958
vt 0.727273 0.251090
vt 0.727273 0.262434
vt 0.717448 0.268107
vt 0.743687 0.252958
vt 0.737098 0.268107
vt 0.727273 0.281388
vt 0.707781 0.236191
vt 0.727273 0.236191
vt 0.746765 0.236191
vt 0.710859 0.219424
vt 0.717448 0.204275
vt 0.727273 0.209948
vt 0.727273 0.221292
vt 0.727273 0.190994
vt 0.737098 0.204275
vt 0.743687 0.219424
vt 0.740254 0.179946
vt 0.750000 0.196826
vt 0.759746 0.213706
vt 0.756314 0.174228
vt 0.772728 0.172360
vt 0.772727 0.183704
vt 0.762903 0.189377
vt 0.789142 0.174228
vt 0.782552 0.189377
vt 0.772728 0.202658
vt 0.753236 0.157461
vt 0.772728 0.157461
vt 0.792259 0.157529
vt 0.892677 0.252958
vt 0.909091 0.251090
vt 0.909091 0.262434
vt 0.899266 0.268107
vt 0.925663 0.252684
vt 0.918916 0.268107
vt 0.908933 0.281661
vt 0.889599 0.236191
vt 0.909091 0.236191
vt 0.954545 0.236191
vt 0.943182 0.255874
vt 0.928622 0.236123
vt 0.931818 0.275556
vt 0.920455 0.295239
vt 0.892677 0.219424
vt 0.899266 0.204275
vt 0.909091 0.209948
vt 0.909091 0.221292
vt 0.909091 0.190994
vt 0.918916 0.204275
vt 0.925505 0.219424
vt 0.922072 0.179946
vt 0.931818 0.196826
vt 0.941525 0.213775
vt 0.938131 0.174228
vt 0.954546 0.172360
vt 0.954545 0.183704
vt 0.944721 0.189377
vt 0.971118 0.173954
vt 0.964370 0.189377
vt 0.954388 0.202931
vt 0.935054 0.157461
vt 0.954546 0.157461
vt 1.000000 0.157461
vt 0.988636 0.177144
vt 0.974116 0.157461
vt 0.977273 0.196826
vt 0.965909 0.216509
vt 0.165405 0.252958
vt 0.181819 0.251090
vt 0.181819 0.262434
vt 0.171994 0.268107
vt 0.198233 0.252958
vt 0.191644 0.268107
vt 0.181819 0.281388
vt 0.162327 0.236191
vt 0.181819 0.236191
vt 0.201311 0.236191
vt 0.165405 0.219424
vt 0.171994 0.204275
vt 0.181819 0.209948
vt 0.181819 0.221292
vt 0.181819 0.190994
vt 0.191644 0.204275
vt 0.198233 0.219424
vt 0.194800 0.179946
vt 0.204546 0.196826
vt 0.214292 0.213706
vt 0.210859 0.174228
vt 0.227274 0.172360
vt 0.227274 0.183704
vt 0.217449 0.189377
vt 0.243688 0.174228
vt 0.237098 0.189377
vt 0.227274 0.202658
vt 0.207782 0.157461
vt 0.227274 0.157461
vt 0.246805 0.157529
vt 0.347223 0.252958
vt 0.363637 0.251090
vt 0.363637 0.262434
vt 0.353812 0.268107
vt 0.380051 0.252958
vt 0.373462 0.268107
vt 0.363637 0.281388
vt 0.344145 0.236191
vt 0.363637 0.236191
vt 0.383129 0.236191
vt 0.347223 0.219424
vt 0.353812 0.204275
vt 0.363637 0.209948
vt 0.363637 0.221292
vt 0.363637 0.190994
vt 0.373462 0.204275
vt 0.380051 0.219424
vt 0.376618 0.179946
vt 0.386364 0.196826
vt 0.396110 0.213706
vt 0.392677 0.174228
vt 0.409092 0.172360
vt 0.409092 0.183704
vt 0.399267 0.189377
vt 0.425506 0.174228
vt 0.418916 0.189377
vt 0.409092 0.202658
vt 0.389600 0.157461
vt 0.409092 0.157461
vt 0.428623 0.157529
vt 0.500158 0.111991
vt 0.509825 0.125545
vt 0.500001 0.131218
vt 0.490176 0.125545
vt 0.516415 0.140694
vt 0.500001 0.142562
vt 0.483429 0.140968
vt 0.513021 0.101147
vt 0.488637 0.098413
vt 0.522728 0.118096
vt 0.477273 0.118096
vt 0.532474 0.134976
vt 0.465910 0.137778
vt 0.529041 0.095497
vt 0.545455 0.093629
vt 0.545455 0.104974
vt 0.535630 0.110646
vt 0.561869 0.095497
vt 0.555280 0.110646
vt 0.545455 0.123928
vt 0.577889 0.101147
vt 0.568182 0.118096
vt 0.558436 0.134976
vt 0.590752 0.111991
vt 0.600734 0.125545
vt 0.590910 0.131218
vt 0.581085 0.125545
vt 0.607481 0.140968
vt 0.590909 0.142562
vt 0.574495 0.140694
vt 0.602273 0.098413
vt 0.613637 0.118096
vt 0.625000 0.137778
vt 0.681976 0.111991
vt 0.691643 0.125545
vt 0.681819 0.131218
vt 0.671994 0.125545
vt 0.698233 0.140694
vt 0.681819 0.142562
vt 0.665247 0.140968
vt 0.694839 0.101147
vt 0.670455 0.098413
vt 0.704546 0.118096
vt 0.659091 0.118096
vt 0.714292 0.134976
vt 0.647728 0.137778
vt 0.710859 0.095497
vt 0.727273 0.093629
vt 0.727273 0.104974
vt 0.717448 0.110646
vt 0.743687 0.095497
vt 0.737098 0.110646
vt 0.727273 0.123928
vt 0.759707 0.101147
vt 0.750000 0.118096
vt 0.740254 0.134976
vt 0.772570 0.111991
vt 0.782552 0.125545
vt 0.772727 0.131218
vt 0.762903 0.125545
vt 0.789300 0.140968
vt 0.772728 0.142562
vt 0.756314 0.140694
vt 0.784091 0.098413
vt 0.795455 0.118096
vt 0.806818 0.137778
vt 0.863794 0.111991
vt 0.873461 0.125545
vt 0.863636 0.131218
vt 0.853812 0.125545
vt 0.880051 0.140694
vt 0.863637 0.142562
vt 0.847065 0.140968
vt 0.876657 0.101147
vt 0.852273 0.098413
vt 0.886364 0.118096
vt 0.840909 0.118096
vt 0.896110 0.134976
vt 0.829546 0.137778
vt 0.892677 0.095497
vt 0.909091 0.093629
vt 0.909091 0.104974
vt 0.899266 0.110646
vt 0.925505 0.095497
vt 0.918916 0.110646
vt 0.909091 0.123928
vt 0.941525 0.101147
vt 0.931818 0.118096
vt 0.922073 0.134976
vt 0.954388 0.111991
vt 0.964370 0.125545
vt 0.954546 0.131218
vt 0.944721 0.125545
vt 0.971118 0.140968
vt 0.954546 0.142562
vt 0.938131 0.140694
vt 0.965909 0.098413
vt 0.977273 0.118096
vt 0.988636 0.137778
vt 0.392677 0.140694
vt 0.399267 0.125545
vt 0.409092 0.131218
vt 0.409092 0.142562
vt 0.408934 0.111991
vt 0.418916 0.125545
vt 0.425664 0.140968
vt 0.376618 0.134976
vt 0.386364 0.118096
vt 0.409092 0.078731
vt 0.420455 0.098413
vt 0.396071 0.101147
vt 0.431819 0.118096
vt 0.443182 0.137778
vt 0.363637 0.123928
vt 0.353812 0.110646
vt 0.363637 0.104974
vt 0.373462 0.110646
vt 0.347223 0.095497
vt 0.363637 0.093629
vt 0.380051 0.095497
vt 0.344106 0.078799
vt 0.363637 0.078731
vt 0.383168 0.078799
vt 0.347065 0.062237
vt 0.353812 0.046815
vt 0.363637 0.052487
vt 0.363637 0.063832
vt 0.363637 0.032987
vt 0.373462 0.046815
vt 0.380209 0.062237
vt 0.329546 0.059048
vt 0.340910 0.039365
vt 0.363637 0.000000
vt 0.375001 0.019683
vt 0.352273 0.019683
vt 0.386364 0.039365
vt 0.397728 0.059048
vt 0.136522 0.111991
vt 0.146189 0.125545
vt 0.136365 0.131218
vt 0.126540 0.125545
vt 0.152779 0.140694
vt 0.136365 0.142562
vt 0.119793 0.140968
vt 0.149385 0.101147
vt 0.125001 0.098413
vt 0.159092 0.118096
vt 0.113637 0.118096
vt 0.168838 0.134976
vt 0.102274 0.137778
vt 0.165405 0.095497
vt 0.181819 0.093629
vt 0.181819 0.104974
vt 0.171994 0.110646
vt 0.198233 0.095497
vt 0.191644 0.110646
vt 0.181819 0.123928
vt 0.214253 0.101147
vt 0.204546 0.118096
vt 0.194800 0.134976
vt 0.227116 0.111991
vt 0.237098 0.125545
vt 0.227274 0.131218
vt 0.217449 0.125545
vt 0.243845 0.140968
vt 0.227274 0.142562
vt 0.210859 0.140694
vt 0.238637 0.098413
vt 0.250001 0.118096
vt 0.261364 0.137778
s 1
f 755/1/755 756/2/756 759/3/759 758/4/758
f 756/2/756 757/5/757 760/6/760 759/3/759
f 758/4/758 759/3/759 762/7/762 761/8/761
f 759/3/759 760/6/760 763/9/763 762/7/762
f 1/10/1 113/11/113 755/1/755 107/12/107
f 113/11/113 114/13/114 756/2/756 755/1/755
f 114/13/114 115/14/115 757/5/757 756/2/756
f 115/14/115 2/15/2 112/16/112 757/5/757
f 757/5/757 112/16/112 111/17/111 760/6/760
f 760/6/760 111/17/111 110/18/110 763/9/763
f 763/9/763 110/18/110 4/19/4 116/20/116
f 762/7/762 763/9/763 116/20/116 117/21/117
f 761/8/761 762/7/762 117/21/117 118/22/118
f 109/23/109 761/8/761 118/22/118 3/24/3
f 108/25/108 758/4/758 761/8/761 109/23/109
f 107/12/107 755/1/755 758/4/758 108/25/108
f 764/26/764 765/27/765 768/28/768 767/29/767
f 765/27/765 766/30/766 769/31/769 768/28/768
f 767/29/767 768/28/768 771/32/771 770/33/770
f 768/28/768 769/31/769 772/34/772 771/32/771
f 3/24/3 118/22/118 764/26/764 119/35/119
f 118/22/118 117/21/117 765/27/765 764/26/764
f 117/21/117 116/20/116 766/30/766 765/27/765
f 116/20/116 4/19/4 124/36/124 766/30/766
f 766/30/766 124/36/124 123/37/123 769/31/769
f 769/31/769 123/37/123 122/38/122 772/34/772
f 772/34/772 122/38/122 6/39/6 125/40/125
f 771/32/771 772/34/772 125/40/125 126/41/126
f 770/33/770 771/32/771 126/41/126 127/42/127
f 121/43/121 770/33/770 127/42/127 5/44/5
f 120/45/120 767/29/767 770/33/770 121/43/121
f 119/35/119 764/26/764 767/29/767 120/45/120
f 773/46/773 774/47/774 777/48/777 776/49/776
f 774/47/774 775/50/775 778/51/778 777/48/777
f 776/49/776 777/48/777 780/52/780 779/53/779
f 777/48/777 778/51/778 781/54/781 780/52/780
f 5/44/5 127/42/127 773/46/773 128/55/128
f 127/42/127 126/41/126 774/47/774 773/46/773
f 126/41/126 125/40/125 775/50/775 774/47/774
f 125/40/125 6/39/6 133/56/133 775/50/775
f 775/50/775 133/56/133 132/57/132 778/51/778
f 778/51/778 132/57/132 131/58/131 781/54/781
f 781/54/781 131/58/131 8/59/8 134/60/134
f 780/52/780 781/54/781 134/60/134 135/61/135
f 779/53/779 780/52/780 135/61/135 136/62/136
f 130/63/130 779/53/779 136/62/136 7/64/7
f 129/65/129 776/49/776 779/53/779 130/63/130
f 128/55/128 773/46/773 776/49/776 129/65/129
f 782/66/782 783/67/783 786/68/786 785/69/785
f 783/67/783 784/70/784 787/71/787 786/68/786
f 785/69/785 786/68/786 789/72/789 788/73/788
f 786/68/786 787/71/787 790/74/790 789/72/789
f 7/64/7 136/62/136 782/66/782 137/75/137
f 136/62/136 135/61/135 783/67/783 782/66/782
f 135/61/135 134/60/134 784/70/784 783/67/783
f 134/60/134 8/59/8 142/76/142 784/70/784
f 784/70/784 142/76/142 141/77/141 787/71/787
f 787/71/787 141/77/141 140/78/140 790/74/790
f 790/74/790 140/78/140 10/79/10 143/80/143
f 789/72/789 790/74/790 143/80/143 144/81/144
f 788/73/788 789/72/789 144/81/144 145/82/145
f 139/83/139 788/73/788 145/82/145 9/84/9
f 138/85/138 785/69/785 788/73/788 139/83/139
f 137/75/137 782/66/782 785/69/785 138/85/138
f 791/86/791 792/87/792 795/88/795 794/89/794
f 792/87/792 793/90/793 796/91/796 795/88/795
f 794/89/794 795/88/795 798/92/798 797/93/797
f 795/88/795 796/91/796 799/94/799 798/92/798
f 9/84/9 145/82/145 791/86/791 146/95/146
f 145/82/145 144/81/144 792/87/792 791/86/791
f 144/81/144 143/80/143 793/90/793 792/87/792
f 143/80/143 10/79/10 151/96/151 793/90/793
f 793/90/793 151/96/151 150/97/150 796/91/796
f 796/91/796 150/97/150 149/98/149 799/94/799
f 799/94/799 149/98/149 12/99/12 152/100/152
f 798/92/798 799/94/799 152/100/152 153/101/153
f 797/93/797 798/92/798 153/101/153 154/102/154
f 148/103/148 797/93/797 154/102/154 11/104/11
f 147/105/147 794/89/794 797/93/797 148/103/148
f 146/95/146 791/86/791 794/89/794 147/105/147
f 800/106/800 801/107/801 804/108/804 803/109/803
f 801/107/801 802/110/802 805/111/805 804/108/804
f 803/109/803 804/108/804 807/112/807 806/113/806
f 804/108/804 805/111/805 808/114/808 807/112/807
f 11/104/11 154/102/154 800/106/800 155/115/155
f 154/102/154 153/101/153 801/107/801 800/106/800
f 153/101/153 152/100/152 802/110/802 801/107/801
f 152/100/152 12/99/12 160/116/160 802/110/802
f 802/110/802 160/116/160 159/117/159 805/111/805
f 805/111/805 159/117/159 158/118/158 808/114/808
f 808/114/808 158/118/158 14/119/14 161/120/161
f 807/112/807 808/114/808 161/120/161 162/121/162
f 806/113/806 807/112/807 162/121/162 163/122/163
f 157/123/157 806/113/806 163/122/163 13/124/13
f 156/125/156 803/109/803 806/113/806 157/123/157
f 155/115/155 800/106/800 803/109/803 156/125/156
f 810/126/810 811/127/811 809/128/809 825/129/825
f 812/130/812 813/131/813 809/128/809 811/127/811
f 814/132/814 815/133/815 809/128/809 813/131/813
f 816/134/816 817/135/817 809/128/809 815/133/815
f 818/136/818 819/137/819 809/128/809 817/135/817
f 820/138/820 821/139/821 809/128/809 819/137/819
f 822/140/822 823/141/823 809/128/809 821/139/821
f 824/142/824 825/129/825 809/128/809 823/141/823
f 4/143/4 110/144/110 810/126/810 124/145/124
f 110/144/110 111/146/111 811/127/811 810/126/810
f 124/145/124 810/126/810 825/129/825 123/147/123
f 2/148/2 176/149/176 812/130/812 112/150/112
f 176/149/176 177/151/177 813/131/813 812/130/812
f 112/150/112 812/130/812 811/127/811 111/146/111
f 16/152/16 167/153/167 814/132/814 178/154/178
f 167/153/167 168/155/168 815/133/815 814/132/814
f 178/154/178 814/132/814 813/131/813 177/151/177
f 14/156/14 158/157/158 816/134/816 169/158/169
f 158/157/158 159/159/159 817/135/817 816/134/816
f 169/158/169 816/134/816 815/133/815 168/155/168
f 12/160/12 149/161/149 818/136/818 160/162/160
f 149/161/149 150/163/150 819/137/819 818/136/818
f 160/162/160 818/136/818 817/135/817 159/159/159
f 10/164/10 140/165/140 820/138/820 151/166/151
f 140/165/140 141/167/141 821/139/821 820/138/820
f 151/166/151 820/138/820 819/137/819 150/163/150
f 8/168/8 131/169/131 822/140/822 142/170/142
f 131/169/131 132/171/132 823/141/823 822/140/822
f 142/170/142 822/140/822 821/139/821 141/167/141
f 6/172/6 122/173/122 824/142/824 133/174/133
f 122/173/122 123/147/123 825/129/825 824/142/824
f 133/174/133 824/142/824 823/141/823 132/171/132
f 826/175/826 827/176/827 830/177/830 829/178/829
f 827/176/827 828/179/828 831/180/831 830/177/830
f 829/178/829 830/177/830 833/181/833 832/182/832
f 830/177/830 831/180/831 834/183/834 833/181/833
f 13/124/13 163/122/163 826/175/826 164/184/164
f 163/122/163 162/121/162 827/176/827 826/175/826
f 162/121/162 161/120/161 828/179/828 827/176/827
f 161/120/161 14/119/14 169/185/169 828/179/828
f 828/179/828 169/185/169 168/186/168 831/180/831
f 831/180/831 168/186/168 167/187/167 834/183/834
f 834/183/834 167/187/167 16/188/16 170/189/170
f 833/181/833 834/183/834 170/189/170 171/190/171
f 832/182/832 833/181/833 171/190/171 172/191/172
f 166/192/166 832/182/832 172/191/172 15/193/15
f 165/194/165 829/178/829 832/182/832 166/192/166
f 164/184/164 826/175/826 829/178/829 165/194/165
f 835/195/835 836/196/836 839/197/839 838/198/838
f 836/196/836 837/199/837 840/200/840 839/197/839
f 838/198/838 839/197/839 842/201/842 841/202/841
f 839/197/839 840/200/840 843/203/843 842/201/842
f 15/193/15 172/191/172 835/195/835 173/204/173
f 172/191/172 171/190/171 836/196/836 835/195/835
f 171/190/171 170/189/170 837/199/837 836/196/836
f 170/189/170 16/188/16 178/205/178 837/199/837
f 837/199/837 178/205/178 177/206/177 840/200/840
f 840/200/840 177/206/177 176/207/176 843/203/843
f 843/203/843 176/207/176 2/208/2 115/209/115
f 842/201/842 843/203/843 115/209/115 114/210/114
f 841/202/841 842/201/842 114/210/114 113/211/113
f 175/212/175 841/202/841 113/211/113 1/213/1
f 174/214/174 838/198/838 841/202/841 175/212/175
f 173/204/173 835/195/835 838/198/838 174/214/174
f 845/215/845 846/216/846 844/217/844 860/218/860
f 847/219/847 848/220/848 844/217/844 846/216/846
f 849/221/849 850/222/850 844/217/844 848/220/848
f 851/223/851 852/224/852 844/217/844 850/222/850
f 853/225/853 854/226/854 844/217/844 852/224/852
f 855/227/855 856/228/856 844/217/844 854/226/854
f 857/229/857 858/230/858 844/217/844 856/228/856
f 859/231/859 860/218/860 844/217/844 858/230/858
f 1/232/1 107/233/107 845/215/845 175/234/175
f 107/233/107 108/235/108 846/216/846 845/215/845
f 175/234/175 845/215/845 860/218/860 174/236/174
f 3/237/3 119/238/119 847/219/847 109/239/109
f 119/238/119 120/240/120 848/220/848 847/219/847
f 109/239/109 847/219/847 846/216/846 108/235/108
f 5/241/5 128/242/128 849/221/849 121/243/121
f 128/242/128 129/244/129 850/222/850 849/221/849
f 121/243/121 849/221/849 848/220/848 120/240/120
f 7/245/7 137/246/137 851/223/851 130/247/130
f 137/246/137 138/248/138 852/224/852 851/223/851
f 130/247/130 851/223/851 850/222/850 129/244/129
f 9/249/9 146/250/146 853/225/853 139/251/139
f 146/250/146 147/252/147 854/226/854 853/225/853
f 139/251/139 853/225/853 852/224/852 138/248/138
f 11/253/11 155/254/155 855/227/855 148/255/148
f 155/254/155 156/256/156 856/228/856 855/227/855
f 148/255/148 855/227/855 854/226/854 147/252/147
f 13/257/13 164/258/164 857/229/857 157/259/157
f 164/258/164 165/260/165 858/230/858 857/229/857
f 157/259/157 857/229/857 856/228/856 156/256/156
f 15/261/15 173/262/173 859/231/859 166/263/166
f 173/262/173 174/236/174 860/218/860 859/231/859
f 166/263/166 859/231/859 858/230/858 165/260/165
f 862/264/862 863/265/863 861/266/861 867/267/867
f 864/268/864 865/269/865 861/266/861 863/265/863
f 866/270/866 867/267/867 861/266/861 865/269/865
f 17/271/17 272/272/272 862/264/862 181/273/181
f 272/272/272 273/274/273 863/265/863 862/264/862
f 181/273/181 862/264/862 867/267/867 180/275/180
f 30/276/30 535/277/535 864/268/864 274/278/274
f 535/277/535 534/279/534 865/269/865 864/268/864
f 274/278/274 864/268/864 863/265/863 273/274/273
f 29/280/29 179/281/179 866/270/866 533/282/533
f 179/281/179 180/275/180 867/267/867 866/270/866
f 533/282/533 866/270/866 865/269/865 534/279/534
f 869/283/869 870/284/870 868/285/868 874/286/874
f 871/287/871 872/288/872 868/285/868 870/284/870
f 873/289/873 874/286/874 868/285/868 872/288/872
f 18/290/18 184/291/184 869/283/869 190/292/190
f 184/291/184 183/293/183 870/284/870 869/283/869
f 190/292/190 869/283/869 874/286/874 189/294/189
f 30/295/30 526/296/526 871/287/871 182/297/182
f 526/296/526 525/298/525 872/288/872 871/287/871
f 182/297/182 871/287/871 870/284/870 183/293/183
f 32/299/32 188/300/188 873/289/873 524/301/524
f 188/300/188 189/294/189 874/286/874 873/289/873
f 524/301/524 873/289/873 872/288/872 525/298/525
f 876/302/876 877/303/877 875/304/875 881/305/881
f 878/306/878 879/307/879 875/304/875 877/303/877
f 880/308/880 881/305/881 875/304/875 879/307/879
f 17/309/17 181/310/181 876/302/876 196/311/196
f 181/310/181 180/312/180 877/303/877 876/302/876
f 196/311/196 876/302/876 881/305/881 195/313/195
f 29/314/29 517/315/517 878/306/878 179/316/179
f 517/315/517 516/317/516 879/307/879 878/306/878
f 179/316/179 878/306/878 877/303/877 180/312/180
f 34/318/34 194/319/194 880/308/880 515/320/515
f 194/319/194 195/313/195 881/305/881 880/308/880
f 515/320/515 880/308/880 879/307/879 516/317/516
f 883/321/883 884/322/884 882/323/882 888/324/888
f 885/325/885 886/326/886 882/323/882 884/322/884
f 887/327/887 888/324/888 882/323/882 886/326/886
f 17/328/17 196/329/196 883/321/883 202/330/202
f 196/329/196 195/331/195 884/322/884 883/321/883
f 202/330/202 883/321/883 888/324/888 201/332/201
f 34/333/34 508/334/508 885/325/885 194/335/194
f 508/334/508 507/336/507 886/326/886 885/325/885
f 194/335/194 885/325/885 884/322/884 195/331/195
f 36/337/36 200/338/200 887/327/887 506/339/506
f 200/338/200 201/332/201 888/324/888 887/327/887
f 506/339/506 887/327/887 886/326/886 507/336/507
f 890/340/890 891/341/891 889/342/889 895/343/895
f 892/344/892 893/345/893 889/342/889 891/341/891
f 894/346/894 895/343/895 889/342/889 893/345/893
f 17/347/17 202/348/202 890/340/890 281/349/281
f 202/348/202 201/350/201 891/341/891 890/340/890
f 281/349/281 890/340/890 895/343/895 282/351/282
f 36/352/36 499/353/499 892/344/892 200/354/200
f 499/353/499 498/355/498 893/345/893 892/344/892
f 200/354/200 892/344/892 891/341/891 201/350/201
f 33/356/33 283/357/283 894/346/894 497/358/497
f 283/357/283 282/351/282 895/343/895 894/346/894
f 497/358/497 894/346/894 893/345/893 498/355/498
f 897/359/897 898/360/898 896/361/896 902/362/902
f 899/363/899 900/364/900 896/361/896 898/360/898
f 901/365/901 902/362/902 896/361/896 900/364/900
f 18/290/18 190/292/190 897/359/897 211/366/211
f 190/292/190 189/294/189 898/360/898 897/359/897
f 211/366/211 897/359/897 902/362/902 210/367/210
f 32/299/32 490/368/490 899/363/899 188/300/188
f 490/368/490 489/369/489 900/364/900 899/363/899
f 188/300/188 899/363/899 898/360/898 189/294/189
f 39/370/39 209/371/209 901/365/901 488/372/488
f 209/371/209 210/367/210 902/362/902 901/365/901
f 488/372/488 901/365/901 900/364/900 489/369/489
f 904/373/904 905/374/905 903/375/903 909/376/909
f 906/377/906 907/378/907 903/375/903 905/374/905
f 908/379/908 909/376/909 903/375/903 907/378/907
f 19/380/19 187/381/187 904/373/904 217/382/217
f 187/381/187 186/383/186 905/374/905 904/373/904
f 217/382/217 904/373/904 909/376/909 216/384/216
f 31/385/31 481/386/481 906/377/906 185/387/185
f 481/386/481 480/388/480 907/378/907 906/377/906
f 185/387/185 906/377/906 905/374/905 186/383/186
f 41/389/41 215/390/215 908/379/908 479/391/479
f 215/390/215 216/384/216 909/376/909 908/379/908
f 479/391/479 908/379/908 907/378/907 480/388/480
f 911/392/911 912/393/912 910/394/910 916/395/916
f 913/396/913 914/397/914 910/394/910 912/393/912
f 915/398/915 916/395/916 910/394/910 914/397/914
f 20/399/20 199/400/199 911/392/911 223/401/223
f 199/400/199 198/402/198 912/393/912 911/392/911
f 223/401/223 911/392/911 916/395/916 222/403/222
f 35/404/35 472/405/472 913/396/913 197/406/197
f 472/405/472 471/407/471 914/397/914 913/396/913
f 197/406/197 913/396/913 912/393/912 198/402/198
f 43/408/43 221/409/221 915/398/915 470/410/470
f 221/409/221 222/403/222 916/395/916 915/398/915
f 470/410/470 915/398/915 914/397/914 471/407/471
f 918/411/918 919/412/919 917/413/917 923/414/923
f 920/415/920 921/416/921 917/413/917 919/412/919
f 922/417/922 923/414/923 917/413/917 921/416/921
f 21/418/21 205/419/205 918/411/918 229/420/229
f 205/419/205 204/421/204 919/412/919 918/411/918
f 229/420/229 918/411/918 923/414/923 228/422/228
f 37/423/37 463/424/463 920/415/920 203/425/203
f 463/424/463 462/426/462 921/416/921 920/415/920
f 203/425/203 920/415/920 919/412/919 204/421/204
f 45/427/45 227/428/227 922/417/922 461/429/461
f 227/428/227 228/422/228 923/414/923 922/417/922
f 461/429/461 922/417/922 921/416/921 462/426/462
f 925/430/925 926/431/926 924/432/924 930/433/930
f 927/434/927 928/435/928 924/432/924 926/431/926
f 929/436/929 930/433/930 924/432/924 928/435/928
f 22/437/22 208/438/208 925/430/925 235/439/235
f 208/438/208 207/440/207 926/431/926 925/430/925
f 235/439/235 925/430/925 930/433/930 234/441/234
f 38/442/38 454/443/454 927/434/927 206/444/206
f 454/443/454 453/445/453 928/435/928 927/434/927
f 206/444/206 927/434/927 926/431/926 207/440/207
f 47/446/47 233/447/233 929/436/929 452/448/452
f 233/447/233 234/441/234 930/433/930 929/436/929
f 452/448/452 929/436/929 928/435/928 453/445/453
f 932/449/932 933/450/933 931/451/931 937/452/937
f 934/453/934 935/454/935 931/451/931 933/450/933
f 936/455/936 937/452/937 931/451/931 935/454/935
f 18/290/18 211/366/211 932/449/932 308/456/308
f 211/366/211 210/367/210 933/450/933 932/449/932
f 308/456/308 932/449/932 937/452/937 309/457/309
f 39/370/39 445/458/445 934/453/934 209/371/209
f 445/458/445 444/459/444 935/454/935 934/453/934
f 209/371/209 934/453/934 933/450/933 210/367/210
f 42/460/42 310/461/310 936/455/936 443/462/443
f 310/461/310 309/457/309 937/452/937 936/455/936
f 443/462/443 936/455/936 935/454/935 444/459/444
f 939/463/939 940/464/940 938/465/938 944/466/944
f 941/467/941 942/468/942 938/465/938 940/464/940
f 943/469/943 944/466/944 938/465/938 942/468/942
f 19/380/19 217/382/217 939/463/939 314/470/314
f 217/382/217 216/384/216 940/464/940 939/463/939
f 314/470/314 939/463/939 944/466/944 315/471/315
f 41/389/41 436/472/436 941/467/941 215/390/215
f 436/472/436 435/473/435 942/468/942 941/467/941
f 215/390/215 941/467/941 940/464/940 216/384/216
f 44/474/44 316/475/316 943/469/943 434/476/434
f 316/475/316 315/471/315 944/466/944 943/469/943
f 434/476/434 943/469/943 942/468/942 435/473/435
f 946/477/946 947/478/947 945/479/945 951/480/951
f 948/481/948 949/482/949 945/479/945 947/478/947
f 950/483/950 951/480/951 945/479/945 949/482/949
f 20/399/20 223/401/223 946/477/946 320/484/320
f 223/401/223 222/403/222 947/478/947 946/477/946
f 320/484/320 946/477/946 951/480/951 321/485/321
f 43/408/43 427/486/427 948/481/948 221/409/221
f 427/486/427 426/487/426 949/482/949 948/481/948
f 221/409/221 948/481/948 947/478/947 222/403/222
f 46/488/46 322/489/322 950/483/950 425/490/425
f 322/489/322 321/485/321 951/480/951 950/483/950
f 425/490/425 950/483/950 949/482/949 426/487/426
f 953/491/953 954/492/954 952/493/952 958/494/958
f 955/495/955 956/496/956 952/493/952 954/492/954
f 957/497/957 958/494/958 952/493/952 956/496/956
f 21/418/21 229/420/229 953/491/953 326/498/326
f 229/420/229 228/422/228 954/492/954 953/491/953
f 326/498/326 953/491/953 958/494/958 327/499/327
f 45/427/45 418/500/418 955/495/955 227/428/227
f 418/500/418 417/501/417 956/496/956 955/495/955
f 227/428/227 955/495/955 954/492/954 228/422/228
f 48/502/48 328/503/328 957/497/957 416/504/416
f 328/503/328 327/499/327 958/494/958 957/497/957
f 416/504/416 957/497/957 956/496/956 417/501/417
f 960/505/960 961/506/961 959/507/959 965/508/965
f 962/509/962 963/510/963 959/507/959 961/506/961
f 964/511/964 965/508/965 959/507/959 963/510/963
f 22/437/22 235/439/235 960/505/960 302/512/302
f 235/439/235 234/441/234 961/506/961 960/505/960
f 302/512/302 960/505/960 965/508/965 303/513/303
f 47/446/47 409/514/409 962/509/962 233/447/233
f 409/514/409 408/515/408 963/510/963 962/509/962
f 233/447/233 962/509/962 961/506/961 234/441/234
f 40/516/40 304/517/304 964/511/964 407/518/407
f 304/517/304 303/513/303 965/508/965 964/511/964
f 407/518/407 964/511/964 963/510/963 408/515/408
f 967/519/967 968/520/968 966/521/966 972/522/972
f 969/523/969 970/524/970 966/521/966 968/520/968
f 971/525/971 972/522/972 966/521/966 970/524/970
f 23/526/23 241/527/241 967/519/967 256/528/256
f 241/527/241 240/529/240 968/520/968 967/519/967
f 256/528/256 967/519/967 972/522/972 255/530/255
f 49/531/49 400/532/400 969/523/969 239/533/239
f 400/532/400 399/534/399 970/524/970 969/523/969
f 239/533/239 969/523/969 968/520/968 240/529/240
f 54/535/54 254/536/254 971/525/971 398/537/398
f 254/536/254 255/530/255 972/522/972 971/525/971
f 398/537/398 971/525/971 970/524/970 399/534/399
f 974/538/974 975/539/975 973/540/973 979/541/979
f 976/542/976 977/543/977 973/540/973 975/539/975
f 978/544/978 979/541/979 973/540/973 977/543/977
f 24/545/24 244/546/244 974/538/974 262/547/262
f 244/546/244 243/548/243 975/539/975 974/538/974
f 262/547/262 974/538/974 979/541/979 261/549/261
f 50/550/50 391/551/391 976/542/976 242/552/242
f 391/551/391 390/553/390 977/543/977 976/542/976
f 242/552/242 976/542/976 975/539/975 243/548/243
f 56/554/56 260/555/260 978/544/978 389/556/389
f 260/555/260 261/549/261 979/541/979 978/544/978
f 389/556/389 978/544/978 977/543/977 390/553/390
f 981/557/981 982/558/982 980/559/980 986/560/986
f 983/561/983 984/562/984 980/559/980 982/558/982
f 985/563/985 986/560/986 980/559/980 984/562/984
f 25/564/25 247/565/247 981/557/981 265/566/265
f 247/565/247 246/567/246 982/558/982 981/557/981
f 265/566/265 981/557/981 986/560/986 264/568/264
f 51/569/51 382/570/382 983/561/983 245/571/245
f 382/570/382 381/572/381 984/562/984 983/561/983
f 245/571/245 983/561/983 982/558/982 246/567/246
f 57/573/57 263/574/263 985/563/985 380/575/380
f 263/574/263 264/568/264 986/560/986 985/563/985
f 380/575/380 985/563/985 984/562/984 381/572/381
f 988/576/988 989/577/989 987/578/987 993/579/993
f 990/580/990 991/581/991 987/578/987 989/577/989
f 992/582/992 993/579/993 987/578/987 991/581/991
f 26/583/26 250/584/250 988/576/988 268/585/268
f 250/584/250 249/586/249 989/577/989 988/576/988
f 268/585/268 988/576/988 993/579/993 267/587/267
f 52/588/52 373/589/373 990/580/990 248/590/248
f 373/589/373 372/591/372 991/581/991 990/580/990
f 248/590/248 990/580/990 989/577/989 249/586/249
f 58/592/58 266/593/266 992/582/992 371/594/371
f 266/593/266 267/587/267 993/579/993 992/582/992
f 371/594/371 992/582/992 991/581/991 372/591/372
f 995/595/995 996/596/996 994/597/994 1000/598/1000
f 997/599/997 998/600/998 994/597/994 996/596/996
f 999/601/999 1000/598/1000 994/597/994 998/600/998
f 27/602/27 253/603/253 995/595/995 347/604/347
f 253/603/253 252/605/252 996/596/996 995/595/995
f 347/604/347 995/595/995 1000/598/1000 348/606/348
f 53/607/53 364/608/364 997/599/997 251/609/251
f 364/608/364 363/610/363 998/600/998 997/599/997
f 251/609/251 997/599/997 996/596/996 252/605/252
f 55/611/55 349/612/349 999/601/999 362/613/362
f 349/612/349 348/606/348 1000/598/1000 999/601/999
f 362/613/362 999/601/999 998/600/998 363/610/363
f 1002/614/1002 1003/615/1003 1001/616/1001 1007/617/1007
f 1004/618/1004 1005/619/1005 1001/616/1001 1003/615/1003
f 1006/620/1006 1007/617/1007 1001/616/1001 1005/619/1005
f 55/611/55 359/621/359 1002/614/1002 257/622/257
f 359/621/359 360/623/360 1003/615/1003 1002/614/1002
f 257/622/257 1002/614/1002 1007/617/1007 258/624/258
f 58/625/58 358/626/358 1004/618/1004 361/627/361
f 358/626/358 357/628/357 1005/619/1005 1004/618/1004
f 361/627/361 1004/618/1004 1003/615/1003 360/623/360
f 28/629/28 259/630/259 1006/620/1006 356/631/356
f 259/630/259 258/624/258 1007/617/1007 1006/620/1006
f 356/631/356 1006/620/1006 1005/619/1005 357/628/357
f 1009/632/1009 1010/633/1010 1008/634/1008 1014/635/1014
f 1011/636/1011 1012/637/1012 1008/634/1008 1010/633/1010
f 1013/638/1013 1014/635/1014 1008/634/1008 1012/637/1012
f 55/611/55 362/613/362 1009/632/1009 359/621/359
f 362/613/362 363/610/363 1010/633/1010 1009/632/1009
f 359/621/359 1009/632/1009 1014/635/1014 360/623/360
f 53/607/53 367/639/367 1011/636/1011 364/608/364
f 367/639/367 366/640/366 1012/637/1012 1011/636/1011
f 364/608/364 1011/636/1011 1010/633/1010 363/610/363
f 58/625/58 361/627/361 1013/638/1013 365/641/365
f 361/627/361 360/623/360 1014/635/1014 1013/638/1013
f 365/641/365 1013/638/1013 1012/637/1012 366/640/366
f 1016/642/1016 1017/643/1017 1015/644/1015 1021/645/1021
f 1018/646/1018 1019/647/1019 1015/644/1015 1017/643/1017
f 1020/648/1020 1021/645/1021 1015/644/1015 1019/647/1019
f 53/607/53 343/649/343 1016/642/1016 367/639/367
f 343/649/343 342/650/342 1017/643/1017 1016/642/1016
f 367/639/367 1016/642/1016 1021/645/1021 366/640/366
f 26/583/26 268/651/268 1018/646/1018 341/652/341
f 268/651/268 267/653/267 1019/647/1019 1018/646/1018
f 341/652/341 1018/646/1018 1017/643/1017 342/650/342
f 58/625/58 365/641/365 1020/648/1020 266/654/266
f 365/641/365 366/640/366 1021/645/1021 1020/648/1020
f 266/654/266 1020/648/1020 1019/647/1019 267/653/267
f 1023/655/1023 1024/656/1024 1022/657/1022 1028/658/1028
f 1025/659/1025 1026/660/1026 1022/657/1022 1024/656/1024
f 1027/661/1027 1028/658/1028 1022/657/1022 1026/660/1026
f 58/592/58 368/662/368 1023/655/1023 358/663/358
f 368/662/368 369/664/369 1024/656/1024 1023/655/1023
f 358/663/358 1023/655/1023 1028/658/1028 357/665/357
f 57/666/57 355/667/355 1025/659/1025 370/668/370
f 355/667/355 354/669/354 1026/660/1026 1025/659/1025
f 370/668/370 1025/659/1025 1024/656/1024 369/664/369
f 28/670/28 356/671/356 1027/661/1027 353/672/353
f 356/671/356 357/665/357 1028/658/1028 1027/661/1027
f 353/672/353 1027/661/1027 1026/660/1026 354/669/354
f 1030/673/1030 1031/674/1031 1029/675/1029 1035/676/1035
f 1032/677/1032 1033/678/1033 1029/675/1029 1031/674/1031
f 1034/679/1034 1035/676/1035 1029/675/1029 1033/678/1033
f 58/592/58 371/594/371 1030/673/1030 368/662/368
f 371/594/371 372/591/372 1031/674/1031 1030/673/1030
f 368/662/368 1030/673/1030 1035/676/1035 369/664/369
f 52/588/52 376/680/376 1032/677/1032 373/589/373
f 376/680/376 375/681/375 1033/678/1033 1032/677/1032
f 373/589/373 1032/677/1032 1031/674/1031 372/591/372
f 57/666/57 370/668/370 1034/679/1034 374/682/374
f 370/668/370 369/664/369 1035/676/1035 1034/679/1034
f 374/682/374 1034/679/1034 1033/678/1033 375/681/375
f 1037/683/1037 1038/684/1038 1036/685/1036 1042/686/1042
f 1039/687/1039 1040/688/1040 1036/685/1036 1038/684/1038
f 1041/689/1041 1042/686/1042 1036/685/1036 1040/688/1040
f 52/588/52 340/690/340 1037/683/1037 376/680/376
f 340/690/340 339/691/339 1038/684/1038 1037/683/1037
f 376/680/376 1037/683/1037 1042/686/1042 375/681/375
f 25/564/25 265/692/265 1039/687/1039 338/693/338
f 265/692/265 264/694/264 1040/688/1040 1039/687/1039
f 338/693/338 1039/687/1039 1038/684/1038 339/691/339
f 57/666/57 374/682/374 1041/689/1041 263/695/263
f 374/682/374 375/681/375 1042/686/1042 1041/689/1041
f 263/695/263 1041/689/1041 1040/688/1040 264/694/264
f 1044/696/1044 1045/697/1045 1043/698/1043 1049/699/1049
f 1046/700/1046 1047/701/1047 1043/698/1043 1045/697/1045
f 1048/702/1048 1049/699/1049 1043/698/1043 1047/701/1047
f 57/573/57 377/703/377 1044/696/1044 355/704/355
f 377/703/377 378/705/378 1045/697/1045 1044/696/1044
f 355/704/355 1044/696/1044 1049/699/1049 354/706/354
f 56/707/56 352/708/352 1046/700/1046 379/709/379
f 352/708/352 351/710/351 1047/701/1047 1046/700/1046
f 379/709/379 1046/700/1046 1045/697/1045 378/705/378
f 28/711/28 353/712/353 1048/702/1048 350/713/350
f 353/712/353 354/706/354 1049/699/1049 1048/702/1048
f 350/713/350 1048/702/1048 1047/701/1047 351/710/351
f 1051/714/1051 1052/715/1052 1050/716/1050 1056/717/1056
f 1053/718/1053 1054/719/1054 1050/716/1050 1052/715/1052
f 1055/720/1055 1056/717/1056 1050/716/1050 1054/719/1054
f 57/573/57 380/575/380 1051/714/1051 377/703/377
f 380/575/380 381/572/381 1052/715/1052 1051/714/1051
f 377/703/377 1051/714/1051 1056/717/1056 378/705/378
f 51/569/51 385/721/385 1053/718/1053 382/570/382
f 385/721/385 384/722/384 1054/719/1054 1053/718/1053
f 382/570/382 1053/718/1053 1052/715/1052 381/572/381
f 56/707/56 379/709/379 1055/720/1055 383/723/383
f 379/709/379 378/705/378 1056/717/1056 1055/720/1055
f 383/723/383 1055/720/1055 1054/719/1054 384/722/384
f 1058/724/1058 1059/725/1059 1057/726/1057 1063/727/1063
f 1060/728/1060 1061/729/1061 1057/726/1057 1059/725/1059
f 1062/730/1062 1063/727/1063 1057/726/1057 1061/729/1061
f 51/569/51 337/731/337 1058/724/1058 385/721/385
f 337/731/337 336/732/336 1059/725/1059 1058/724/1058
f 385/721/385 1058/724/1058 1063/727/1063 384/722/384
f 24/733/24 262/734/262 1060/728/1060 335/735/335
f 262/734/262 261/736/261 1061/729/1061 1060/728/1060
f 335/735/335 1060/728/1060 1059/725/1059 336/732/336
f 56/707/56 383/723/383 1062/730/1062 260/737/260
f 383/723/383 384/722/384 1063/727/1063 1062/730/1062
f 260/737/260 1062/730/1062 1061/729/1061 261/736/261
f 1065/738/1065 1066/739/1066 1064/740/1064 1070/741/1070
f 1067/742/1067 1068/743/1068 1064/740/1064 1066/739/1066
f 1069/744/1069 1070/741/1070 1064/740/1064 1068/743/1068
f 56/554/56 386/745/386 1065/738/1065 352/746/352
f 386/745/386 387/747/387 1066/739/1066 1065/738/1065
f 352/746/352 1065/738/1065 1070/741/1070 351/748/351
f 54/749/54 346/750/346 1067/742/1067 388/751/388
f 346/750/346 345/752/345 1068/743/1068 1067/742/1067
f 388/751/388 1067/742/1067 1066/739/1066 387/747/387
f 28/753/28 350/754/350 1069/744/1069 344/755/344
f 350/754/350 351/748/351 1070/741/1070 1069/744/1069
f 344/755/344 1069/744/1069 1068/743/1068 345/752/345
f 1072/756/1072 1073/757/1073 1071/758/1071 1077/759/1077
f 1074/760/1074 1075/761/1075 1071/758/1071 1073/757/1073
f 1076/762/1076 1077/759/1077 1071/758/1071 1075/761/1075
f 56/554/56 389/556/389 1072/756/1072 386/745/386
f 389/556/389 390/553/390 1073/757/1073 1072/756/1072
f 386/745/386 1072/756/1072 1077/759/1077 387/747/387
f 50/550/50 394/763/394 1074/760/1074 391/551/391
f 394/763/394 393/764/393 1075/761/1075 1074/760/1074
f 391/551/391 1074/760/1074 1073/757/1073 390/553/390
f 54/749/54 388/751/388 1076/762/1076 392/765/392
f 388/751/388 387/747/387 1077/759/1077 1076/762/1076
f 392/765/392 1076/762/1076 1075/761/1075 393/764/393
f 1079/766/1079 1080/767/1080 1078/768/1078 1084/769/1084
f 1081/770/1081 1082/771/1082 1078/768/1078 1080/767/1080
f 1083/772/1083 1084/769/1084 1078/768/1078 1082/771/1082
f 50/550/50 334/773/334 1079/766/1079 394/763/394
f 334/773/334 333/774/333 1080/767/1080 1079/766/1079
f 394/763/394 1079/766/1079 1084/769/1084 393/764/393
f 23/526/23 256/775/256 1081/770/1081 332/776/332
f 256/775/256 255/777/255 1082/771/1082 1081/770/1081
f 332/776/332 1081/770/1081 1080/767/1080 333/774/333
f 54/749/54 392/765/392 1083/772/1083 254/778/254
f 392/765/392 393/764/393 1084/769/1084 1083/772/1083
f 254/778/254 1083/772/1083 1082/771/1082 255/777/255
f 1086/779/1086 1087/780/1087 1085/781/1085 1091/782/1091
f 1088/783/1088 1089/784/1089 1085/781/1085 1087/780/1087
f 1090/785/1090 1091/782/1091 1085/781/1085 1089/784/1089
f 54/535/54 395/786/395 1086/779/1086 346/787/346
f 395/786/395 396/788/396 1087/780/1087 1086/779/1086
f 346/787/346 1086/779/1086 1091/782/1091 345/789/345
f 55/790/55 257/791/257 1088/783/1088 397/792/397
f 257/791/257 258/793/258 1089/784/1089 1088/783/1088
f 397/792/397 1088/783/1088 1087/780/1087 396/788/396
f 28/794/28 344/795/344 1090/785/1090 259/796/259
f 344/795/344 345/789/345 1091/782/1091 1090/785/1090
f 259/796/259 1090/785/1090 1089/784/1089 258/793/258
f 1093/797/1093 1094/798/1094 1092/799/1092 1098/800/1098
f 1095/801/1095 1096/802/1096 1092/799/1092 1094/798/1094
f 1097/803/1097 1098/800/1098 1092/799/1092 1096/802/1096
f 54/535/54 398/537/398 1093/797/1093 395/786/395
f 398/537/398 399/534/399 1094/798/1094 1093/797/1093
f 395/786/395 1093/797/1093 1098/800/1098 396/788/396
f 49/531/49 403/804/403 1095/801/1095 400/532/400
f 403/804/403 402/805/402 1096/802/1096 1095/801/1095
f 400/532/400 1095/801/1095 1094/798/1094 399/534/399
f 55/790/55 397/792/397 1097/803/1097 401/806/401
f 397/792/397 396/788/396 1098/800/1098 1097/803/1097
f 401/806/401 1097/803/1097 1096/802/1096 402/805/402
f 1100/807/1100 1101/808/1101 1099/809/1099 1105/810/1105
f 1102/811/1102 1103/812/1103 1099/809/1099 1101/808/1101
f 1104/813/1104 1105/810/1105 1099/809/1099 1103/812/1103
f 49/531/49 331/814/331 1100/807/1100 403/804/403
f 331/814/331 330/815/330 1101/808/1101 1100/807/1100
f 403/804/403 1100/807/1100 1105/810/1105 402/805/402
f 27/602/27 347/816/347 1102/811/1102 329/817/329
f 347/816/347 348/818/348 1103/812/1103 1102/811/1102
f 329/817/329 1102/811/1102 1101/808/1101 330/815/330
f 55/790/55 401/806/401 1104/813/1104 349/819/349
f 401/806/401 402/805/402 1105/810/1105 1104/813/1104
f 349/819/349 1104/813/1104 1103/812/1103 348/818/348
f 1107/820/1107 1108/821/1108 1106/822/1106 1112/823/1112
f 1109/824/1109 1110/825/1110 1106/822/1106 1108/821/1108
f 1111/826/1111 1112/823/1112 1106/822/1106 1110/825/1110
f 40/516/40 404/827/404 1107/820/1107 212/828/212
f 404/827/404 405/829/405 1108/821/1108 1107/820/1107
f 212/828/212 1107/820/1107 1112/823/1112 213/830/213
f 53/607/53 251/609/251 1109/824/1109 406/831/406
f 251/609/251 252/605/252 1110/825/1110 1109/824/1109
f 406/831/406 1109/824/1109 1108/821/1108 405/829/405
f 27/602/27 214/832/214 1111/826/1111 253/603/253
f 214/832/214 213/830/213 1112/823/1112 1111/826/1111
f 253/603/253 1111/826/1111 1110/825/1110 252/605/252
f 1114/833/1114 1115/834/1115 1113/835/1113 1119/836/1119
f 1116/837/1116 1117/838/1117 1113/835/1113 1115/834/1115
f 1118/839/1118 1119/836/1119 1113/835/1113 1117/838/1117
f 40/516/40 407/518/407 1114/833/1114 404/827/404
f 407/518/407 408/515/408 1115/834/1115 1114/833/1114
f 404/827/404 1114/833/1114 1119/836/1119 405/829/405
f 47/446/47 412/840/412 1116/837/1116 409/514/409
f 412/840/412 411/841/411 1117/838/1117 1116/837/1116
f 409/514/409 1116/837/1116 1115/834/1115 408/515/408
f 53/607/53 406/831/406 1118/839/1118 410/842/410
f 406/831/406 405/829/405 1119/836/1119 1118/839/1118
f 410/842/410 1118/839/1118 1117/838/1117 411/841/411
f 1121/843/1121 1122/844/1122 1120/845/1120 1126/846/1126
f 1123/847/1123 1124/848/1124 1120/845/1120 1122/844/1122
f 1125/849/1125 1126/846/1126 1120/845/1120 1124/848/1124
f 47/446/47 325/850/325 1121/843/1121 412/840/412
f 325/850/325 324/851/324 1122/844/1122 1121/843/1121
f 412/840/412 1121/843/1121 1126/846/1126 411/841/411
f 26/583/26 341/652/341 1123/847/1123 323/852/323
f 341/652/341 342/650/342 1124/848/1124 1123/847/1123
f 323/852/323 1123/847/1123 1122/844/1122 324/851/324
f 53/607/53 410/842/410 1125/849/1125 343/649/343
f 410/842/410 411/841/411 1126/846/1126 1125/849/1125
f 343/649/343 1125/849/1125 1124/848/1124 342/650/342
f 1128/853/1128 1129/854/1129 1127/855/1127 1133/856/1133
f 1130/857/1130 1131/858/1131 1127/855/1127 1129/854/1129
f 1132/859/1132 1133/856/1133 1127/855/1127 1131/858/1131
f 48/502/48 413/860/413 1128/853/1128 236/861/236
f 413/860/413 414/862/414 1129/854/1129 1128/853/1128
f 236/861/236 1128/853/1128 1133/856/1133 237/863/237
f 52/588/52 248/590/248 1130/857/1130 415/864/415
f 248/590/248 249/586/249 1131/858/1131 1130/857/1130
f 415/864/415 1130/857/1130 1129/854/1129 414/862/414
f 26/583/26 238/865/238 1132/859/1132 250/584/250
f 238/865/238 237/863/237 1133/856/1133 1132/859/1132
f 250/584/250 1132/859/1132 1131/858/1131 249/586/249
f 1135/866/1135 1136/867/1136 1134/868/1134 1140/869/1140
f 1137/870/1137 1138/871/1138 1134/868/1134 1136/867/1136
f 1139/872/1139 1140/869/1140 1134/868/1134 1138/871/1138
f 48/502/48 416/504/416 1135/866/1135 413/860/413
f 416/504/416 417/501/417 1136/867/1136 1135/866/1135
f 413/860/413 1135/866/1135 1140/869/1140 414/862/414
f 45/427/45 421/873/421 1137/870/1137 418/500/418
f 421/873/421 420/874/420 1138/871/1138 1137/870/1137
f 418/500/418 1137/870/1137 1136/867/1136 417/501/417
f 52/588/52 415/864/415 1139/872/1139 419/875/419
f 415/864/415 414/862/414 1140/869/1140 1139/872/1139
f 419/875/419 1139/872/1139 1138/871/1138 420/874/420
f 1142/876/1142 1143/877/1143 1141/878/1141 1147/879/1147
f 1144/880/1144 1145/881/1145 1141/878/1141 1143/877/1143
f 1146/882/1146 1147/879/1147 1141/878/1141 1145/881/1145
f 45/427/45 319/883/319 1142/876/1142 421/873/421
f 319/883/319 318/884/318 1143/877/1143 1142/876/1142
f 421/873/421 1142/876/1142 1147/879/1147 420/874/420
f 25/564/25 338/693/338 1144/880/1144 317/885/317
f 338/693/338 339/691/339 1145/881/1145 1144/880/1144
f 317/885/317 1144/880/1144 1143/877/1143 318/884/318
f 52/588/52 419/875/419 1146/882/1146 340/690/340
f 419/875/419 420/874/420 1147/879/1147 1146/882/1146
f 340/690/340 1146/882/1146 1145/881/1145 339/691/339
f 1149/886/1149 1150/887/1150 1148/888/1148 1154/889/1154
f 1151/890/1151 1152/891/1152 1148/888/1148 1150/887/1150
f 1153/892/1153 1154/889/1154 1148/888/1148 1152/891/1152
f 46/488/46 422/893/422 1149/886/1149 230/894/230
f 422/893/422 423/895/423 1150/887/1150 1149/886/1149
f 230/894/230 1149/886/1149 1154/889/1154 231/896/231
f 51/569/51 245/571/245 1151/890/1151 424/897/424
f 245/571/245 246/567/246 1152/891/1152 1151/890/1151
f 424/897/424 1151/890/1151 1150/887/1150 423/895/423
f 25/564/25 232/898/232 1153/892/1153 247/565/247
f 232/898/232 231/896/231 1154/889/1154 1153/892/1153
f 247/565/247 1153/892/1153 1152/891/1152 246/567/246
f 1156/899/1156 1157/900/1157 1155/901/1155 1161/902/1161
f 1158/903/1158 1159/904/1159 1155/901/1155 1157/900/1157
f 1160/905/1160 1161/902/1161 1155/901/1155 1159/904/1159
f 46/488/46 425/490/425 1156/899/1156 422/893/422
f 425/490/425 426/487/426 1157/900/1157 1156/899/1156
f 422/893/422 1156/899/1156 1161/902/1161 423/895/423
f 43/408/43 430/906/430 1158/903/1158 427/486/427
f 430/906/430 429/907/429 1159/904/1159 1158/903/1158
f 427/486/427 1158/903/1158 1157/900/1157 426/487/426
f 51/569/51 424/897/424 1160/905/1160 428/908/428
f 424/897/424 423/895/423 1161/902/1161 1160/905/1160
f 428/908/428 1160/905/1160 1159/904/1159 429/907/429
f 1163/909/1163 1164/910/1164 1162/911/1162 1168/912/1168
f 1165/913/1165 1166/914/1166 1162/911/1162 1164/910/1164
f 1167/915/1167 1168/912/1168 1162/911/1162 1166/914/1166
f 43/408/43 313/916/313 1163/909/1163 430/906/430
f 313/916/313 312/917/312 1164/910/1164 1163/909/1163
f 430/906/430 1163/909/1163 1168/912/1168 429/907/429
f 24/733/24 335/735/335 1165/913/1165 311/918/311
f 335/735/335 336/732/336 1166/914/1166 1165/913/1165
f 311/918/311 1165/913/1165 1164/910/1164 312/917/312
f 51/569/51 428/908/428 1167/915/1167 337/731/337
f 428/908/428 429/907/429 1168/912/1168 1167/915/1167
f 337/731/337 1167/915/1167 1166/914/1166 336/732/336
f 1170/919/1170 1171/920/1171 1169/921/1169 1175/922/1175
f 1172/923/1172 1173/924/1173 1169/921/1169 1171/920/1171
f 1174/925/1174 1175/922/1175 1169/921/1169 1173/924/1173
f 44/474/44 431/926/431 1170/919/1170 224/927/224
f 431/926/431 432/928/432 1171/920/1171 1170/919/1170
f 224/927/224 1170/919/1170 1175/922/1175 225/929/225
f 50/550/50 242/552/242 1172/923/1172 433/930/433
f 242/552/242 243/548/243 1173/924/1173 1172/923/1172
f 433/930/433 1172/923/1172 1171/920/1171 432/928/432
f 24/545/24 226/931/226 1174/925/1174 244/546/244
f 226/931/226 225/929/225 1175/922/1175 1174/925/1174
f 244/546/244 1174/925/1174 1173/924/1173 243/548/243
f 1177/932/1177 1178/933/1178 1176/934/1176 1182/935/1182
f 1179/936/1179 1180/937/1180 1176/934/1176 1178/933/1178
f 1181/938/1181 1182/935/1182 1176/934/1176 1180/937/1180
f 44/474/44 434/476/434 1177/932/1177 431/926/431
f 434/476/434 435/473/435 1178/933/1178 1177/932/1177
f 431/926/431 1177/932/1177 1182/935/1182 432/928/432
f 41/389/41 439/939/439 1179/936/1179 436/472/436
f 439/939/439 438/940/438 1180/937/1180 1179/936/1179
f 436/472/436 1179/936/1179 1178/933/1178 435/473/435
f 50/550/50 433/930/433 1181/938/1181 437/941/437
f 433/930/433 432/928/432 1182/935/1182 1181/938/1181
f 437/941/437 1181/938/1181 1180/937/1180 438/940/438
f 1184/942/1184 1185/943/1185 1183/944/1183 1189/945/1189
f 1186/946/1186 1187/947/1187 1183/944/1183 1185/943/1185
f 1188/948/1188 1189/945/1189 1183/944/1183 1187/947/1187
f 41/389/41 307/949/307 1184/942/1184 439/939/439
f 307/949/307 306/950/306 1185/943/1185 1184/942/1184
f 439/939/439 1184/942/1184 1189/945/1189 438/940/438
f 23/526/23 332/776/332 1186/946/1186 305/951/305
f 332/776/332 333/774/333 1187/947/1187 1186/946/1186
f 305/951/305 1186/946/1186 1185/943/1185 306/950/306
f 50/550/50 437/941/437 1188/948/1188 334/773/334
f 437/941/437 438/940/438 1189/945/1189 1188/948/1188
f 334/773/334 1188/948/1188 1187/947/1187 333/774/333
f 1191/952/1191 1192/953/1192 1190/954/1190 1196/955/1196
f 1193/956/1193 1194/957/1194 1190/954/1190 1192/953/1192
f 1195/958/1195 1196/955/1196 1190/954/1190 1194/957/1194
f 42/460/42 440/959/440 1191/952/1191 218/960/218
f 440/959/440 441/961/441 1192/953/1192 1191/952/1191
f 218/960/218 1191/952/1191 1196/955/1196 219/962/219
f 49/531/49 239/533/239 1193/956/1193 442/963/442
f 239/533/239 240/529/240 1194/957/1194 1193/956/1193
f 442/963/442 1193/956/1193 1192/953/1192 441/961/441
f 23/526/23 220/964/220 1195/958/1195 241/527/241
f 220/964/220 219/962/219 1196/955/1196 1195/958/1195
f 241/527/241 1195/958/1195 1194/957/1194 240/529/240
f 1198/965/1198 1199/966/1199 1197/967/1197 1203/968/1203
f 1200/969/1200 1201/970/1201 1197/967/1197 1199/966/1199
f 1202/971/1202 1203/968/1203 1197/967/1197 1201/970/1201
f 42/460/42 443/462/443 1198/965/1198 440/959/440
f 443/462/443 444/459/444 1199/966/1199 1198/965/1198
f 440/959/440 1198/965/1198 1203/968/1203 441/961/441
f 39/370/39 448/972/448 1200/969/1200 445/458/445
f 448/972/448 447/973/447 1201/970/1201 1200/969/1200
f 445/458/445 1200/969/1200 1199/966/1199 444/459/444
f 49/531/49 442/963/442 1202/971/1202 446/974/446
f 442/963/442 441/961/441 1203/968/1203 1202/971/1202
f 446/974/446 1202/971/1202 1201/970/1201 447/973/447
f 1205/975/1205 1206/976/1206 1204/977/1204 1210/978/1210
f 1207/979/1207 1208/980/1208 1204/977/1204 1206/976/1206
f 1209/981/1209 1210/978/1210 1204/977/1204 1208/980/1208
f 39/370/39 301/982/301 1205/975/1205 448/972/448
f 301/982/301 300/983/300 1206/976/1206 1205/975/1205
f 448/972/448 1205/975/1205 1210/978/1210 447/973/447
f 27/602/27 329/817/329 1207/979/1207 299/984/299
f 329/817/329 330/815/330 1208/980/1208 1207/979/1207
f 299/984/299 1207/979/1207 1206/976/1206 300/983/300
f 49/531/49 446/974/446 1209/981/1209 331/814/331
f 446/974/446 447/973/447 1210/978/1210 1209/981/1209
f 331/814/331 1209/981/1209 1208/980/1208 330/815/330
f 1212/985/1212 1213/986/1213 1211/987/1211 1217/988/1217
f 1214/989/1214 1215/990/1215 1211/987/1211 1213/986/1213
f 1216/991/1216 1217/988/1217 1211/987/1211 1215/990/1215
f 47/446/47 449/992/449 1212/985/1212 325/850/325
f 449/992/449 450/993/450 1213/986/1213 1212/985/1212
f 325/850/325 1212/985/1212 1217/988/1217 324/851/324
f 48/502/48 236/861/236 1214/989/1214 451/994/451
f 236/861/236 237/863/237 1215/990/1215 1214/989/1214
f 451/994/451 1214/989/1214 1213/986/1213 450/993/450
f 26/583/26 323/852/323 1216/991/1216 238/865/238
f 323/852/323 324/851/324 1217/988/1217 1216/991/1216
f 238/865/238 1216/991/1216 1215/990/1215 237/863/237
f 1219/995/1219 1220/996/1220 1218/997/1218 1224/998/1224
f 1221/999/1221 1222/1000/1222 1218/997/1218 1220/996/1220
f 1223/1001/1223 1224/998/1224 1218/997/1218 1222/1000/1222
f 47/446/47 452/448/452 1219/995/1219 449/992/449
f 452/448/452 453/445/453 1220/996/1220 1219/995/1219
f 449/992/449 1219/995/1219 1224/998/1224 450/993/450
f 38/442/38 457/1002/457 1221/999/1221 454/443/454
f 457/1002/457 456/1003/456 1222/1000/1222 1221/999/1221
f 454/443/454 1221/999/1221 1220/996/1220 453/445/453
f 48/502/48 451/994/451 1223/1001/1223 455/1004/455
f 451/994/451 450/993/450 1224/998/1224 1223/1001/1223
f 455/1004/455 1223/1001/1223 1222/1000/1222 456/1003/456
f 1226/1005/1226 1227/1006/1227 1225/1007/1225 1231/1008/1231
f 1228/1009/1228 1229/1010/1229 1225/1007/1225 1227/1006/1227
f 1230/1011/1230 1231/1008/1231 1225/1007/1225 1229/1010/1229
f 38/442/38 298/1012/298 1226/1005/1226 457/1002/457
f 298/1012/298 297/1013/297 1227/1006/1227 1226/1005/1226
f 457/1002/457 1226/1005/1226 1231/1008/1231 456/1003/456
f 21/418/21 326/498/326 1228/1009/1228 296/1014/296
f 326/498/326 327/499/327 1229/1010/1229 1228/1009/1228
f 296/1014/296 1228/1009/1228 1227/1006/1227 297/1013/297
f 48/502/48 455/1004/455 1230/1011/1230 328/503/328
f 455/1004/455 456/1003/456 1231/1008/1231 1230/1011/1230
f 328/503/328 1230/1011/1230 1229/1010/1229 327/499/327
f 1233/1015/1233 1234/1016/1234 1232/1017/1232 1238/1018/1238
f 1235/1019/1235 1236/1020/1236 1232/1017/1232 1234/1016/1234
f 1237/1021/1237 1238/1018/1238 1232/1017/1232 1236/1020/1236
f 45/427/45 458/1022/458 1233/1015/1233 319/883/319
f 458/1022/458 459/1023/459 1234/1016/1234 1233/1015/1233
f 319/883/319 1233/1015/1233 1238/1018/1238 318/884/318
f 46/488/46 230/894/230 1235/1019/1235 460/1024/460
f 230/894/230 231/896/231 1236/1020/1236 1235/1019/1235
f 460/1024/460 1235/1019/1235 1234/1016/1234 459/1023/459
f 25/564/25 317/885/317 1237/1021/1237 232/898/232
f 317/885/317 318/884/318 1238/1018/1238 1237/1021/1237
f 232/898/232 1237/1021/1237 1236/1020/1236 231/896/231
f 1240/1025/1240 1241/1026/1241 1239/1027/1239 1245/1028/1245
f 1242/1029/1242 1243/1030/1243 1239/1027/1239 1241/1026/1241
f 1244/1031/1244 1245/1028/1245 1239/1027/1239 1243/1030/1243
f 45/427/45 461/429/461 1240/1025/1240 458/1022/458
f 461/429/461 462/426/462 1241/1026/1241 1240/1025/1240
f 458/1022/458 1240/1025/1240 1245/1028/1245 459/1023/459
f 37/423/37 466/1032/466 1242/1029/1242 463/424/463
f 466/1032/466 465/1033/465 1243/1030/1243 1242/1029/1242
f 463/424/463 1242/1029/1242 1241/1026/1241 462/426/462
f 46/488/46 460/1024/460 1244/1031/1244 464/1034/464
f 460/1024/460 459/1023/459 1245/1028/1245 1244/1031/1244
f 464/1034/464 1244/1031/1244 1243/1030/1243 465/1033/465
f 1247/1035/1247 1248/1036/1248 1246/1037/1246 1252/1038/1252
f 1249/1039/1249 1250/1040/1250 1246/1037/1246 1248/1036/1248
f 1251/1041/1251 1252/1038/1252 1246/1037/1246 1250/1040/1250
f 37/423/37 295/1042/295 1247/1035/1247 466/1032/466
f 295/1042/295 294/1043/294 1248/1036/1248 1247/1035/1247
f 466/1032/466 1247/1035/1247 1252/1038/1252 465/1033/465
f 20/399/20 320/484/320 1249/1039/1249 293/1044/293
f 320/484/320 321/485/321 1250/1040/1250 1249/1039/1249
f 293/1044/293 1249/1039/1249 1248/1036/1248 294/1043/294
f 46/488/46 464/1034/464 1251/1041/1251 322/489/322
f 464/1034/464 465/1033/465 1252/1038/1252 1251/1041/1251
f 322/489/322 1251/1041/1251 1250/1040/1250 321/485/321
f 1254/1045/1254 1255/1046/1255 1253/1047/1253 1259/1048/1259
f 1256/1049/1256 1257/1050/1257 1253/1047/1253 1255/1046/1255
f 1258/1051/1258 1259/1048/1259 1253/1047/1253 1257/1050/1257
f 43/408/43 467/1052/467 1254/1045/1254 313/916/313
f 467/1052/467 468/1053/468 1255/1046/1255 1254/1045/1254
f 313/916/313 1254/1045/1254 1259/1048/1259 312/917/312
f 44/1054/44 224/1055/224 1256/1049/1256 469/1056/469
f 224/1055/224 225/1057/225 1257/1050/1257 1256/1049/1256
f 469/1056/469 1256/1049/1256 1255/1046/1255 468/1053/468
f 24/733/24 311/918/311 1258/1051/1258 226/1058/226
f 311/918/311 312/917/312 1259/1048/1259 1258/1051/1258
f 226/1058/226 1258/1051/1258 1257/1050/1257 225/1057/225
f 1261/1059/1261 1262/1060/1262 1260/1061/1260 1266/1062/1266
f 1263/1063/1263 1264/1064/1264 1260/1061/1260 1262/1060/1262
f 1265/1065/1265 1266/1062/1266 1260/1061/1260 1264/1064/1264
f 43/408/43 470/410/470 1261/1059/1261 467/1052/467
f 470/410/470 471/407/471 1262/1060/1262 1261/1059/1261
f 467/1052/467 1261/1059/1261 1266/1062/1266 468/1053/468
f 35/404/35 475/1066/475 1263/1063/1263 472/405/472
f 475/1066/475 474/1067/474 1264/1064/1264 1263/1063/1263
f 472/405/472 1263/1063/1263 1262/1060/1262 471/407/471
f 44/1054/44 469/1056/469 1265/1065/1265 473/1068/473
f 469/1056/469 468/1053/468 1266/1062/1266 1265/1065/1265
f 473/1068/473 1265/1065/1265 1264/1064/1264 474/1067/474
f 1268/1069/1268 1269/1070/1269 1267/1071/1267 1273/1072/1273
f 1270/1073/1270 1271/1074/1271 1267/1071/1267 1269/1070/1269
f 1272/1075/1272 1273/1072/1273 1267/1071/1267 1271/1074/1271
f 35/404/35 289/1076/289 1268/1069/1268 475/1066/475
f 289/1076/289 288/1077/288 1269/1070/1269 1268/1069/1268
f 475/1066/475 1268/1069/1268 1273/1072/1273 474/1067/474
f 19/1078/19 314/1079/314 1270/1073/1270 287/1080/287
f 314/1079/314 315/1081/315 1271/1074/1271 1270/1073/1270
f 287/1080/287 1270/1073/1270 1269/1070/1269 288/1077/288
f 44/1054/44 473/1068/473 1272/1075/1272 316/1082/316
f 473/1068/473 474/1067/474 1273/1072/1273 1272/1075/1272
f 316/1082/316 1272/1075/1272 1271/1074/1271 315/1081/315
f 1275/1083/1275 1276/1084/1276 1274/1085/1274 1280/1086/1280
f 1277/1087/1277 1278/1088/1278 1274/1085/1274 1276/1084/1276
f 1279/1089/1279 1280/1086/1280 1274/1085/1274 1278/1088/1278
f 41/389/41 476/1090/476 1275/1083/1275 307/949/307
f 476/1090/476 477/1091/477 1276/1084/1276 1275/1083/1275
f 307/949/307 1275/1083/1275 1280/1086/1280 306/950/306
f 42/460/42 218/960/218 1277/1087/1277 478/1092/478
f 218/960/218 219/962/219 1278/1088/1278 1277/1087/1277
f 478/1092/478 1277/1087/1277 1276/1084/1276 477/1091/477
f 23/526/23 305/951/305 1279/1089/1279 220/964/220
f 305/951/305 306/950/306 1280/1086/1280 1279/1089/1279
f 220/964/220 1279/1089/1279 1278/1088/1278 219/962/219
f 1282/1093/1282 1283/1094/1283 1281/1095/1281 1287/1096/1287
f 1284/1097/1284 1285/1098/1285 1281/1095/1281 1283/1094/1283
f 1286/1099/1286 1287/1096/1287 1281/1095/1281 1285/1098/1285
f 41/389/41 479/391/479 1282/1093/1282 476/1090/476
f 479/391/479 480/388/480 1283/1094/1283 1282/1093/1282
f 476/1090/476 1282/1093/1282 1287/1096/1287 477/1091/477
f 31/385/31 484/1100/484 1284/1097/1284 481/386/481
f 484/1100/484 483/1101/483 1285/1098/1285 1284/1097/1284
f 481/386/481 1284/1097/1284 1283/1094/1283 480/388/480
f 42/460/42 478/1092/478 1286/1099/1286 482/1102/482
f 478/1092/478 477/1091/477 1287/1096/1287 1286/1099/1286
f 482/1102/482 1286/1099/1286 1285/1098/1285 483/1101/483
f 1289/1103/1289 1290/1104/1290 1288/1105/1288 1294/1106/1294
f 1291/1107/1291 1292/1108/1292 1288/1105/1288 1290/1104/1290
f 1293/1109/1293 1294/1106/1294 1288/1105/1288 1292/1108/1292
f 31/385/31 277/1110/277 1289/1103/1289 484/1100/484
f 277/1110/277 276/1111/276 1290/1104/1290 1289/1103/1289
f 484/1100/484 1289/1103/1289 1294/1106/1294 483/1101/483
f 18/290/18 308/456/308 1291/1107/1291 275/1112/275
f 308/456/308 309/457/309 1292/1108/1292 1291/1107/1291
f 275/1112/275 1291/1107/1291 1290/1104/1290 276/1111/276
f 42/460/42 482/1102/482 1293/1109/1293 310/461/310
f 482/1102/482 483/1101/483 1294/1106/1294 1293/1109/1293
f 310/461/310 1293/1109/1293 1292/1108/1292 309/457/309
f 1296/1113/1296 1297/1114/1297 1295/1115/1295 1301/1116/1301
f 1298/1117/1298 1299/1118/1299 1295/1115/1295 1297/1114/1297
f 1300/1119/1300 1301/1116/1301 1295/1115/1295 1299/1118/1299
f 39/370/39 485/1120/485 1296/1113/1296 301/982/301
f 485/1120/485 486/1121/486 1297/1114/1297 1296/1113/1296
f 301/982/301 1296/1113/1296 1301/1116/1301 300/983/300
f 40/516/40 212/828/212 1298/1117/1298 487/1122/487
f 212/828/212 213/830/213 1299/1118/1299 1298/1117/1298
f 487/1122/487 1298/1117/1298 1297/1114/1297 486/1121/486
f 27/602/27 299/984/299 1300/1119/1300 214/832/214
f 299/984/299 300/983/300 1301/1116/1301 1300/1119/1300
f 214/832/214 1300/1119/1300 1299/1118/1299 213/830/213
f 1303/1123/1303 1304/1124/1304 1302/1125/1302 1308/1126/1308
f 1305/1127/1305 1306/1128/1306 1302/1125/1302 1304/1124/1304
f 1307/1129/1307 1308/1126/1308 1302/1125/1302 1306/1128/1306
f 39/370/39 488/372/488 1303/1123/1303 485/1120/485
f 488/372/488 489/369/489 1304/1124/1304 1303/1123/1303
f 485/1120/485 1303/1123/1303 1308/1126/1308 486/1121/486
f 32/299/32 493/1130/493 1305/1127/1305 490/368/490
f 493/1130/493 492/1131/492 1306/1128/1306 1305/1127/1305
f 490/368/490 1305/1127/1305 1304/1124/1304 489/369/489
f 40/516/40 487/1122/487 1307/1129/1307 491/1132/491
f 487/1122/487 486/1121/486 1308/1126/1308 1307/1129/1307
f 491/1132/491 1307/1129/1307 1306/1128/1306 492/1131/492
f 1310/1133/1310 1311/1134/1311 1309/1135/1309 1315/1136/1315
f 1312/1137/1312 1313/1138/1313 1309/1135/1309 1311/1134/1311
f 1314/1139/1314 1315/1136/1315 1309/1135/1309 1313/1138/1313
f 32/299/32 280/1140/280 1310/1133/1310 493/1130/493
f 280/1140/280 279/1141/279 1311/1134/1311 1310/1133/1310
f 493/1130/493 1310/1133/1310 1315/1136/1315 492/1131/492
f 22/437/22 302/512/302 1312/1137/1312 278/1142/278
f 302/512/302 303/513/303 1313/1138/1313 1312/1137/1312
f 278/1142/278 1312/1137/1312 1311/1134/1311 279/1141/279
f 40/516/40 491/1132/491 1314/1139/1314 304/517/304
f 491/1132/491 492/1131/492 1315/1136/1315 1314/1139/1314
f 304/517/304 1314/1139/1314 1313/1138/1313 303/513/303
f 1317/1143/1317 1318/1144/1318 1316/1145/1316 1322/1146/1322
f 1319/1147/1319 1320/1148/1320 1316/1145/1316 1318/1144/1318
f 1321/1149/1321 1322/1146/1322 1316/1145/1316 1320/1148/1320
f 33/356/33 494/1150/494 1317/1143/1317 191/1151/191
f 494/1150/494 495/1152/495 1318/1144/1318 1317/1143/1317
f 191/1151/191 1317/1143/1317 1322/1146/1322 192/1153/192
f 38/442/38 206/444/206 1319/1147/1319 496/1154/496
f 206/444/206 207/440/207 1320/1148/1320 1319/1147/1319
f 496/1154/496 1319/1147/1319 1318/1144/1318 495/1152/495
f 22/437/22 193/1155/193 1321/1149/1321 208/438/208
f 193/1155/193 192/1153/192 1322/1146/1322 1321/1149/1321
f 208/438/208 1321/1149/1321 1320/1148/1320 207/440/207
f 1324/1156/1324 1325/1157/1325 1323/1158/1323 1329/1159/1329
f 1326/1160/1326 1327/1161/1327 1323/1158/1323 1325/1157/1325
f 1328/1162/1328 1329/1159/1329 1323/1158/1323 1327/1161/1327
f 33/356/33 497/358/497 1324/1156/1324 494/1150/494
f 497/358/497 498/355/498 1325/1157/1325 1324/1156/1324
f 494/1150/494 1324/1156/1324 1329/1159/1329 495/1152/495
f 36/352/36 502/1163/502 1326/1160/1326 499/353/499
f 502/1163/502 501/1164/501 1327/1161/1327 1326/1160/1326
f 499/353/499 1326/1160/1326 1325/1157/1325 498/355/498
f 38/442/38 496/1154/496 1328/1162/1328 500/1165/500
f 496/1154/496 495/1152/495 1329/1159/1329 1328/1162/1328
f 500/1165/500 1328/1162/1328 1327/1161/1327 501/1164/501
f 1331/1166/1331 1332/1167/1332 1330/1168/1330 1336/1169/1336
f 1333/1170/1333 1334/1171/1334 1330/1168/1330 1332/1167/1332
f 1335/1172/1335 1336/1169/1336 1330/1168/1330 1334/1171/1334
f 36/352/36 292/1173/292 1331/1166/1331 502/1163/502
f 292/1173/292 291/1174/291 1332/1167/1332 1331/1166/1331
f 502/1163/502 1331/1166/1331 1336/1169/1336 501/1164/501
f 21/418/21 296/1014/296 1333/1170/1333 290/1175/290
f 296/1014/296 297/1013/297 1334/1171/1334 1333/1170/1333
f 290/1175/290 1333/1170/1333 1332/1167/1332 291/1174/291
f 38/442/38 500/1165/500 1335/1172/1335 298/1012/298
f 500/1165/500 501/1164/501 1336/1169/1336 1335/1172/1335
f 298/1012/298 1335/1172/1335 1334/1171/1334 297/1013/297
f 1338/1176/1338 1339/1177/1339 1337/1178/1337 1343/1179/1343
f 1340/1180/1340 1341/1181/1341 1337/1178/1337 1339/1177/1339
f 1342/1182/1342 1343/1179/1343 1337/1178/1337 1341/1181/1341
f 36/337/36 503/1183/503 1338/1176/1338 292/1184/292
f 503/1183/503 504/1185/504 1339/1177/1339 1338/1176/1338
f 292/1184/292 1338/1176/1338 1343/1179/1343 291/1186/291
f 37/423/37 203/425/203 1340/1180/1340 505/1187/505
f 203/425/203 204/421/204 1341/1181/1341 1340/1180/1340
f 505/1187/505 1340/1180/1340 1339/1177/1339 504/1185/504
f 21/418/21 290/1188/290 1342/1182/1342 205/419/205
f 290/1188/290 291/1186/291 1343/1179/1343 1342/1182/1342
f 205/419/205 1342/1182/1342 1341/1181/1341 204/421/204
f 1345/1189/1345 1346/1190/1346 1344/1191/1344 1350/1192/1350
f 1347/1193/1347 1348/1194/1348 1344/1191/1344 1346/1190/1346
f 1349/1195/1349 1350/1192/1350 1344/1191/1344 1348/1194/1348
f 36/337/36 506/339/506 1345/1189/1345 503/1183/503
f 506/339/506 507/336/507 1346/1190/1346 1345/1189/1345
f 503/1183/503 1345/1189/1345 1350/1192/1350 504/1185/504
f 34/333/34 511/1196/511 1347/1193/1347 508/334/508
f 511/1196/511 510/1197/510 1348/1194/1348 1347/1193/1347
f 508/334/508 1347/1193/1347 1346/1190/1346 507/336/507
f 37/423/37 505/1187/505 1349/1195/1349 509/1198/509
f 505/1187/505 504/1185/504 1350/1192/1350 1349/1195/1349
f 509/1198/509 1349/1195/1349 1348/1194/1348 510/1197/510
f 1352/1199/1352 1353/1200/1353 1351/1201/1351 1357/1202/1357
f 1354/1203/1354 1355/1204/1355 1351/1201/1351 1353/1200/1353
f 1356/1205/1356 1357/1202/1357 1351/1201/1351 1355/1204/1355
f 34/333/34 286/1206/286 1352/1199/1352 511/1196/511
f 286/1206/286 285/1207/285 1353/1200/1353 1352/1199/1352
f 511/1196/511 1352/1199/1352 1357/1202/1357 510/1197/510
f 20/399/20 293/1044/293 1354/1203/1354 284/1208/284
f 293/1044/293 294/1043/294 1355/1204/1355 1354/1203/1354
f 284/1208/284 1354/1203/1354 1353/1200/1353 285/1207/285
f 37/423/37 509/1198/509 1356/1205/1356 295/1042/295
f 509/1198/509 510/1197/510 1357/1202/1357 1356/1205/1356
f 295/1042/295 1356/1205/1356 1355/1204/1355 294/1043/294
f 1359/1209/1359 1360/1210/1360 1358/1211/1358 1364/1212/1364
f 1361/1213/1361 1362/1214/1362 1358/1211/1358 1360/1210/1360
f 1363/1215/1363 1364/1212/1364 1358/1211/1358 1362/1214/1362
f 34/318/34 512/1216/512 1359/1209/1359 286/1217/286
f 512/1216/512 513/1218/513 1360/1210/1360 1359/1209/1359
f 286/1217/286 1359/1209/1359 1364/1212/1364 285/1219/285
f 35/404/35 197/406/197 1361/1213/1361 514/1220/514
f 197/406/197 198/402/198 1362/1214/1362 1361/1213/1361
f 514/1220/514 1361/1213/1361 1360/1210/1360 513/1218/513
f 20/399/20 284/1221/284 1363/1215/1363 199/400/199
f 284/1221/284 285/1219/285 1364/1212/1364 1363/1215/1363
f 199/400/199 1363/1215/1363 1362/1214/1362 198/402/198
f 1366/1222/1366 1367/1223/1367 1365/1224/1365 1371/1225/1371
f 1368/1226/1368 1369/1227/1369 1365/1224/1365 1367/1223/1367
f 1370/1228/1370 1371/1225/1371 1365/1224/1365 1369/1227/1369
f 34/318/34 515/320/515 1366/1222/1366 512/1216/512
f 515/320/515 516/317/516 1367/1223/1367 1366/1222/1366
f 512/1216/512 1366/1222/1366 1371/1225/1371 513/1218/513
f 29/314/29 520/1229/520 1368/1226/1368 517/315/517
f 520/1229/520 519/1230/519 1369/1227/1369 1368/1226/1368
f 517/315/517 1368/1226/1368 1367/1223/1367 516/317/516
f 35/404/35 514/1220/514 1370/1228/1370 518/1231/518
f 514/1220/514 513/1218/513 1371/1225/1371 1370/1228/1370
f 518/1231/518 1370/1228/1370 1369/1227/1369 519/1230/519
f 1373/1232/1373 1374/1233/1374 1372/1234/1372 1378/1235/1378
f 1375/1236/1375 1376/1237/1376 1372/1234/1372 1374/1233/1374
f 1377/1238/1377 1378/1235/1378 1372/1234/1372 1376/1237/1376
f 29/314/29 271/1239/271 1373/1232/1373 520/1229/520
f 271/1239/271 270/1240/270 1374/1233/1374 1373/1232/1373
f 520/1229/520 1373/1232/1373 1378/1235/1378 519/1230/519
f 19/1078/19 287/1080/287 1375/1236/1375 269/1241/269
f 287/1080/287 288/1077/288 1376/1237/1376 1375/1236/1375
f 269/1241/269 1375/1236/1375 1374/1233/1374 270/1240/270
f 35/404/35 518/1231/518 1377/1238/1377 289/1076/289
f 518/1231/518 519/1230/519 1378/1235/1378 1377/1238/1377
f 289/1076/289 1377/1238/1377 1376/1237/1376 288/1077/288
f 1380/1242/1380 1381/1243/1381 1379/1244/1379 1385/1245/1385
f 1382/1246/1382 1383/1247/1383 1379/1244/1379 1381/1243/1381
f 1384/1248/1384 1385/1245/1385 1379/1244/1379 1383/1247/1383
f 32/299/32 521/1249/521 1380/1242/1380 280/1140/280
f 521/1249/521 522/1250/522 1381/1243/1381 1380/1242/1380
f 280/1140/280 1380/1242/1380 1385/1245/1385 279/1141/279
f 33/1251/33 191/1252/191 1382/1246/1382 523/1253/523
f 191/1252/191 192/1254/192 1383/1247/1383 1382/1246/1382
f 523/1253/523 1382/1246/1382 1381/1243/1381 522/1250/522
f 22/437/22 278/1142/278 1384/1248/1384 193/1255/193
f 278/1142/278 279/1141/279 1385/1245/1385 1384/1248/1384
f 193/1255/193 1384/1248/1384 1383/1247/1383 192/1254/192
f 1387/1256/1387 1388/1257/1388 1386/1258/1386 1392/1259/1392
f 1389/1260/1389 1390/1261/1390 1386/1258/1386 1388/1257/1388
f 1391/1262/1391 1392/1259/1392 1386/1258/1386 1390/1261/1390
f 32/299/32 524/301/524 1387/1256/1387 521/1249/521
f 524/301/524 525/298/525 1388/1257/1388 1387/1256/1387
f 521/1249/521 1387/1256/1387 1392/1259/1392 522/1250/522
f 30/295/30 529/1263/529 1389/1260/1389 526/296/526
f 529/1263/529 528/1264/528 1390/1261/1390 1389/1260/1389
f 526/296/526 1389/1260/1389 1388/1257/1388 525/298/525
f 33/1251/33 523/1253/523 1391/1262/1391 527/1265/527
f 523/1253/523 522/1250/522 1392/1259/1392 1391/1262/1391
f 527/1265/527 1391/1262/1391 1390/1261/1390 528/1264/528
f 1394/1266/1394 1395/1267/1395 1393/1268/1393 1399/1269/1399
f 1396/1270/1396 1397/1271/1397 1393/1268/1393 1395/1267/1395
f 1398/1272/1398 1399/1269/1399 1393/1268/1393 1397/1271/1397
f 30/295/30 274/1273/274 1394/1266/1394 529/1263/529
f 274/1273/274 273/1274/273 1395/1267/1395 1394/1266/1394
f 529/1263/529 1394/1266/1394 1399/1269/1399 528/1264/528
f 17/1275/17 281/1276/281 1396/1270/1396 272/1277/272
f 281/1276/281 282/1278/282 1397/1271/1397 1396/1270/1396
f 272/1277/272 1396/1270/1396 1395/1267/1395 273/1274/273
f 33/1251/33 527/1265/527 1398/1272/1398 283/1279/283
f 527/1265/527 528/1264/528 1399/1269/1399 1398/1272/1398
f 283/1279/283 1398/1272/1398 1397/1271/1397 282/1278/282
f 1401/1280/1401 1402/1281/1402 1400/1282/1400 1406/1283/1406
f 1403/1284/1403 1404/1285/1404 1400/1282/1400 1402/1281/1402
f 1405/1286/1405 1406/1283/1406 1400/1282/1400 1404/1285/1404
f 29/280/29 530/1287/530 1401/1280/1401 271/1288/271
f 530/1287/530 531/1289/531 1402/1281/1402 1401/1280/1401
f 271/1288/271 1401/1280/1401 1406/1283/1406 270/1290/270
f 31/385/31 185/387/185 1403/1284/1403 532/1291/532
f 185/387/185 186/383/186 1404/1285/1404 1403/1284/1403
f 532/1291/532 1403/1284/1403 1402/1281/1402 531/1289/531
f 19/380/19 269/1292/269 1405/1286/1405 187/381/187
f 269/1292/269 270/1290/270 1406/1283/1406 1405/1286/1405
f 187/381/187 1405/1286/1405 1404/1285/1404 186/383/186
f 1408/1293/1408 1409/1294/1409 1407/1295/1407 1413/1296/1413
f 1410/1297/1410 1411/1298/1411 1407/1295/1407 1409/1294/1409
f 1412/1299/1412 1413/1296/1413 1407/1295/1407 1411/1298/1411
f 29/280/29 533/282/533 1408/1293/1408 530/1287/530
f 533/282/533 534/279/534 1409/1294/1409 1408/1293/1408
f 530/1287/530 1408/1293/1408 1413/1296/1413 531/1289/531
f 30/276/30 538/1300/538 1410/1297/1410 535/277/535
f 538/1300/538 537/1301/537 1411/1298/1411 1410/1297/1410
f 535/277/535 1410/1297/1410 1409/1294/1409 534/279/534
f 31/385/31 532/1291/532 1412/1299/1412 536/1302/536
f 532/1291/532 531/1289/531 1413/1296/1413 1412/1299/1412
f 536/1302/536 1412/1299/1412 1411/1298/1411 537/1301/537
f 1415/1303/1415 1416/1304/1416 1414/1305/1414 1420/1306/1420
f 1417/1307/1417 1418/1308/1418 1414/1305/1414 1416/1304/1416
f 1419/1309/1419 1420/1306/1420 1414/1305/1414 1418/1308/1418
f 30/276/30 182/1310/182 1415/1303/1415 538/1300/538
f 182/1310/182 183/1311/183 1416/1304/1416 1415/1303/1415
f 538/1300/538 1415/1303/1415 1420/1306/1420 537/1301/537
f 18/290/18 275/1112/275 1417/1307/1417 184/1312/184
f 275/1112/275 276/1111/276 1418/1308/1418 1417/1307/1417
f 184/1312/184 1417/1307/1417 1416/1304/1416 183/1311/183
f 31/385/31 536/1302/536 1419/1309/1419 277/1110/277
f 536/1302/536 537/1301/537 1420/1306/1420 1419/1309/1419
f 277/1110/277 1419/1309/1419 1418/1308/1418 276/1111/276
f 1421/1/1421 1422/2/1422 1425/3/1425 1424/4/1424
f 1422/2/1422 1423/5/1423 1426/6/1426 1425/3/1425
f 1424/4/1424 1425/3/1425 1428/7/1428 1427/8/1427
f 1425/3/1425 1426/6/1426 1429/9/1429 1428/7/1428
f 59/10/59 545/11/545 1421/1/1421 539/12/539
f 545/11/545 546/13/546 1422/2/1422 1421/1/1421
f 546/13/546 547/14/547 1423/5/1423 1422/2/1422
f 547/14/547 60/15/60 544/16/544 1423/5/1423
f 1423/5/1423 544/16/544 543/17/543 1426/6/1426
f 1426/6/1426 543/17/543 542/18/542 1429/9/1429
f 1429/9/1429 542/18/542 62/19/62 548/20/548
f 1428/7/1428 1429/9/1429 548/20/548 549/21/549
f 1427/8/1427 1428/7/1428 549/21/549 550/22/550
f 541/23/541 1427/8/1427 550/22/550 61/24/61
f 540/25/540 1424/4/1424 1427/8/1427 541/23/541
f 539/12/539 1421/1/1421 1424/4/1424 540/25/540
f 1430/26/1430 1431/27/1431 1434/28/1434 1433/29/1433
f 1431/27/1431 1432/30/1432 1435/31/1435 1434/28/1434
f 1433/29/1433 1434/28/1434 1437/32/1437 1436/33/1436
f 1434/28/1434 1435/31/1435 1438/34/1438 1437/32/1437
f 61/24/61 550/22/550 1430/26/1430 551/35/551
f 550/22/550 549/21/549 1431/27/1431 1430/26/1430
f 549/21/549 548/20/548 1432/30/1432 1431/27/1431
f 548/20/548 62/19/62 556/36/556 1432/30/1432
f 1432/30/1432 556/36/556 555/37/555 1435/31/1435
f 1435/31/1435 555/37/555 554/38/554 1438/34/1438
f 1438/34/1438 554/38/554 64/39/64 557/40/557
f 1437/32/1437 1438/34/1438 557/40/557 558/41/558
f 1436/33/1436 1437/32/1437 558/41/558 559/42/559
f 553/43/553 1436/33/1436 559/42/559 63/44/63
f 552/45/552 1433/29/1433 1436/33/1436 553/43/553
f 551/35/551 1430/26/1430 1433/29/1433 552/45/552
f 1439/46/1439 1440/47/1440 1443/48/1443 1442/49/1442
f 1440/47/1440 1441/50/1441 1444/51/1444 1443/48/1443
f 1442/49/1442 1443/48/1443 1446/52/1446 1445/53/1445
f 1443/48/1443 1444/51/1444 1447/54/1447 1446/52/1446
f 63/44/63 559/42/559 1439/46/1439 560/55/560
f 559/42/559 558/41/558 1440/47/1440 1439/46/1439
f 558/41/558 557/40/557 1441/50/1441 1440/47/1440
f 557/40/557 64/39/64 565/56/565 1441/50/1441
f 1441/50/1441 565/56/565 564/57/564 1444/51/1444
f 1444/51/1444 564/57/564 563/58/563 1447/54/1447
f 1447/54/1447 563/58/563 66/59/66 566/60/566
f 1446/52/1446 1447/54/1447 566/60/566 567/61/567
f 1445/53/1445 1446/52/1446 567/61/567 568/62/568
f 562/63/562 1445/53/1445 568/62/568 65/64/65
f 561/65/561 1442/49/1442 1445/53/1445 562/63/562
f 560/55/560 1439/46/1439 1442/49/1442 561/65/561
f 1448/66/1448 1449/67/1449 1452/68/1452 1451/69/1451
f 1449/67/1449 1450/70/1450 1453/71/1453 1452/68/1452
f 1451/69/1451 1452/68/1452 1455/72/1455 1454/73/1454
f 1452/68/1452 1453/71/1453 1456/74/1456 1455/72/1455
f 65/64/65 568/62/568 1448/66/1448 569/75/569
f 568/62/568 567/61/567 1449/67/1449 1448/66/1448
f 567/61/567 566/60/566 1450/70/1450 1449/67/1449
f 566/60/566 66/59/66 574/76/574 1450/70/1450
f 1450/70/1450 574/76/574 573/77/573 1453/71/1453
f 1453/71/1453 573/77/573 572/78/572 1456/74/1456
f 1456/74/1456 572/78/572 68/79/68 575/80/575
f 1455/72/1455 1456/74/1456 575/80/575 576/81/576
f 1454/73/1454 1455/72/1455 576/81/576 577/82/577
f 571/83/571 1454/73/1454 577/82/577 67/84/67
f 570/85/570 1451/69/1451 1454/73/1454 571/83/571
f 569/75/569 1448/66/1448 1451/69/1451 570/85/570
f 1457/86/1457 1458/87/1458 1461/88/1461 1460/89/1460
f 1458/87/1458 1459/90/1459 1462/91/1462 1461/88/1461
f 1460/89/1460 1461/88/1461 1464/92/1464 1463/93/1463
f 1461/88/1461 1462/91/1462 1465/94/1465 1464/92/1464
f 67/84/67 577/82/577 1457/86/1457 578/95/578
f 577/82/577 576/81/576 1458/87/1458 1457/86/1457
f 576/81/576 575/80/575 1459/90/1459 1458/87/1458
f 575/80/575 68/79/68 583/96/583 1459/90/1459
f 1459/90/1459 583/96/583 582/97/582 1462/91/1462
f 1462/91/1462 582/97/582 581/98/581 1465/94/1465
f 1465/94/1465 581/98/581 70/99/70 584/100/584
f 1464/92/1464 1465/94/1465 584/100/584 585/101/585
f 1463/93/1463 1464/92/1464 585/101/585 586/102/586
f 580/103/580 1463/93/1463 586/102/586 69/104/69
f 579/105/579 1460/89/1460 1463/93/1463 580/103/580
f 578/95/578 1457/86/1457 1460/89/1460 579/105/579
f 1466/106/1466 1467/107/1467 1470/108/1470 1469/109/1469
f 1467/107/1467 1468/110/1468 1471/111/1471 1470/108/1470
f 1469/109/1469 1470/108/1470 1473/112/1473 1472/113/1472
f 1470/108/1470 1471/111/1471 1474/114/1474 1473/112/1473
f 69/104/69 586/102/586 1466/106/1466 587/115/587
f 586/102/586 585/101/585 1467/107/1467 1466/106/1466
f 585/101/585 584/100/584 1468/110/1468 1467/107/1467
f 584/100/584 70/99/70 592/116/592 1468/110/1468
f 1468/110/1468 592/116/592 591/117/591 1471/111/1471
f 1471/111/1471 591/117/591 590/118/590 1474/114/1474
f 1474/114/1474 590/118/590 72/119/72 593/120/593
f 1473/112/1473 1474/114/1474 593/120/593 594/121/594
f 1472/113/1472 1473/112/1473 594/121/594 595/122/595
f 589/123/589 1472/113/1472 595/122/595 71/124/71
f 588/125/588 1469/109/1469 1472/113/1472 589/123/589
f 587/115/587 1466/106/1466 1469/109/1469 588/125/588
f 1476/126/1476 1477/127/1477 1475/128/1475 1491/129/1491
f 1478/130/1478 1479/131/1479 1475/128/1475 1477/127/1477
f 1480/132/1480 1481/133/1481 1475/128/1475 1479/131/1479
f 1482/134/1482 1483/135/1483 1475/128/1475 1481/133/1481
f 1484/136/1484 1485/137/1485 1475/128/1475 1483/135/1483
f 1486/138/1486 1487/139/1487 1475/128/1475 1485/137/1485
f 1488/140/1488 1489/141/1489 1475/128/1475 1487/139/1487
f 1490/142/1490 1491/129/1491 1475/128/1475 1489/141/1489
f 62/143/62 542/144/542 1476/126/1476 556/145/556
f 542/144/542 543/146/543 1477/127/1477 1476/126/1476
f 556/145/556 1476/126/1476 1491/129/1491 555/147/555
f 60/148/60 608/149/608 1478/130/1478 544/150/544
f 608/149/608 609/151/609 1479/131/1479 1478/130/1478
f 544/150/544 1478/130/1478 1477/127/1477 543/146/543
f 74/152/74 599/153/599 1480/132/1480 610/154/610
f 599/153/599 600/155/600 1481/133/1481 1480/132/1480
f 610/154/610 1480/132/1480 1479/131/1479 609/151/609
f 72/156/72 590/157/590 1482/134/1482 601/158/601
f 590/157/590 591/159/591 1483/135/1483 1482/134/1482
f 601/158/601 1482/134/1482 1481/133/1481 600/155/600
f 70/160/70 581/161/581 1484/136/1484 592/162/592
f 581/161/581 582/163/582 1485/137/1485 1484/136/1484
f 592/162/592 1484/136/1484 1483/135/1483 591/159/591
f 68/164/68 572/165/572 1486/138/1486 583/166/583
f 572/165/572 573/167/573 1487/139/1487 1486/138/1486
f 583/166/583 1486/138/1486 1485/137/1485 582/163/582
f 66/168/66 563/169/563 1488/140/1488 574/170/574
f 563/169/563 564/171/564 1489/141/1489 1488/140/1488
f 574/170/574 1488/140/1488 1487/139/1487 573/167/573
f 64/172/64 554/173/554 1490/142/1490 565/174/565
f 554/173/554 555/147/555 1491/129/1491 1490/142/1490
f 565/174/565 1490/142/1490 1489/141/1489 564/171/564
f 1492/175/1492 1493/176/1493 1496/177/1496 1495/178/1495
f 1493/176/1493 1494/179/1494 1497/180/1497 1496/177/1496
f 1495/178/1495 1496/177/1496 1499/181/1499 1498/182/1498
f 1496/177/1496 1497/180/1497 1500/183/1500 1499/181/1499
f 71/124/71 595/122/595 1492/175/1492 596/184/596
f 595/122/595 594/121/594 1493/176/1493 1492/175/1492
f 594/121/594 593/120/593 1494/179/1494 1493/176/1493
f 593/120/593 72/119/72 601/185/601 1494/179/1494
f 1494/179/1494 601/185/601 600/186/600 1497/180/1497
f 1497/180/1497 600/186/600 599/187/599 1500/183/1500
f 1500/183/1500 599/187/599 74/188/74 602/189/602
f 1499/181/1499 1500/183/1500 602/189/602 603/190/603
f 1498/182/1498 1499/181/1499 603/190/603 604/191/604
f 598/192/598 1498/182/1498 604/191/604 73/193/73
f 597/194/597 1495/178/1495 1498/182/1498 598/192/598
f 596/184/596 1492/175/1492 1495/178/1495 597/194/597
f 1501/195/1501 1502/196/1502 1505/197/1505 1504/198/1504
f 1502/196/1502 1503/199/1503 1506/200/1506 1505/197/1505
f 1504/198/1504 1505/197/1505 1508/201/1508 1507/202/1507
f 1505/197/1505 1506/200/1506 1509/203/1509 1508/201/1508
f 73/193/73 604/191/604 1501/195/1501 605/204/605
f 604/191/604 603/190/603 1502/196/1502 1501/195/1501
f 603/190/603 602/189/602 1503/199/1503 1502/196/1502
f 602/189/602 74/188/74 610/205/610 1503/199/1503
f 1503/199/1503 610/205/610 609/206/609 1506/200/1506
f 1506/200/1506 609/206/609 608/207/608 1509/203/1509
f 1509/203/1509 608/207/608 60/208/60 547/209/547
f 1508/201/1508 1509/203/1509 547/209/547 546/210/546
f 1507/202/1507 1508/201/1508 546/210/546 545/211/545
f 607/212/607 1507/202/1507 545/211/545 59/213/59
f 606/214/606 1504/198/1504 1507/202/1507 607/212/607
f 605/204/605 1501/195/1501 1504/198/1504 606/214/606
f 1511/215/1511 1512/216/1512 1510/217/1510 1526/218/1526
f 1513/219/1513 1514/220/1514 1510/217/1510 1512/216/1512
f 1515/221/1515 1516/222/1516 1510/217/1510 1514/220/1514
f 1517/223/1517 1518/224/1518 1510/217/1510 1516/222/1516
f 1519/225/1519 1520/226/1520 1510/217/1510 1518/224/1518
f 1521/227/1521 1522/228/1522 1510/217/1510 1520/226/1520
f 1523/229/1523 1524/230/1524 1510/217/1510 1522/228/1522
f 1525/231/1525 1526/218/1526 1510/217/1510 1524/230/1524
f 59/232/59 539/233/539 1511/215/1511 607/234/607
f 539/233/539 540/235/540 1512/216/1512 1511/215/1511
f 607/234/607 1511/215/1511 1526/218/1526 606/236/606
f 61/237/61 551/238/551 1513/219/1513 541/239/541
f 551/238/551 552/240/552 1514/220/1514 1513/219/1513
f 541/239/541 1513/219/1513 1512/216/1512 540/235/540
f 63/241/63 560/242/560 1515/221/1515 553/243/553
f 560/242/560 561/244/561 1516/222/1516 1515/221/1515
f 553/243/553 1515/221/1515 1514/220/1514 552/240/552
f 65/245/65 569/246/569 1517/223/1517 562/247/562
f 569/246/569 570/248/570 1518/224/1518 1517/223/1517
f 562/247/562 1517/223/1517 1516/222/1516 561/244/561
f 67/249/67 578/250/578 1519/225/1519 571/251/571
f 578/250/578 579/252/579 1520/226/1520 1519/225/1519
f 571/251/571 1519/225/1519 1518/224/1518 570/248/570
f 69/253/69 587/254/587 1521/227/1521 580/255/580
f 587/254/587 588/256/588 1522/228/1522 1521/227/1521
f 580/255/580 1521/227/1521 1520/226/1520 579/252/579
f 71/257/71 596/258/596 1523/229/1523 589/259/589
f 596/258/596 597/260/597 1524/230/1524 1523/229/1523
f 589/259/589 1523/229/1523 1522/228/1522 588/256/588
f 73/261/73 605/262/605 1525/231/1525 598/263/598
f 605/262/605 606/236/606 1526/218/1526 1525/231/1525
f 598/263/598 1525/231/1525 1524/230/1524 597/260/597
f 1527/1/1527 1528/2/1528 1531/3/1531 1530/4/1530
f 1528/2/1528 1529/5/1529 1532/6/1532 1531/3/1531
f 1530/4/1530 1531/3/1531 1534/7/1534 1533/8/1533
f 1531/3/1531 1532/6/1532 1535/9/1535 1534/7/1534
f 75/10/75 617/11/617 1527/1/1527 611/12/611
f 617/11/617 618/13/618 1528/2/1528 1527/1/1527
f 618/13/618 619/14/619 1529/5/1529 1528/2/1528
f 619/14/619 76/15/76 616/16/616 1529/5/1529
f 1529/5/1529 616/16/616 615/17/615 1532/6/1532
f 1532/6/1532 615/17/615 614/18/614 1535/9/1535
f 1535/9/1535 614/18/614 78/19/78 620/20/620
f 1534/7/1534 1535/9/1535 620/20/620 621/21/621
f 1533/8/1533 1534/7/1534 621/21/621 622/22/622
f 613/23/613 1533/8/1533 622/22/622 77/24/77
f 612/25/612 1530/4/1530 1533/8/1533 613/23/613
f 611/12/611 1527/1/1527 1530/4/1530 612/25/612
f 1536/26/1536 1537/27/1537 1540/28/1540 1539/29/1539
f 1537/27/1537 1538/30/1538 1541/31/1541 1540/28/1540
f 1539/29/1539 1540/28/1540 1543/32/1543 1542/33/1542
f 1540/28/1540 1541/31/1541 1544/34/1544 1543/32/1543
f 77/24/77 622/22/622 1536/26/1536 623/35/623
f 622/22/622 621/21/621 1537/27/1537 1536/26/1536
f 621/21/621 620/20/620 1538/30/1538 1537/27/1537
f 620/20/620 78/19/78 628/36/628 1538/30/1538
f 1538/30/1538 628/36/628 627/37/627 1541/31/1541
f 1541/31/1541 627/37/627 626/38/626 1544/34/1544
f 1544/34/1544 626/38/626 80/39/80 629/40/629
f 1543/32/1543 1544/34/1544 629/40/629 630/41/630
f 1542/33/1542 1543/32/1543 630/41/630 631/42/631
f 625/43/625 1542/33/1542 631/42/631 79/44/79
f 624/45/624 1539/29/1539 1542/33/1542 625/43/625
f 623/35/623 1536/26/1536 1539/29/1539 624/45/624
f 1545/46/1545 1546/47/1546 1549/48/1549 1548/49/1548
f 1546/47/1546 1547/50/1547 1550/51/1550 1549/48/1549
f 1548/49/1548 1549/48/1549 1552/52/1552 1551/53/1551
f 1549/48/1549 1550/51/1550 1553/54/1553 1552/52/1552
f 79/44/79 631/42/631 1545/46/1545 632/55/632
f 631/42/631 630/41/630 1546/47/1546 1545/46/1545
f 630/41/630 629/40/629 1547/50/1547 1546/47/1546
f 629/40/629 80/39/80 637/56/637 1547/50/1547
f 1547/50/1547 637/56/637 636/57/636 1550/51/1550
f 1550/51/1550 636/57/636 635/58/635 1553/54/1553
f 1553/54/1553 635/58/635 82/59/82 638/60/638
f 1552/52/1552 1553/54/1553 638/60/638 639/61/639
f 1551/53/1551 1552/52/1552 639/61/639 640/62/640
f 634/63/634 1551/53/1551 640/62/640 81/64/81
f 633/65/633 1548/49/1548 1551/53/1551 634/63/634
f 632/55/632 1545/46/1545 1548/49/1548 633/65/633
f 1554/66/1554 1555/67/1555 1558/68/1558 1557/69/1557
f 1555/67/1555 1556/70/1556 1559/71/1559 1558/68/1558
f 1557/69/1557 1558/68/1558 1561/72/1561 1560/73/1560
f 1558/68/1558 1559/71/1559 1562/74/1562 1561/72/1561
f 81/64/81 640/62/640 1554/66/1554 641/75/641
f 640/62/640 639/61/639 1555/67/1555 1554/66/1554
f 639/61/639 638/60/638 1556/70/1556 1555/67/1555
f 638/60/638 82/59/82 646/76/646 1556/70/1556
f 1556/70/1556 646/76/646 645/77/645 1559/71/1559
f 1559/71/1559 645/77/645 644/78/644 1562/74/1562
f 1562/74/1562 644/78/644 84/79/84 647/80/647
f 1561/72/1561 1562/74/1562 647/80/647 648/81/648
f 1560/73/1560 1561/72/1561 648/81/648 649/82/649
f 643/83/643 1560/73/1560 649/82/649 83/84/83
f 642/85/642 1557/69/1557 1560/73/1560 643/83/643
f 641/75/641 1554/66/1554 1557/69/1557 642/85/642
f 1563/86/1563 1564/87/1564 1567/88/1567 1566/89/1566
f 1564/87/1564 1565/90/1565 1568/91/1568 1567/88/1567
f 1566/89/1566 1567/88/1567 1570/92/1570 1569/93/1569
f 1567/88/1567 1568/91/1568 1571/94/1571 1570/92/1570
f 83/84/83 649/82/649 1563/86/1563 650/95/650
f 649/82/649 648/81/648 1564/87/1564 1563/86/1563
f 648/81/648 647/80/647 1565/90/1565 1564/87/1564
f 647/80/647 84/79/84 655/96/655 1565/90/1565
f 1565/90/1565 655/96/655 654/97/654 1568/91/1568
f 1568/91/1568 654/97/654 653/98/653 1571/94/1571
f 1571/94/1571 653/98/653 86/99/86 656/100/656
f 1570/92/1570 1571/94/1571 656/100/656 657/101/657
f 1569/93/1569 1570/92/1570 657/101/657 658/102/658
f 652/103/652 1569/93/1569 658/102/658 85/104/85
f 651/105/651 1566/89/1566 1569/93/1569 652/103/652
f 650/95/650 1563/86/1563 1566/89/1566 651/105/651
f 1572/106/1572 1573/107/1573 1576/108/1576 1575/109/1575
f 1573/107/1573 1574/110/1574 1577/111/1577 1576/108/1576
f 1575/109/1575 1576/108/1576 1579/112/1579 1578/113/1578
f 1576/108/1576 1577/111/1577 1580/114/1580 1579/112/1579
f 85/104/85 658/102/658 1572/106/1572 659/115/659
f 658/102/658 657/101/657 1573/107/1573 1572/106/1572
f 657/101/657 656/100/656 1574/110/1574 1573/107/1573
f 656/100/656 86/99/86 664/116/664 1574/110/1574
f 1574/110/1574 664/116/664 663/117/663 1577/111/1577
f 1577/111/1577 663/117/663 662/118/662 1580/114/1580
f 1580/114/1580 662/118/662 88/119/88 665/120/665
f 1579/112/1579 1580/114/1580 665/120/665 666/121/666
f 1578/113/1578 1579/112/1579 666/121/666 667/122/667
f 661/123/661 1578/113/1578 667/122/667 87/124/87
f 660/125/660 1575/109/1575 1578/113/1578 661/123/661
f 659/115/659 1572/106/1572 1575/109/1575 660/125/660
f 1582/126/1582 1583/127/1583 1581/128/1581 1597/129/1597
f 1584/130/1584 1585/131/1585 1581/128/1581 1583/127/1583
f 1586/132/1586 1587/133/1587 1581/128/1581 1585/131/1585
f 1588/134/1588 1589/135/1589 1581/128/1581 1587/133/1587
f 1590/136/1590 1591/137/1591 1581/128/1581 1589/135/1589
f 1592/138/1592 1593/139/1593 1581/128/1581 1591/137/1591
f 1594/140/1594 1595/141/1595 1581/128/1581 1593/139/1593
f 1596/142/1596 1597/129/1597 1581/128/1581 1595/141/1595
f 78/143/78 614/144/614 1582/126/1582 628/145/628
f 614/144/614 615/146/615 1583/127/1583 1582/126/1582
f 628/145/628 1582/126/1582 1597/129/1597 627/147/627
f 76/148/76 680/149/680 1584/130/1584 616/150/616
f 680/149/680 681/151/681 1585/131/1585 1584/130/1584
f 616/150/616 1584/130/1584 1583/127/1583 615/146/615
f 90/152/90 671/153/671 1586/132/1586 682/154/682
f 671/153/671 672/155/672 1587/133/1587 1586/132/1586
f 682/154/682 1586/132/1586 1585/131/1585 681/151/681
f 88/156/88 662/157/662 1588/134/1588 673/158/673
f 662/157/662 663/159/663 1589/135/1589 1588/134/1588
f 673/158/673 1588/134/1588 1587/133/1587 672/155/672
f 86/160/86 653/161/653 1590/136/1590 664/162/664
f 653/161/653 654/163/654 1591/137/1591 1590/136/1590
f 664/162/664 1590/136/1590 1589/135/1589 663/159/663
f 84/164/84 644/165/644 1592/138/1592 655/166/655
f 644/165/644 645/167/645 1593/139/1593 1592/138/1592
f 655/166/655 1592/138/1592 1591/137/1591 654/163/654
f 82/168/82 635/169/635 1594/140/1594 646/170/646
f 635/169/635 636/171/636 1595/141/1595 1594/140/1594
f 646/170/646 1594/140/1594 1593/139/1593 645/167/645
f 80/172/80 626/173/626 1596/142/1596 637/174/637
f 626/173/626 627/147/627 1597/129/1597 1596/142/1596
f 637/174/637 1596/142/1596 1595/141/1595 636/171/636
f 1598/175/1598 1599/176/1599 1602/177/1602 1601/178/1601
f 1599/176/1599 1600/179/1600 1603/180/1603 1602/177/1602
f 1601/178/1601 1602/177/1602 1605/181/1605 1604/182/1604
f 1602/177/1602 1603/180/1603 1606/183/1606 1605/181/1605
f 87/124/87 667/122/667 1598/175/1598 668/184/668
f 667/122/667 666/121/666 1599/176/1599 1598/175/1598
f 666/121/666 665/120/665 1600/179/1600 1599/176/1599
f 665/120/665 88/119/88 673/185/673 1600/179/1600
f 1600/179/1600 673/185/673 672/186/672 1603/180/1603
f 1603/180/1603 672/186/672 671/187/671 1606/183/1606
f 1606/183/1606 671/187/671 90/188/90 674/189/674
f 1605/181/1605 1606/183/1606 674/189/674 675/190/675
f 1604/182/1604 1605/181/1605 675/190/675 676/191/676
f 670/192/670 1604/182/1604 676/191/676 89/193/89
f 669/194/669 1601/178/1601 1604/182/1604 670/192/670
f 668/184/668 1598/175/1598 1601/178/1601 669/194/669
f 1607/195/1607 1608/196/1608 1611/197/1611 1610/198/1610
f 1608/196/1608 1609/199/1609 1612/200/1612 1611/197/1611
f 1610/198/1610 1611/197/1611 1614/201/1614 1613/202/1613
f 1611/197/1611 1612/200/1612 1615/203/1615 1614/201/1614
f 89/193/89 676/191/676 1607/195/1607 677/204/677
f 676/191/676 675/190/675 1608/196/1608 1607/195/1607
f 675/190/675 674/189/674 1609/199/1609 1608/196/1608
f 674/189/674 90/188/90 682/205/682 1609/199/1609
f 1609/199/1609 682/205/682 681/206/681 1612/200/1612
f 1612/200/1612 681/206/681 680/207/680 1615/203/1615
f 1615/203/1615 680/207/680 76/208/76 619/209/619
f 1614/201/1614 1615/203/1615 619/209/619 618/210/618
f 1613/202/1613 1614/201/1614 618/210/618 617/211/617
f 679/212/679 1613/202/1613 617/211/617 75/213/75
f 678/214/678 1610/198/1610 1613/202/1613 679/212/679
f 677/204/677 1607/195/1607 1610/198/1610 678/214/678
f 1617/215/1617 1618/216/1618 1616/217/1616 1632/218/1632
f 1619/219/1619 1620/220/1620 1616/217/1616 1618/216/1618
f 1621/221/1621 1622/222/1622 1616/217/1616 1620/220/1620
f 1623/223/1623 1624/224/1624 1616/217/1616 1622/222/1622
f 1625/225/1625 1626/226/1626 1616/217/1616 1624/224/1624
f 1627/227/1627 1628/228/1628 1616/217/1616 1626/226/1626
f 1629/229/1629 1630/230/1630 1616/217/1616 1628/228/1628
f 1631/231/1631 1632/218/1632 1616/217/1616 1630/230/1630
f 75/232/75 611/233/611 1617/215/1617 679/234/679
f 611/233/611 612/235/612 1618/216/1618 1617/215/1617
f 679/234/679 1617/215/1617 1632/218/1632 678/236/678
f 77/237/77 623/238/623 1619/219/1619 613/239/613
f 623/238/623 624/240/624 1620/220/1620 1619/219/1619
f 613/239/613 1619/219/1619 1618/216/1618 612/235/612
f 79/241/79 632/242/632 1621/221/1621 625/243/625
f 632/242/632 633/244/633 1622/222/1622 1621/221/1621
f 625/243/625 1621/221/1621 1620/220/1620 624/240/624
f 81/245/81 641/246/641 1623/223/1623 634/247/634
f 641/246/641 642/248/642 1624/224/1624 1623/223/1623
f 634/247/634 1623/223/1623 1622/222/1622 633/244/633
f 83/249/83 650/250/650 1625/225/1625 643/251/643
f 650/250/650 651/252/651 1626/226/1626 1625/225/1625
f 643/251/643 1625/225/1625 1624/224/1624 642/248/642
f 85/253/85 659/254/659 1627/227/1627 652/255/652
f 659/254/659 660/256/660 1628/228/1628 1627/227/1627
f 652/255/652 1627/227/1627 1626/226/1626 651/252/651
f 87/257/87 668/258/668 1629/229/1629 661/259/661
f 668/258/668 669/260/669 1630/230/1630 1629/229/1629
f 661/259/661 1629/229/1629 1628/228/1628 660/256/660
f 89/261/89 677/262/677 1631/231/1631 670/263/670
f 677/262/677 678/236/678 1632/218/1632 1631/231/1631
f 670/263/670 1631/231/1631 1630/230/1630 669/260/669
f 1633/1/1633 1634/2/1634 1637/3/1637 1636/4/1636
f 1634/2/1634 1635/5/1635 1638/6/1638 1637/3/1637
f 1636/4/1636 1637/3/1637 1640/7/1640 1639/8/1639
f 1637/3/1637 1638/6/1638 1641/9/1641 1640/7/1640
f 91/10/91 689/11/689 1633/1/1633 683/12/683
f 689/11/689 690/13/690 1634/2/1634 1633/1/1633
f 690/13/690 691/14/691 1635/5/1635 1634/2/1634
f 691/14/691 92/15/92 688/16/688 1635/5/1635
f 1635/5/1635 688/16/688 687/17/687 1638/6/1638
f 1638/6/1638 687/17/687 686/18/686 1641/9/1641
f 1641/9/1641 686/18/686 94/19/94 692/20/692
f 1640/7/1640 1641/9/1641 692/20/692 693/21/693
f 1639/8/1639 1640/7/1640 693/21/693 694/22/694
f 685/23/685 1639/8/1639 694/22/694 93/24/93
f 684/25/684 1636/4/1636 1639/8/1639 685/23/685
f 683/12/683 1633/1/1633 1636/4/1636 684/25/684
f 1642/26/1642 1643/27/1643 1646/28/1646 1645/29/1645
f 1643/27/1643 1644/30/1644 1647/31/1647 1646/28/1646
f 1645/29/1645 1646/28/1646 1649/32/1649 1648/33/1648
f 1646/28/1646 1647/31/1647 1650/34/1650 1649/32/1649
f 93/24/93 694/22/694 1642/26/1642 695/35/695
f 694/22/694 693/21/693 1643/27/1643 1642/26/1642
f 693/21/693 692/20/692 1644/30/1644 1643/27/1643
f 692/20/692 94/19/94 700/36/700 1644/30/1644
f 1644/30/1644 700/36/700 699/37/699 1647/31/1647
f 1647/31/1647 699/37/699 698/38/698 1650/34/1650
f 1650/34/1650 698/38/698 96/39/96 701/40/701
f 1649/32/1649 1650/34/1650 701/40/701 702/41/702
f 1648/33/1648 1649/32/1649 702/41/702 703/42/703
f 697/43/697 1648/33/1648 703/42/703 95/44/95
f 696/45/696 1645/29/1645 1648/33/1648 697/43/697
f 695/35/695 1642/26/1642 1645/29/1645 696/45/696
f 1651/46/1651 1652/47/1652 1655/48/1655 1654/49/1654
f 1652/47/1652 1653/50/1653 1656/51/1656 1655/48/1655
f 1654/49/1654 1655/48/1655 1658/52/1658 1657/53/1657
f 1655/48/1655 1656/51/1656 1659/54/1659 1658/52/1658
f 95/44/95 703/42/703 1651/46/1651 704/55/704
f 703/42/703 702/41/702 1652/47/1652 1651/46/1651
f 702/41/702 701/40/701 1653/50/1653 1652/47/1652
f 701/40/701 96/39/96 709/56/709 1653/50/1653
f 1653/50/1653 709/56/709 708/57/708 1656/51/1656
f 1656/51/1656 708/57/708 707/58/707 1659/54/1659
f 1659/54/1659 707/58/707 98/59/98 710/60/710
f 1658/52/1658 1659/54/1659 710/60/710 711/61/711
f 1657/53/1657 1658/52/1658 711/61/711 712/62/712
f 706/63/706 1657/53/1657 712/62/712 97/64/97
f 705/65/705 1654/49/1654 1657/53/1657 706/63/706
f 704/55/704 1651/46/1651 1654/49/1654 705/65/705
f 1660/66/1660 1661/67/1661 1664/68/1664 1663/69/1663
f 1661/67/1661 1662/70/1662 1665/71/1665 1664/68/1664
f 1663/69/1663 1664/68/1664 1667/72/1667 1666/73/1666
f 1664/68/1664 1665/71/1665 1668/74/1668 1667/72/1667
f 97/64/97 712/62/712 1660/66/1660 713/75/713
f 712/62/712 711/61/711 1661/67/1661 1660/66/1660
f 711/61/711 710/60/710 1662/70/1662 1661/67/1661
f 710/60/710 98/59/98 718/76/718 1662/70/1662
f 1662/70/1662 718/76/718 717/77/717 1665/71/1665
f 1665/71/1665 717/77/717 716/78/716 1668/74/1668
f 1668/74/1668 716/78/716 100/79/100 719/80/719
f 1667/72/1667 1668/74/1668 719/80/719 720/81/720
f 1666/73/1666 1667/72/1667 720/81/720 721/82/721
f 715/83/715 1666/73/1666 721/82/721 99/84/99
f 714/85/714 1663/69/1663 1666/73/1666 715/83/715
f 713/75/713 1660/66/1660 1663/69/1663 714/85/714
f 1669/86/1669 1670/87/1670 1673/88/1673 1672/89/1672
f 1670/87/1670 1671/90/1671 1674/91/1674 1673/88/1673
f 1672/89/1672 1673/88/1673 1676/92/1676 1675/93/1675
f 1673/88/1673 1674/91/1674 1677/94/1677 1676/92/1676
f 99/84/99 721/82/721 1669/86/1669 722/95/722
f 721/82/721 720/81/720 1670/87/1670 1669/86/1669
f 720/81/720 719/80/719 1671/90/1671 1670/87/1670
f 719/80/719 100/79/100 727/96/727 1671/90/1671
f 1671/90/1671 727/96/727 726/97/726 1674/91/1674
f 1674/91/1674 726/97/726 725/98/725 1677/94/1677
f 1677/94/1677 725/98/725 102/99/102 728/100/728
f 1676/92/1676 1677/94/1677 728/100/728 729/101/729
f 1675/93/1675 1676/92/1676 729/101/729 730/102/730
f 724/103/724 1675/93/1675 730/102/730 101/104/101
f 723/105/723 1672/89/1672 1675/93/1675 724/103/724
f 722/95/722 1669/86/1669 1672/89/1672 723/105/723
f 1678/106/1678 1679/107/1679 1682/108/1682 1681/109/1681
f 1679/107/1679 1680/110/1680 1683/111/1683 1682/108/1682
f 1681/109/1681 1682/108/1682 1685/112/1685 1684/113/1684
f 1682/108/1682 1683/111/1683 1686/114/1686 1685/112/1685
f 101/104/101 730/102/730 1678/106/1678 731/115/731
f 730/102/730 729/101/729 1679/107/1679 1678/106/1678
f 729/101/729 728/100/728 1680/110/1680 1679/107/1679
f 728/100/728 102/99/102 736/116/736 1680/110/1680
f 1680/110/1680 736/116/736 735/117/735 1683/111/1683
f 1683/111/1683 735/117/735 734/118/734 1686/114/1686
f 1686/114/1686 734/118/734 104/119/104 737/120/737
f 1685/112/1685 1686/114/1686 737/120/737 738/121/738
f 1684/113/1684 1685/112/1685 738/121/738 739/122/739
f 733/123/733 1684/113/1684 739/122/739 103/124/103
f 732/125/732 1681/109/1681 1684/113/1684 733/123/733
f 731/115/731 1678/106/1678 1681/109/1681 732/125/732
f 1688/126/1688 1689/127/1689 1687/128/1687 1703/129/1703
f 1690/130/1690 1691/131/1691 1687/128/1687 1689/127/1689
f 1692/132/1692 1693/133/1693 1687/128/1687 1691/131/1691
f 1694/134/1694 1695/135/1695 1687/128/1687 1693/133/1693
f 1696/136/1696 1697/137/1697 1687/128/1687 1695/135/1695
f 1698/138/1698 1699/139/1699 1687/128/1687 1697/137/1697
f 1700/140/1700 1701/141/1701 1687/128/1687 1699/139/1699
f 1702/142/1702 1703/129/1703 1687/128/1687 1701/141/1701
f 94/143/94 686/144/686 1688/126/1688 700/145/700
f 686/144/686 687/146/687 1689/127/1689 1688/126/1688
f 700/145/700 1688/126/1688 1703/129/1703 699/147/699
f 92/148/92 752/149/752 1690/130/1690 688/150/688
f 752/149/752 753/151/753 1691/131/1691 1690/130/1690
f 688/150/688 1690/130/1690 1689/127/1689 687/146/687
f 106/152/106 743/153/743 1692/132/1692 754/154/754
f 743/153/743 744/155/744 1693/133/1693 1692/132/1692
f 754/154/754 1692/132/1692 1691/131/1691 753/151/753
f 104/156/104 734/157/734 1694/134/1694 745/158/745
f 734/157/734 735/159/735 1695/135/1695 1694/134/1694
f 745/158/745 1694/134/1694 1693/133/1693 744/155/744
f 102/160/102 725/161/725 1696/136/1696 736/162/736
f 725/161/725 726/163/726 1697/137/1697 1696/136/1696
f 736/162/736 1696/136/1696 1695/135/1695 735/159/735
f 100/164/100 716/165/716 1698/138/1698 727/166/727
f 716/165/716 717/167/717 1699/139/1699 1698/138/1698
f 727/166/727 1698/138/1698 1697/137/1697 726/163/726
f 98/168/98 707/169/707 1700/140/1700 718/170/718
f 707/169/707 708/171/708 1701/141/1701 1700/140/1700
f 718/170/718 1700/140/1700 1699/139/1699 717/167/717
f 96/172/96 698/173/698 1702/142/1702 709/174/709
f 698/173/698 699/147/699 1703/129/1703 1702/142/1702
f 709/174/709 1702/142/1702 1701/141/1701 708/171/708
f 1704/175/1704 1705/176/1705 1708/177/1708 1707/178/1707
f 1705/176/1705 1706/179/1706 1709/180/1709 1708/177/1708
f 1707/178/1707 1708/177/1708 1711/181/1711 1710/182/1710
f 1708/177/1708 1709/180/1709 1712/183/1712 1711/181/1711
f 103/124/103 739/122/739 1704/175/1704 740/184/740
f 739/122/739 738/121/738 1705/176/1705 1704/175/1704
f 738/121/738 737/120/737 1706/179/1706 1705/176/1705
f 737/120/737 104/119/104 745/185/745 1706/179/1706
f 1706/179/1706 745/185/745 744/186/744 1709/180/1709
f 1709/180/1709 744/186/744 743/187/743 1712/183/1712
f 1712/183/1712 743/187/743 106/188/106 746/189/746
f 1711/181/1711 1712/183/1712 746/189/746 747/190/747
f 1710/182/1710 1711/181/1711 747/190/747 748/191/748
f 742/192/742 1710/182/1710 748/191/748 105/193/105
f 741/194/741 1707/178/1707 1710/182/1710 742/192/742
f 740/184/740 1704/175/1704 1707/178/1707 741/194/741
f 1713/195/1713 1714/196/1714 1717/197/1717 1716/198/1716
f 1714/196/1714 1715/199/1715 1718/200/1718 1717/197/1717
f 1716/198/1716 1717/197/1717 1720/201/1720 1719/202/1719
f 1717/197/1717 1718/200/1718 1721/203/1721 1720/201/1720
f 105/193/105 748/191/748 1713/195/1713 749/204/749
f 748/191/748 747/190/747 1714/196/1714 1713/195/1713
f 747/190/747 746/189/746 1715/199/1715 1714/196/1714
f 746/189/746 106/188/106 754/205/754 1715/199/1715
f 1715/199/1715 754/205/754 753/206/753 1718/200/1718
f 1718/200/1718 753/206/753 752/207/752 1721/203/1721
f 1721/203/1721 752/207/752 92/208/92 691/209/691
f 1720/201/1720 1721/203/1721 691/209/691 690/210/690
f 1719/202/1719 1720/201/1720 690/210/690 689/211/689
f 751/212/751 1719/202/1719 689/211/689 91/213/91
f 750/214/750 1716/198/1716 1719/202/1719 751/212/751
f 749/204/749 1713/195/1713 1716/198/1716 750/214/750
f 1723/215/1723 1724/216/1724 1722/217/1722 1738/218/1738
f 1725/219/1725 1726/220/1726 1722/217/1722 1724/216/1724
f 1727/221/1727 1728/222/1728 1722/217/1722 1726/220/1726
f 1729/223/1729 1730/224/1730 1722/217/1722 1728/222/1728
f 1731/225/1731 1732/226/1732 1722/217/1722 1730/224/1730
f 1733/227/1733 1734/228/1734 1722/217/1722 1732/226/1732
f 1735/229/1735 1736/230/1736 1722/217/1722 1734/228/1734
f 1737/231/1737 1738/218/1738 1722/217/1722 1736/230/1736
f 91/232/91 683/233/683 1723/215/1723 751/234/751
f 683/233/683 684/235/684 1724/216/1724 1723/215/1723
f 751/234/751 1723/215/1723 1738/218/1738 750/236/750
f 93/237/93 695/238/695 1725/219/1725 685/239/685
f 695/238/695 696/240/696 1726/220/1726 1725/219/1725
f 685/239/685 1725/219/1725 1724/216/1724 684/235/684
f 95/241/95 704/242/704 1727/221/1727 697/243/697
f 704/242/704 705/244/705 1728/222/1728 1727/221/1727
f 697/243/697 1727/221/1727 1726/220/1726 696/240/696
f 97/245/97 713/246/713 1729/223/1729 706/247/706
f 713/246/713 714/248/714 1730/224/1730 1729/223/1729
f 706/247/706 1729/223/1729 1728/222/1728 705/244/705
f 99/249/99 722/250/722 1731/225/1731 715/251/715
f 722/250/722 723/252/723 1732/226/1732 1731/225/1731
f 715/251/715 1731/225/1731 1730/224/1730 714/248/714
f 101/253/101 731/254/731 1733/227/1733 724/255/724
f 731/254/731 732/256/732 1734/228/1734 1733/227/1733
f 724/255/724 1733/227/1733 1732/226/1732 723/252/723
f 103/257/103 740/258/740 1735/229/1735 733/259/733
f 740/258/740 741/260/741 1736/230/1736 1735/229/1735
f 733/259/733 1735/229/1735 1734/228/1734 732/256/732
f 105/261/105 749/262/749 1737/231/1737 742/263/742
f 749/262/749 750/236/750 1738/218/1738 1737/231/1737
f 742/263/742 1737/231/1737 1736/230/1736 741/260/741
