# Blender 5.2.1 LTS
# www.blender.org
mtllib knife_energy_smooth.mtl
o knife_energy_smooth
v 11.000000 2.900000 -0.194000
v 11.000000 7.200000 -0.094000
v 11.525028 2.900001 -0.097000
v 11.254395 7.200000 -0.047000
v 11.525028 2.900001 0.097000
v 11.254395 7.200000 0.047000
v 11.000000 2.900001 0.194000
v 11.000000 7.200000 0.094000
v 10.474972 2.900001 0.097000
v 10.745605 7.200000 0.047000
v 10.474972 2.900001 -0.097000
v 10.745605 7.200000 -0.047000
v 11.000000 -1.340759 -0.000000
v 11.572198 -0.903642 0.415722
v 10.781443 -0.903642 0.672657
v 10.292725 -0.903640 -0.000000
v 10.781443 -0.903643 -0.672657
v 11.572198 -0.903642 -0.415722
v 11.218557 -0.196359 0.672657
v 10.427802 -0.196359 0.415722
v 10.427802 -0.196359 -0.415722
v 11.218557 -0.196359 -0.672657
v 11.707275 -0.196361 -0.000000
v 11.000000 0.240758 0.000000
v 10.872287 -1.218731 0.393064
v 11.334362 -1.218731 0.242926
v 11.206650 -0.963301 0.635993
v 11.668725 -0.963300 -0.000000
v 11.334362 -1.218731 -0.242926
v 10.586706 -1.218729 0.000000
v 10.458990 -0.963299 0.393065
v 10.872287 -1.218731 -0.393064
v 10.458990 -0.963300 -0.393065
v 11.206650 -0.963301 -0.635993
v 11.747660 -0.550002 0.242927
v 11.747660 -0.550001 -0.242927
v 11.000000 -0.550001 0.786134
v 11.462079 -0.550001 0.635995
v 10.252340 -0.550001 0.242927
v 10.537921 -0.550001 0.635995
v 10.537921 -0.550001 -0.635995
v 10.252340 -0.550001 -0.242927
v 11.462079 -0.550001 -0.635995
v 11.000000 -0.550001 -0.786134
v 11.541010 -0.136703 0.393065
v 10.793350 -0.136701 0.635993
v 10.331275 -0.136703 -0.000000
v 10.793350 -0.136702 -0.635993
v 11.541010 -0.136702 -0.393065
v 11.127713 0.118728 0.393064
v 11.413294 0.118727 -0.000000
v 10.665638 0.118728 0.242926
v 10.665638 0.118728 -0.242926
v 11.127713 0.118728 -0.393064
v 10.350000 0.250000 -0.294281
v 11.650000 0.250000 -0.294281
v 10.350000 0.041912 -0.208088
v 11.650000 0.041913 -0.208088
v 10.350000 -0.044281 0.000000
v 11.650000 -0.044281 -0.000000
v 10.350000 0.041912 0.208088
v 11.650000 0.041912 0.208088
v 10.350000 0.250000 0.294281
v 11.650000 0.250000 0.294281
v 10.350000 0.458088 0.208088
v 11.650000 0.458088 0.208088
v 10.350000 0.544281 -0.000000
v 11.650000 0.544281 0.000000
v 10.350000 0.458088 -0.208088
v 11.650000 0.458088 -0.208088
v 11.118752 2.586390 -0.182557
v 11.281057 2.428858 -0.155778
v 11.434683 2.586390 -0.124188
v 11.189004 7.513611 -0.052467
v 11.113165 7.671142 -0.062722
v 11.047491 7.513611 -0.078612
v 11.000000 3.774405 -0.192556
v 11.000000 5.050000 -0.168167
v 11.000000 6.325595 -0.128107
v 11.346701 6.325595 -0.064054
v 11.455114 5.050000 -0.084083
v 11.521119 3.774405 -0.096278
v 11.553434 2.586389 -0.058369
v 11.562115 2.428858 0.000000
v 11.553434 2.586390 0.058369
v 11.236495 7.513611 0.026145
v 11.226330 7.671142 -0.000000
v 11.236495 7.513611 -0.026145
v 11.346701 6.325595 0.064054
v 11.455114 5.050000 0.084083
v 11.521119 3.774405 0.096278
v 11.434683 2.586389 0.124188
v 11.281057 2.428858 0.155778
v 11.118752 2.586390 0.182557
v 11.047491 7.513611 0.078612
v 11.113165 7.671142 0.062722
v 11.189004 7.513611 0.052467
v 11.000000 6.325595 0.128107
v 11.000000 5.050000 0.168167
v 11.000000 3.774405 0.192556
v 10.881248 2.586390 0.182557
v 10.718943 2.428858 0.155778
v 10.565317 2.586389 0.124188
v 10.810996 7.513611 0.052467
v 10.886835 7.671142 0.062722
v 10.952509 7.513611 0.078612
v 10.653299 6.325595 0.064054
v 10.544886 5.050000 0.084083
v 10.478881 3.774405 0.096278
v 10.446566 2.586390 0.058369
v 10.437885 2.428858 -0.000000
v 10.446566 2.586390 -0.058369
v 10.763505 7.513611 -0.026145
v 10.773671 7.671143 0.000000
v 10.763505 7.513611 0.026145
v 10.653299 6.325595 -0.064054
v 10.544886 5.050000 -0.084083
v 10.478881 3.774405 -0.096278
v 10.565317 2.586390 -0.124188
v 10.718943 2.428858 -0.155778
v 10.881248 2.586390 -0.182557
v 10.952509 7.513611 -0.078612
v 10.886835 7.671143 -0.062722
v 10.810996 7.513611 -0.052467
v 10.908883 -1.280602 0.280431
v 10.937159 -1.313666 0.193408
v 10.965643 -1.332967 0.105741
v 11.421982 -1.140473 0.306585
v 11.479014 -1.073420 0.348021
v 11.526331 -0.999603 0.382398
v 11.077371 -0.958237 0.669385
v 10.981561 -0.947735 0.682647
v 10.888912 -0.930887 0.684089
v 11.660532 -0.958236 0.133269
v 11.643538 -0.947733 0.228488
v 11.616281 -0.930887 0.317046
v 11.421982 -1.140473 -0.306585
v 11.479014 -1.073420 -0.348021
v 11.526331 -0.999603 -0.382398
v 10.705136 -1.280601 0.000000
v 10.796638 -1.313666 0.000000
v 10.888817 -1.332965 -0.000000
v 10.387283 -0.958236 0.280432
v 10.345063 -0.947732 0.193409
v 10.315062 -0.930885 0.105742
v 10.908884 -1.280602 -0.280431
v 10.937159 -1.313667 -0.193408
v 10.965643 -1.332966 -0.105741
v 10.543954 -0.958237 -0.496068
v 10.613671 -0.947734 -0.563114
v 10.687778 -0.930887 -0.618737
v 11.330866 -0.958237 -0.587018
v 11.416173 -0.947734 -0.541431
v 11.491974 -0.930887 -0.488140
v 11.716848 -0.663369 0.306585
v 11.682379 -0.744369 0.348021
v 11.637516 -0.819702 0.382398
v 11.760151 -0.436633 -0.173316
v 11.756619 -0.355634 -0.119533
v 11.740530 -0.280301 -0.065352
v 10.929936 -0.663370 0.776503
v 10.879877 -0.744369 0.756525
v 10.833320 -0.819703 0.724480
v 11.399733 -0.436633 0.669387
v 11.347490 -0.355632 0.682649
v 11.290988 -0.280300 0.684090
v 10.239849 -0.663368 0.173315
v 10.243381 -0.744368 0.119533
v 10.259469 -0.819700 0.065352
v 10.486898 -0.436633 0.587020
v 10.458141 -0.355632 0.541432
v 10.439311 -0.280300 0.488141
v 10.600267 -0.663370 -0.669387
v 10.652510 -0.744369 -0.682649
v 10.709012 -0.819703 -0.684090
v 10.283152 -0.436633 -0.306585
v 10.317621 -0.355632 -0.348021
v 10.362484 -0.280300 -0.382398
v 11.513102 -0.663369 -0.587020
v 11.541859 -0.744368 -0.541432
v 11.560689 -0.819702 -0.488141
v 11.070064 -0.436633 -0.776503
v 11.120123 -0.355632 -0.756525
v 11.166680 -0.280299 -0.724480
v 11.456046 -0.141765 0.496068
v 11.386329 -0.152267 0.563114
v 11.312222 -0.169114 0.618737
v 10.669134 -0.141764 0.587018
v 10.583827 -0.152267 0.541431
v 10.508026 -0.169114 0.488140
v 10.339468 -0.141765 -0.133269
v 10.356462 -0.152268 -0.228488
v 10.383719 -0.169114 -0.317046
v 10.922629 -0.141764 -0.669385
v 11.018439 -0.152267 -0.682647
v 11.111088 -0.169114 -0.684089
v 11.612717 -0.141766 -0.280432
v 11.654937 -0.152269 -0.193409
v 11.684938 -0.169116 -0.105742
v 11.161180 0.040472 0.496067
v 11.182964 -0.026581 0.563113
v 11.201037 -0.100398 0.618737
v 11.294864 0.180598 -0.000000
v 11.203362 0.213665 -0.000000
v 11.111183 0.232964 0.000000
v 10.578018 0.040472 0.306585
v 10.520986 -0.026581 0.348021
v 10.473669 -0.100398 0.382398
v 10.578018 0.040472 -0.306584
v 10.520986 -0.026581 -0.348021
v 10.473669 -0.100399 -0.382398
v 11.161180 0.040472 -0.496067
v 11.182964 -0.026581 -0.563113
v 11.201037 -0.100398 -0.618737
v 10.798963 -0.999603 0.618737
v 10.817036 -1.073420 0.563113
v 10.838820 -1.140473 0.496067
v 11.089950 -1.332966 0.065352
v 11.164524 -1.313667 0.119533
v 11.238550 -1.280602 0.173315
v 11.491974 -0.930887 0.488140
v 11.416173 -0.947734 0.541431
v 11.330866 -0.958237 0.587018
v 11.616281 -0.930887 -0.317046
v 11.643538 -0.947734 -0.228488
v 11.660532 -0.958236 -0.133269
v 11.089950 -1.332966 -0.065352
v 11.164524 -1.313666 -0.119533
v 11.238550 -1.280602 -0.173315
v 10.349420 -0.999601 0.000000
v 10.407907 -1.073418 0.000000
v 10.478402 -1.140471 0.000000
v 10.687778 -0.930887 0.618737
v 10.613671 -0.947734 0.563114
v 10.543954 -0.958237 0.496068
v 10.798963 -0.999603 -0.618737
v 10.817036 -1.073420 -0.563113
v 10.838820 -1.140473 -0.496067
v 10.315062 -0.930885 -0.105742
v 10.345063 -0.947732 -0.193409
v 10.387283 -0.958236 -0.280431
v 10.888912 -0.930887 -0.684089
v 10.981561 -0.947734 -0.682647
v 11.077371 -0.958237 -0.669385
v 11.740531 -0.280301 0.065352
v 11.756619 -0.355635 0.119533
v 11.760151 -0.436634 0.173315
v 11.637516 -0.819703 -0.382398
v 11.682379 -0.744369 -0.348021
v 11.716848 -0.663369 -0.306585
v 11.166680 -0.280299 0.724480
v 11.120123 -0.355633 0.756525
v 11.070064 -0.436633 0.776503
v 11.560690 -0.819703 0.488141
v 11.541859 -0.744369 0.541432
v 11.513102 -0.663369 0.587020
v 10.362484 -0.280300 0.382398
v 10.317621 -0.355633 0.348021
v 10.283152 -0.436633 0.306585
v 10.709012 -0.819703 0.684090
v 10.652510 -0.744369 0.682649
v 10.600267 -0.663370 0.669387
v 10.439311 -0.280300 -0.488141
v 10.458141 -0.355633 -0.541432
v 10.486898 -0.436633 -0.587020
v 10.259470 -0.819701 -0.065352
v 10.243381 -0.744368 -0.119533
v 10.239849 -0.663368 -0.173315
v 11.290988 -0.280300 -0.684090
v 11.347490 -0.355632 -0.682649
v 11.399733 -0.436633 -0.669387
v 10.833320 -0.819703 -0.724480
v 10.879877 -0.744369 -0.756525
v 10.929936 -0.663370 -0.776503
v 11.684938 -0.169116 0.105742
v 11.654937 -0.152269 0.193409
v 11.612717 -0.141766 0.280431
v 11.111088 -0.169114 0.684089
v 11.018439 -0.152267 0.682647
v 10.922629 -0.141764 0.669385
v 10.383719 -0.169114 0.317046
v 10.356462 -0.152267 0.228488
v 10.339468 -0.141765 0.133269
v 10.508026 -0.169114 -0.488140
v 10.583827 -0.152267 -0.541431
v 10.669134 -0.141764 -0.587018
v 11.312222 -0.169114 -0.618737
v 11.386329 -0.152267 -0.563114
v 11.456046 -0.141765 -0.496068
v 11.034357 0.232964 0.105741
v 11.062841 0.213665 0.193408
v 11.091117 0.180600 0.280431
v 11.650580 -0.100400 -0.000000
v 11.592094 -0.026584 -0.000000
v 11.521598 0.040470 -0.000000
v 10.910050 0.232964 0.065352
v 10.835476 0.213665 0.119533
v 10.761450 0.180600 0.173315
v 10.910050 0.232964 -0.065352
v 10.835476 0.213665 -0.119533
v 10.761450 0.180600 -0.173315
v 11.034357 0.232964 -0.105741
v 11.062841 0.213665 -0.193408
v 11.091117 0.180600 -0.280431
v 11.347452 0.143169 -0.121001
v 11.288360 0.149054 -0.209505
v 11.222446 0.143169 -0.293054
v 11.464601 0.070767 -0.121001
v 11.496290 0.020546 -0.209506
v 11.520505 -0.041039 -0.293055
v 11.258647 0.070769 -0.404468
v 11.352613 0.020547 -0.407257
v 11.439557 -0.041039 -0.404469
v 10.992288 0.143170 -0.367836
v 10.889854 0.149055 -0.338986
v 10.790027 0.143170 -0.302117
v 11.028488 0.070770 -0.479251
v 10.954106 0.020548 -0.536739
v 10.882130 -0.041038 -0.585586
v 10.695252 0.070770 -0.370975
v 10.721636 0.020547 -0.461203
v 10.751155 -0.041038 -0.543029
v 10.647782 0.143170 -0.106334
v 10.643567 0.149054 0.000000
v 10.647782 0.143170 0.106334
v 10.553007 0.070769 -0.175191
v 10.475348 0.020547 -0.122216
v 10.406649 -0.041039 -0.068857
v 10.553007 0.070769 0.175191
v 10.475348 0.020547 0.122216
v 10.406649 -0.041039 0.068857
v 10.790027 0.143170 0.302117
v 10.889854 0.149055 0.338986
v 10.992288 0.143170 0.367836
v 10.695252 0.070769 0.370975
v 10.721636 0.020547 0.461203
v 10.751155 -0.041038 0.543029
v 11.028488 0.070770 0.479251
v 10.954106 0.020548 0.536739
v 10.882130 -0.041038 0.585586
v 11.222446 0.143169 0.293054
v 11.288360 0.149054 0.209505
v 11.347452 0.143168 0.121001
v 11.258647 0.070769 0.404468
v 11.352613 0.020547 0.407257
v 11.439557 -0.041039 0.404469
v 11.464601 0.070767 0.121001
v 11.496290 0.020546 0.209506
v 11.520505 -0.041040 0.293055
v 11.713891 -0.427811 -0.302118
v 11.674509 -0.335889 -0.338987
v 11.623436 -0.246901 -0.367838
v 11.691518 -0.544961 -0.370976
v 11.634799 -0.543821 -0.461206
v 11.566513 -0.544961 -0.543032
v 11.542488 -0.246900 -0.479253
v 11.530832 -0.335889 -0.536741
v 11.507938 -0.427811 -0.585589
v 10.933270 -0.427811 -0.772310
v 10.886035 -0.335889 -0.746248
v 10.842814 -0.246900 -0.706589
v 10.860869 -0.544961 -0.772310
v 10.757528 -0.543820 -0.746249
v 10.658607 -0.544960 -0.706591
v 10.711839 -0.246900 -0.664033
v 10.653563 -0.335888 -0.670713
v 10.600032 -0.427811 -0.664034
v 10.244867 -0.427811 -0.175192
v 10.255057 -0.335889 -0.122217
v 10.279419 -0.246900 -0.068857
v 10.222494 -0.544960 -0.106335
v 10.215345 -0.543820 -0.000000
v 10.222494 -0.544960 0.106335
v 10.279419 -0.246900 0.068857
v 10.255057 -0.335889 0.122217
v 10.244867 -0.427811 0.175192
v 10.600031 -0.427811 0.664034
v 10.653563 -0.335889 0.670713
v 10.711839 -0.246900 0.664033
v 10.658607 -0.544961 0.706591
v 10.757528 -0.543820 0.746249
v 10.860869 -0.544960 0.772310
v 10.842814 -0.246900 0.706589
v 10.886035 -0.335888 0.746248
v 10.933270 -0.427811 0.772310
v 11.507938 -0.427811 0.585589
v 11.530832 -0.335889 0.536741
v 11.542488 -0.246900 0.479253
v 11.566513 -0.544961 0.543032
v 11.634799 -0.543821 0.461206
v 11.691518 -0.544961 0.370976
v 11.623436 -0.246901 0.367838
v 11.674509 -0.335889 0.338987
v 11.713891 -0.427811 0.302118
v 11.341393 -0.555041 -0.706591
v 11.242472 -0.556180 -0.746249
v 11.139131 -0.555041 -0.772310
v 11.399969 -0.672191 -0.664034
v 11.346437 -0.764112 -0.670713
v 11.288161 -0.853102 -0.664033
v 11.066730 -0.672191 -0.772310
v 11.113965 -0.764112 -0.746248
v 11.157186 -0.853102 -0.706589
v 10.433487 -0.555041 -0.543032
v 10.365201 -0.556180 -0.461206
v 10.308482 -0.555041 -0.370976
v 10.492062 -0.672191 -0.585589
v 10.469168 -0.764112 -0.536741
v 10.457512 -0.853101 -0.479253
v 10.286109 -0.672190 -0.302118
v 10.325491 -0.764112 -0.338987
v 10.376564 -0.853101 -0.367838
v 10.308482 -0.555041 0.370976
v 10.365201 -0.556180 0.461206
v 10.433487 -0.555041 0.543032
v 10.286109 -0.672190 0.302118
v 10.325491 -0.764112 0.338987
v 10.376564 -0.853101 0.367838
v 10.492062 -0.672191 0.585589
v 10.469168 -0.764112 0.536741
v 10.457512 -0.853101 0.479253
v 11.139131 -0.555041 0.772310
v 11.242472 -0.556180 0.746249
v 11.341393 -0.555041 0.706591
v 11.066730 -0.672191 0.772310
v 11.113965 -0.764112 0.746248
v 11.157186 -0.853102 0.706589
v 11.399969 -0.672191 0.664034
v 11.346437 -0.764112 0.670713
v 11.288161 -0.853102 0.664033
v 11.777506 -0.555041 0.106335
v 11.784655 -0.556180 0.000000
v 11.777506 -0.555041 -0.106335
v 11.755133 -0.672191 0.175192
v 11.744943 -0.764112 0.122217
v 11.720581 -0.853101 0.068857
v 11.755133 -0.672191 -0.175192
v 11.744943 -0.764112 -0.122217
v 11.720581 -0.853101 -0.068857
v 11.304748 -1.170771 -0.370975
v 11.278364 -1.120549 -0.461203
v 11.248845 -1.058963 -0.543029
v 11.209973 -1.243172 -0.302117
v 11.110146 -1.249055 -0.338986
v 11.007712 -1.243172 -0.367836
v 11.117870 -1.058963 -0.585586
v 11.045894 -1.120549 -0.536739
v 10.971512 -1.170772 -0.479251
v 10.741353 -1.170771 -0.404468
v 10.647387 -1.120549 -0.407257
v 10.560443 -1.058962 -0.404469
v 10.777554 -1.243172 -0.293054
v 10.711640 -1.249054 -0.209505
v 10.652548 -1.243171 -0.121001
v 10.479495 -1.058962 -0.293055
v 10.503710 -1.120548 -0.209506
v 10.535399 -1.170769 -0.121001
v 10.535399 -1.170768 0.121001
v 10.503710 -1.120548 0.209506
v 10.479495 -1.058962 0.293055
v 10.652548 -1.243171 0.121001
v 10.711640 -1.249054 0.209505
v 10.777554 -1.243171 0.293054
v 10.560443 -1.058963 0.404469
v 10.647387 -1.120549 0.407257
v 10.741353 -1.170770 0.404468
v 11.593351 -1.058963 -0.068857
v 11.524652 -1.120549 -0.122216
v 11.446993 -1.170770 -0.175191
v 11.593351 -1.058962 0.068857
v 11.524652 -1.120548 0.122216
v 11.446993 -1.170770 0.175191
v 11.352218 -1.243171 -0.106334
v 11.356433 -1.249055 -0.000000
v 11.352218 -1.243171 0.106334
v 10.971512 -1.170771 0.479251
v 11.045894 -1.120549 0.536739
v 11.117870 -1.058964 0.585586
v 11.007712 -1.243172 0.367836
v 11.110146 -1.249055 0.338986
v 11.209973 -1.243172 0.302117
v 11.248845 -1.058963 0.543029
v 11.278364 -1.120549 0.461203
v 11.304748 -1.170771 0.370975
v 10.255187 0.209308 -0.270425
v 10.207561 0.150830 -0.239415
v 10.255187 0.087554 -0.219993
v 11.744813 0.087554 -0.219993
v 11.792439 0.150830 -0.239415
v 11.744813 0.209307 -0.270425
v 10.614355 0.250000 -0.324968
v 11.000000 0.250000 -0.339418
v 11.385645 0.250000 -0.324968
v 11.385645 0.020213 -0.229787
v 11.000000 0.009995 -0.240004
v 10.614355 0.020213 -0.229787
v 10.255188 0.030006 -0.162445
v 10.207561 0.010585 -0.099169
v 10.255187 -0.020425 -0.040693
v 11.744813 -0.020425 -0.040693
v 11.792439 0.010585 -0.099169
v 11.744813 0.030006 -0.162445
v 11.385645 -0.074969 0.000000
v 11.000000 -0.089418 -0.000000
v 10.614355 -0.074968 0.000000
v 10.255188 -0.020425 0.040693
v 10.207561 0.010585 0.099169
v 10.255187 0.030007 0.162445
v 11.744813 0.030007 0.162445
v 11.792439 0.010585 0.099169
v 11.744813 -0.020425 0.040693
v 11.385645 0.020213 0.229787
v 11.000000 0.009995 0.240004
v 10.614355 0.020213 0.229787
v 10.255187 0.087555 0.219993
v 10.207561 0.150831 0.239415
v 10.255187 0.209307 0.270425
v 11.744813 0.209308 0.270425
v 11.792439 0.150831 0.239415
v 11.744813 0.087555 0.219993
v 11.385645 0.250000 0.324968
v 11.000000 0.250000 0.339418
v 10.614355 0.249999 0.324968
v 10.255187 0.290692 0.270425
v 10.207561 0.349168 0.239415
v 10.255187 0.412444 0.219993
v 11.744813 0.412445 0.219993
v 11.792439 0.349169 0.239415
v 11.744813 0.290692 0.270425
v 11.385645 0.479787 0.229787
v 11.000000 0.490004 0.240004
v 10.614355 0.479787 0.229787
v 10.255187 0.469993 0.162445
v 10.207561 0.489414 0.099169
v 10.255187 0.520424 0.040693
v 11.744813 0.520424 0.040693
v 11.792439 0.489414 0.099169
v 11.744813 0.469993 0.162445
v 11.385645 0.574968 -0.000000
v 11.000000 0.589417 -0.000000
v 10.614355 0.574968 -0.000000
v 10.255187 0.520424 -0.040693
v 10.207561 0.489414 -0.099169
v 10.255187 0.469993 -0.162445
v 11.744813 0.469993 -0.162445
v 11.792439 0.489415 -0.099169
v 11.744813 0.520424 -0.040693
v 11.385645 0.479787 -0.229787
v 11.000000 0.490004 -0.240004
v 10.614355 0.479786 -0.229787
v 10.255188 0.412445 -0.219993
v 10.207561 0.349168 -0.239415
v 10.255187 0.290692 -0.270425
v 11.744813 0.290692 -0.270425
v 11.792439 0.349169 -0.239415
v 11.744813 0.412446 -0.219993
v 11.151772 3.690525 -0.185696
v 11.132835 5.050000 -0.161396
v 11.093236 6.409476 -0.120228
v 11.298830 3.617496 -0.165628
v 11.258905 5.050000 -0.143500
v 11.187633 6.482504 -0.103997
v 11.426669 3.690525 -0.134908
v 11.370373 5.050000 -0.117510
v 11.278758 6.409476 -0.085952
v 11.578440 3.690525 -0.050788
v 11.503208 5.050000 -0.043885
v 11.371994 6.409476 -0.034276
v 11.597660 3.617496 0.000000
v 11.517811 5.050000 0.000000
v 11.375265 6.482504 -0.000000
v 11.578440 3.690525 0.050788
v 11.503208 5.050000 0.043885
v 11.371994 6.409476 0.034276
v 11.426669 3.690525 0.134908
v 11.370373 5.050000 0.117510
v 11.278758 6.409476 0.085952
v 11.298830 3.617496 0.165628
v 11.258905 5.050000 0.143500
v 11.187633 6.482504 0.103997
v 11.151772 3.690525 0.185696
v 11.132835 5.050000 0.161396
v 11.093236 6.409476 0.120228
v 10.848228 3.690525 0.185696
v 10.867165 5.050000 0.161396
v 10.906764 6.409476 0.120228
v 10.701170 3.617496 0.165628
v 10.741095 5.050000 0.143500
v 10.812367 6.482504 0.103997
v 10.573331 3.690525 0.134908
v 10.629627 5.050000 0.117510
v 10.721242 6.409476 0.085952
v 11.000000 8.785355 0.000000
v 11.133563 8.189495 -0.024676
v 11.056330 8.431219 -0.031221
v 11.000000 8.189495 -0.049352
v 10.943670 8.431219 -0.031221
v 10.866437 8.189496 -0.024676
v 10.887340 8.431218 0.000000
v 10.866437 8.189495 0.024676
v 10.943670 8.431219 0.031221
v 11.000000 8.189495 0.049352
v 11.056330 8.431219 0.031221
v 11.133563 8.189495 0.024676
v 11.112660 8.431219 -0.000000
v 10.421560 3.690525 0.050788
v 10.496792 5.050000 0.043885
v 10.628006 6.409476 0.034276
v 10.402340 3.617496 -0.000000
v 10.482189 5.050000 -0.000000
v 10.624735 6.482504 0.000000
v 10.421560 3.690525 -0.050788
v 10.496792 5.050000 -0.043885
v 10.628006 6.409476 -0.034276
v 10.573331 3.690525 -0.134908
v 10.629627 5.050000 -0.117510
v 10.721242 6.409476 -0.085952
v 10.701170 3.617496 -0.165628
v 10.741095 5.050000 -0.143500
v 10.812367 6.482504 -0.103997
v 10.848228 3.690525 -0.185696
v 10.867165 5.050000 -0.161396
v 10.906764 6.409476 -0.120228
v 11.000000 1.314646 0.000000
v 11.000000 1.910505 -0.149347
v 11.186479 1.668782 -0.103357
v 11.404183 1.910505 -0.074674
v 11.372956 1.668782 0.000000
v 11.404183 1.910505 0.074674
v 11.186479 1.668782 0.103357
v 11.000000 1.910505 0.149347
v 10.813521 1.668782 0.103357
v 10.595817 1.910505 0.074674
v 10.627044 1.668782 -0.000000
v 10.595817 1.910505 -0.074674
v 10.813521 1.668782 -0.103357
v 11.072836 -1.305045 0.224161
v 11.045257 -1.327578 0.139283
v 11.114491 -1.311322 0.180980
v 11.170135 -1.282773 0.234894
v 11.089027 -1.283806 0.273993
v 11.000428 -1.282774 0.290036
v 11.013755 -1.311322 0.213712
v 11.558794 -1.058223 0.234740
v 11.570389 -1.003721 0.308004
v 11.525400 -1.068471 0.283923
v 11.483402 -1.124313 0.239924
v 11.546190 -1.086640 0.187514
v 11.606205 -1.030501 0.150704
v 11.598295 -1.012785 0.230963
v 10.809317 -1.305043 0.138540
v 10.881518 -1.327578 0.086082
v 10.863256 -1.311321 0.164812
v 10.829176 -1.282773 0.234393
v 10.766927 -1.283805 0.169338
v 10.724290 -1.282773 0.090032
v 10.800998 -1.311321 0.079121
v 10.809317 -1.305044 -0.138540
v 10.881518 -1.327578 -0.086082
v 10.800998 -1.311321 -0.079121
v 10.724290 -1.282772 -0.090032
v 10.766927 -1.283805 -0.169338
v 10.829177 -1.282773 -0.234393
v 10.863256 -1.311321 -0.164812
v 11.072836 -1.305046 -0.224161
v 11.045257 -1.327578 -0.139283
v 11.013755 -1.311322 -0.213712
v 11.000428 -1.282773 -0.290036
v 11.089027 -1.283805 -0.273993
v 11.170135 -1.282774 -0.234894
v 11.114491 -1.311322 -0.180980
v 11.704466 -0.822524 0.234740
v 11.660902 -0.857268 0.308005
v 11.681489 -0.878175 0.230963
v 11.700871 -0.877328 0.150704
v 11.724245 -0.798541 0.187515
v 11.729862 -0.725534 0.239924
v 11.698697 -0.788072 0.283924
v 10.994441 -0.822524 0.742525
v 10.911300 -0.857268 0.723733
v 10.990932 -0.878175 0.719505
v 11.073254 -0.877328 0.713137
v 11.045467 -0.798542 0.746742
v 10.997357 -0.725534 0.768280
v 10.945881 -0.788072 0.752237
v 10.292097 -0.822523 0.224162
v 10.284277 -0.857266 0.139283
v 10.312905 -0.878173 0.213712
v 10.344400 -0.877326 0.290037
v 10.303854 -0.798541 0.273994
v 10.268504 -0.725533 0.234895
v 10.267854 -0.788071 0.180981
v 10.568055 -0.822524 -0.603984
v 10.646364 -0.857268 -0.637651
v 10.584424 -0.878175 -0.587423
v 10.521567 -0.877327 -0.533884
v 10.524294 -0.798542 -0.577404
v 10.550556 -0.725534 -0.623106
v 10.601631 -0.788072 -0.640384
v 11.440947 -0.822525 -0.597444
v 11.497164 -0.857268 -0.533372
v 11.430255 -0.878175 -0.576759
v 11.359913 -0.877328 -0.619995
v 11.402144 -0.798542 -0.630850
v 11.453725 -0.725534 -0.619996
v 11.485941 -0.788072 -0.576760
v 11.631632 -0.676851 0.458904
v 11.615646 -0.766755 0.447289
v 11.657102 -0.704877 0.411945
v 11.682529 -0.630867 0.385600
v 11.635220 -0.620486 0.461511
v 11.577643 -0.630867 0.529963
v 11.594842 -0.704878 0.497638
v 10.758739 -0.676852 0.742526
v 10.764847 -0.766755 0.723734
v 10.811271 -0.704877 0.752238
v 10.844184 -0.630867 0.768281
v 10.757369 -0.620486 0.746744
v 10.674475 -0.630867 0.713139
v 10.710533 -0.704877 0.719507
v 10.219261 -0.676850 0.000000
v 10.239020 -0.766753 0.000000
v 10.226257 -0.704876 0.052960
v 10.221170 -0.630866 0.089220
v 10.214826 -0.620485 0.000000
v 10.221170 -0.630867 -0.089220
v 10.226256 -0.704876 -0.052960
v 10.758739 -0.676851 -0.742526
v 10.764847 -0.766755 -0.723734
v 10.710533 -0.704877 -0.719507
v 10.674475 -0.630867 -0.713139
v 10.757369 -0.620486 -0.746744
v 10.844184 -0.630867 -0.768281
v 10.811271 -0.704878 -0.752238
v 11.631632 -0.676851 -0.458904
v 11.615646 -0.766755 -0.447289
v 11.594842 -0.704877 -0.497638
v 11.577643 -0.630867 -0.529963
v 11.635220 -0.620486 -0.461511
v 11.682529 -0.630867 -0.385600
v 11.657102 -0.704877 -0.411945
v 11.314094 -0.041778 0.518360
v 11.280409 -0.096280 0.584448
v 11.348270 -0.087216 0.538523
v 11.401846 -0.069502 0.478240
v 11.331656 -0.013362 0.472745
v 11.250053 0.024312 0.478240
v 11.258167 -0.031530 0.538522
v 10.604069 -0.041777 0.458902
v 10.530807 -0.096280 0.447288
v 10.595454 -0.087216 0.497636
v 10.669341 -0.069502 0.529961
v 10.652878 -0.013361 0.461509
v 10.622437 0.024312 0.385598
v 10.567612 -0.031529 0.411944
v 10.441206 -0.041778 -0.234740
v 10.429611 -0.096281 -0.308004
v 10.401705 -0.087216 -0.230963
v 10.393795 -0.069502 -0.150704
v 10.453810 -0.013361 -0.187514
v 10.516598 0.024311 -0.239924
v 10.474600 -0.031531 -0.283923
v 11.050573 -0.041777 -0.603982
v 11.116670 -0.096280 -0.637650
v 11.034775 -0.087216 -0.640383
v 10.955998 -0.069501 -0.623103
v 11.009553 -0.013361 -0.577402
v 11.078801 0.024312 -0.533882
v 11.107669 -0.031529 -0.587422
v 11.590053 -0.041779 -0.138540
v 11.642496 -0.096283 -0.086082
v 11.619789 -0.087218 -0.164813
v 11.579013 -0.069504 -0.234394
v 11.552097 -0.013364 -0.169338
v 11.532106 0.024309 -0.090032
v 11.591946 -0.031532 -0.079121
v 11.190683 0.205043 -0.138540
v 11.275710 0.182771 -0.090032
v 11.233073 0.183803 -0.169338
v 11.170823 0.182771 -0.234393
v 11.136744 0.211319 -0.164812
v 11.118482 0.227575 -0.086082
v 11.199002 0.211318 -0.079121
v 11.385148 0.073189 -0.279826
v 11.400933 0.098727 -0.180369
v 11.435180 0.052121 -0.249880
v 11.448112 0.004369 -0.325572
v 11.372128 0.052122 -0.336662
v 11.295436 0.098728 -0.325572
v 11.343930 0.108516 -0.249880
v 11.314094 -0.041777 -0.518360
v 11.401846 -0.069502 -0.478240
v 11.348270 -0.087216 -0.538523
v 11.280409 -0.096280 -0.584448
v 11.258167 -0.031530 -0.538522
v 11.250053 0.024312 -0.478240
v 11.331656 -0.013361 -0.472745
v 10.927164 0.205043 -0.224161
v 10.999572 0.182771 -0.290036
v 10.910973 0.183803 -0.273993
v 10.829865 0.182771 -0.234894
v 10.885509 0.211319 -0.180980
v 10.954743 0.227576 -0.139283
v 10.986245 0.211319 -0.213712
v 10.852884 0.073190 -0.452767
v 10.952352 0.098729 -0.437045
v 10.896825 0.052122 -0.491096
v 10.828834 0.004370 -0.526786
v 10.794806 0.052123 -0.457947
v 10.781655 0.098729 -0.381582
v 10.868629 0.108517 -0.404313
v 10.604069 -0.041777 -0.458902
v 10.669341 -0.069501 -0.529961
v 10.595454 -0.087216 -0.497636
v 10.530807 -0.096280 -0.447288
v 10.567612 -0.031530 -0.411944
v 10.622437 0.024312 -0.385598
v 10.652878 -0.013361 -0.461509
v 10.764301 0.205043 0.000000
v 10.724027 0.182771 -0.089220
v 10.711905 0.183803 -0.000000
v 10.724027 0.182771 0.089220
v 10.792497 0.211319 0.052960
v 10.853548 0.227576 0.000000
v 10.792497 0.211319 -0.052960
v 10.523931 0.073189 0.000000
v 10.569620 0.098728 -0.089740
v 10.501056 0.052122 -0.053634
v 10.446102 0.004369 0.000000
v 10.501056 0.052122 0.053634
v 10.569620 0.098728 0.089740
v 10.574878 0.108517 0.000000
v 10.441206 -0.041777 0.234740
v 10.393795 -0.069502 0.150704
v 10.401705 -0.087217 0.230963
v 10.429611 -0.096281 0.308005
v 10.474600 -0.031530 0.283923
v 10.516598 0.024311 0.239924
v 10.453810 -0.013362 0.187514
v 10.927164 0.205043 0.224161
v 10.829865 0.182771 0.234894
v 10.910973 0.183803 0.273993
v 10.999572 0.182771 0.290036
v 10.986245 0.211319 0.213712
v 10.954743 0.227576 0.139283
v 10.885509 0.211319 0.180980
v 10.852884 0.073190 0.452767
v 10.781655 0.098729 0.381582
v 10.794806 0.052122 0.457948
v 10.828834 0.004370 0.526786
v 10.896825 0.052123 0.491096
v 10.952352 0.098729 0.437045
v 10.868629 0.108517 0.404313
v 11.050573 -0.041777 0.603982
v 10.955998 -0.069501 0.623104
v 11.034775 -0.087216 0.640383
v 11.116670 -0.096280 0.637650
v 11.107669 -0.031530 0.587422
v 11.078801 0.024312 0.533882
v 11.009553 -0.013361 0.577402
v 11.190683 0.205042 0.138540
v 11.170823 0.182771 0.234393
v 11.233073 0.183803 0.169338
v 11.275710 0.182771 0.090032
v 11.199002 0.211318 0.079121
v 11.118482 0.227575 0.086082
v 11.136744 0.211318 0.164812
v 11.385148 0.073189 0.279826
v 11.295436 0.098728 0.325572
v 11.372128 0.052122 0.336662
v 11.448112 0.004369 0.325572
v 11.435180 0.052121 0.249880
v 11.400933 0.098727 0.180369
v 11.343930 0.108516 0.249880
v 11.590053 -0.041779 0.138540
v 11.579013 -0.069503 0.234394
v 11.619789 -0.087218 0.164813
v 11.642496 -0.096283 0.086082
v 11.591946 -0.031532 0.079121
v 11.532106 0.024309 0.090032
v 11.552097 -0.013364 0.169338
v 11.707903 -0.277480 -0.224162
v 11.731496 -0.374469 -0.234895
v 11.696146 -0.301461 -0.273994
v 11.655600 -0.222676 -0.290037
v 11.687095 -0.221828 -0.213712
v 11.715723 -0.242735 -0.139283
v 11.732146 -0.311931 -0.180981
v 11.623186 -0.402884 -0.452769
v 11.677885 -0.455174 -0.381584
v 11.630317 -0.464254 -0.457950
v 11.572388 -0.455174 -0.526788
v 11.584692 -0.373004 -0.491098
v 11.601545 -0.302495 -0.437047
v 11.647743 -0.373004 -0.404315
v 11.431945 -0.277479 -0.603984
v 11.449444 -0.374468 -0.623106
v 11.398369 -0.311930 -0.640384
v 11.353636 -0.242734 -0.637651
v 11.415576 -0.221827 -0.587423
v 11.478433 -0.222674 -0.533884
v 11.475706 -0.301459 -0.577404
v 11.005559 -0.277478 -0.742525
v 11.002643 -0.374468 -0.768280
v 10.954533 -0.301459 -0.746742
v 10.926746 -0.222673 -0.713137
v 11.009068 -0.221827 -0.719505
v 11.088700 -0.242733 -0.723733
v 11.054119 -0.311929 -0.752237
v 10.761963 -0.402884 -0.732597
v 10.846567 -0.455174 -0.762622
v 10.759240 -0.464254 -0.740981
v 10.675870 -0.455173 -0.707159
v 10.713614 -0.373004 -0.707832
v 10.770228 -0.302495 -0.707158
v 10.815634 -0.373004 -0.740980
v 10.559053 -0.277478 -0.597444
v 10.546275 -0.374468 -0.619996
v 10.514059 -0.311930 -0.576760
v 10.502836 -0.242734 -0.533372
v 10.569745 -0.221827 -0.576759
v 10.640087 -0.222674 -0.619995
v 10.597856 -0.301459 -0.630850
v 10.295534 -0.277479 -0.234740
v 10.270138 -0.374468 -0.239924
v 10.275755 -0.301459 -0.187515
v 10.299129 -0.222675 -0.150704
v 10.318511 -0.221827 -0.230963
v 10.339098 -0.242734 -0.308005
v 10.301303 -0.311930 -0.283924
v 10.229700 -0.402884 0.000000
v 10.227289 -0.455174 -0.089740
v 10.220885 -0.464254 -0.000000
v 10.227289 -0.455173 0.089740
v 10.238313 -0.373004 0.053634
v 10.256449 -0.302495 0.000000
v 10.238313 -0.373004 -0.053634
v 10.295534 -0.277479 0.234740
v 10.270138 -0.374468 0.239924
v 10.301303 -0.311930 0.283924
v 10.339098 -0.242735 0.308005
v 10.318511 -0.221828 0.230963
v 10.299129 -0.222674 0.150704
v 10.275755 -0.301460 0.187515
v 10.559053 -0.277478 0.597444
v 10.546275 -0.374468 0.619996
v 10.597856 -0.301459 0.630850
v 10.640087 -0.222673 0.619995
v 10.569745 -0.221827 0.576759
v 10.502836 -0.242733 0.533372
v 10.514059 -0.311929 0.576759
v 10.761963 -0.402884 0.732597
v 10.675870 -0.455174 0.707159
v 10.759240 -0.464254 0.740980
v 10.846567 -0.455173 0.762622
v 10.815635 -0.373004 0.740980
v 10.770228 -0.302495 0.707158
v 10.713614 -0.373004 0.707832
v 11.005560 -0.277478 0.742525
v 11.002643 -0.374468 0.768280
v 11.054119 -0.311930 0.752238
v 11.088700 -0.242733 0.723733
v 11.009068 -0.221827 0.719505
v 10.926746 -0.222674 0.713137
v 10.954533 -0.301459 0.746742
v 11.431945 -0.277478 0.603984
v 11.449444 -0.374468 0.623106
v 11.475706 -0.301459 0.577404
v 11.478433 -0.222674 0.533884
v 11.415576 -0.221827 0.587423
v 11.353636 -0.242734 0.637651
v 11.398369 -0.311930 0.640384
v 11.623185 -0.402884 0.452769
v 11.572388 -0.455174 0.526788
v 11.630317 -0.464254 0.457950
v 11.677885 -0.455174 0.381584
v 11.647743 -0.373004 0.404315
v 11.601545 -0.302496 0.437047
v 11.584692 -0.373004 0.491098
v 11.707903 -0.277480 0.224162
v 11.731496 -0.374469 0.234895
v 11.732146 -0.311932 0.180981
v 11.715723 -0.242736 0.139283
v 11.687095 -0.221829 0.213712
v 11.655600 -0.222675 0.290037
v 11.696146 -0.301461 0.273994
v 11.241261 -0.423149 -0.742526
v 11.325525 -0.469134 -0.713139
v 11.242631 -0.479516 -0.746744
v 11.155816 -0.469135 -0.768281
v 11.188729 -0.395124 -0.752238
v 11.235153 -0.333247 -0.723734
v 11.289467 -0.395124 -0.719507
v 11.238037 -0.697116 -0.732597
v 11.324130 -0.644828 -0.707159
v 11.286386 -0.726999 -0.707832
v 11.229772 -0.797507 -0.707158
v 11.184366 -0.726999 -0.740980
v 11.153433 -0.644828 -0.762622
v 11.240760 -0.635748 -0.740981
v 10.994440 -0.822525 -0.742525
v 11.073254 -0.877328 -0.713137
v 10.990932 -0.878176 -0.719505
v 10.911300 -0.857268 -0.723733
v 10.945881 -0.788072 -0.752238
v 10.997357 -0.725534 -0.768280
v 11.045467 -0.798542 -0.746742
v 10.368368 -0.423149 -0.458904
v 10.422357 -0.469135 -0.529963
v 10.364780 -0.479516 -0.461511
v 10.317471 -0.469135 -0.385600
v 10.342898 -0.395124 -0.411945
v 10.384354 -0.333247 -0.447289
v 10.405158 -0.395124 -0.497638
v 10.376814 -0.697116 -0.452769
v 10.427612 -0.644828 -0.526788
v 10.415308 -0.726998 -0.491098
v 10.398455 -0.797506 -0.437047
v 10.352257 -0.726997 -0.404315
v 10.322115 -0.644828 -0.381584
v 10.369683 -0.635748 -0.457950
v 10.292097 -0.822523 -0.224162
v 10.344400 -0.877326 -0.290037
v 10.312905 -0.878173 -0.213712
v 10.284277 -0.857266 -0.139283
v 10.267854 -0.788070 -0.180981
v 10.268504 -0.725533 -0.234895
v 10.303854 -0.798541 -0.273994
v 10.368368 -0.423149 0.458904
v 10.317471 -0.469135 0.385600
v 10.364780 -0.479516 0.461511
v 10.422357 -0.469135 0.529963
v 10.405158 -0.395124 0.497638
v 10.384354 -0.333247 0.447289
v 10.342898 -0.395124 0.411945
v 10.376814 -0.697116 0.452769
v 10.322115 -0.644828 0.381584
v 10.352257 -0.726998 0.404315
v 10.398455 -0.797506 0.437047
v 10.415308 -0.726997 0.491098
v 10.427612 -0.644828 0.526788
v 10.369683 -0.635748 0.457950
v 10.568055 -0.822524 0.603984
v 10.521567 -0.877327 0.533884
v 10.584424 -0.878175 0.587423
v 10.646364 -0.857268 0.637651
v 10.601631 -0.788072 0.640384
v 10.550556 -0.725534 0.623106
v 10.524294 -0.798541 0.577404
v 11.241261 -0.423149 0.742526
v 11.155816 -0.469134 0.768281
v 11.242631 -0.479516 0.746744
v 11.325525 -0.469135 0.713139
v 11.289467 -0.395124 0.719507
v 11.235153 -0.333247 0.723734
v 11.188729 -0.395124 0.752238
v 11.238037 -0.697116 0.732597
v 11.153433 -0.644828 0.762622
v 11.184365 -0.726999 0.740980
v 11.229772 -0.797506 0.707158
v 11.286386 -0.726999 0.707832
v 11.324130 -0.644828 0.707159
v 11.240760 -0.635748 0.740980
v 11.440947 -0.822525 0.597444
v 11.359913 -0.877328 0.619995
v 11.430255 -0.878176 0.576759
v 11.497164 -0.857268 0.533372
v 11.485941 -0.788072 0.576760
v 11.453725 -0.725534 0.619996
v 11.402144 -0.798542 0.630850
v 11.780739 -0.423150 -0.000000
v 11.778830 -0.469136 0.089220
v 11.785174 -0.479516 0.000000
v 11.778830 -0.469136 -0.089220
v 11.773744 -0.395125 -0.052960
v 11.760980 -0.333249 -0.000000
v 11.773743 -0.395125 0.052960
v 11.770300 -0.697116 -0.000000
v 11.772711 -0.644828 0.089740
v 11.761687 -0.726998 0.053634
v 11.743551 -0.797506 0.000000
v 11.761687 -0.726998 -0.053634
v 11.772711 -0.644828 -0.089740
v 11.779115 -0.635748 -0.000000
v 11.704466 -0.822524 -0.234740
v 11.700871 -0.877327 -0.150704
v 11.681489 -0.878175 -0.230963
v 11.660902 -0.857268 -0.308005
v 11.698697 -0.788071 -0.283924
v 11.729862 -0.725534 -0.239924
v 11.724245 -0.798541 -0.187515
v 11.395931 -1.058224 -0.458902
v 11.377563 -1.124313 -0.385598
v 11.347122 -1.086640 -0.461509
v 11.330659 -1.030502 -0.529961
v 11.404546 -1.012785 -0.497636
v 11.469193 -1.003721 -0.447288
v 11.432388 -1.068471 -0.411944
v 11.147116 -1.173189 -0.452767
v 11.218345 -1.198730 -0.381582
v 11.131371 -1.208519 -0.404313
v 11.047648 -1.198730 -0.437045
v 11.103175 -1.152124 -0.491096
v 11.171166 -1.104372 -0.526786
v 11.205194 -1.152124 -0.457948
v 10.949427 -1.058224 -0.603983
v 10.921199 -1.124314 -0.533882
v 10.892331 -1.068471 -0.587422
v 10.883330 -1.003722 -0.637650
v 10.965225 -1.012786 -0.640383
v 11.044002 -1.030501 -0.623104
v 10.990447 -1.086640 -0.577402
v 10.685906 -1.058223 -0.518360
v 10.749947 -1.124313 -0.478240
v 10.668344 -1.086640 -0.472745
v 10.598154 -1.030501 -0.478240
v 10.651730 -1.012785 -0.538523
v 10.719591 -1.003721 -0.584448
v 10.741833 -1.068471 -0.538522
v 10.614852 -1.173188 -0.279826
v 10.704564 -1.198730 -0.325572
v 10.656070 -1.208517 -0.249880
v 10.599067 -1.198729 -0.180369
v 10.564820 -1.152122 -0.249880
v 10.551888 -1.104371 -0.325572
v 10.627872 -1.152123 -0.336662
v 10.409947 -1.058222 -0.138540
v 10.467894 -1.124311 -0.090032
v 10.408054 -1.068470 -0.079121
v 10.357504 -1.003719 -0.086082
v 10.380211 -1.012784 -0.164813
v 10.420987 -1.030499 -0.234394
v 10.447903 -1.086638 -0.169338
v 10.409947 -1.058222 0.138540
v 10.467894 -1.124311 0.090032
v 10.447904 -1.086638 0.169338
v 10.420987 -1.030499 0.234394
v 10.380211 -1.012784 0.164813
v 10.357504 -1.003719 0.086082
v 10.408054 -1.068469 0.079121
v 10.614852 -1.173188 0.279826
v 10.599067 -1.198729 0.180369
v 10.656070 -1.208517 0.249880
v 10.704564 -1.198729 0.325572
v 10.627872 -1.152123 0.336662
v 10.551888 -1.104371 0.325572
v 10.564820 -1.152122 0.249880
v 10.685906 -1.058224 0.518360
v 10.749947 -1.124313 0.478240
v 10.741833 -1.068471 0.538522
v 10.719591 -1.003722 0.584448
v 10.651730 -1.012785 0.538523
v 10.598154 -1.030501 0.478240
v 10.668344 -1.086640 0.472745
v 11.558794 -1.058224 -0.234740
v 11.606205 -1.030501 -0.150704
v 11.546190 -1.086640 -0.187514
v 11.483402 -1.124313 -0.239924
v 11.525400 -1.068471 -0.283923
v 11.570389 -1.003721 -0.308005
v 11.598295 -1.012785 -0.230963
v 11.476069 -1.173189 -0.000000
v 11.553898 -1.104372 -0.000000
v 11.498944 -1.152124 0.053634
v 11.430380 -1.198730 0.089740
v 11.425122 -1.208518 0.000000
v 11.430380 -1.198730 -0.089740
v 11.498944 -1.152123 -0.053634
v 11.235699 -1.305044 -0.000000
v 11.275973 -1.282773 0.089220
v 11.207503 -1.311322 0.052960
v 11.146452 -1.327578 0.000000
v 11.207503 -1.311322 -0.052960
v 11.275973 -1.282773 -0.089220
v 11.288095 -1.283805 -0.000000
v 10.949427 -1.058224 0.603982
v 10.921199 -1.124314 0.533882
v 10.990447 -1.086640 0.577402
v 11.044002 -1.030502 0.623103
v 10.965225 -1.012785 0.640383
v 10.883330 -1.003722 0.637650
v 10.892331 -1.068471 0.587422
v 11.147116 -1.173189 0.452767
v 11.047648 -1.198730 0.437045
v 11.131371 -1.208519 0.404313
v 11.218345 -1.198730 0.381582
v 11.205194 -1.152124 0.457948
v 11.171166 -1.104372 0.526786
v 11.103175 -1.152124 0.491096
v 11.395931 -1.058224 0.458902
v 11.377563 -1.124314 0.385598
v 11.432388 -1.068471 0.411944
v 11.469193 -1.003721 0.447288
v 11.404546 -1.012785 0.497636
v 11.330659 -1.030501 0.529961
v 11.347122 -1.086640 0.461509
v 10.588996 0.190357 -0.314380
v 11.000000 0.185388 -0.330654
v 11.411004 0.190357 -0.314380
v 10.566917 0.129363 -0.291243
v 11.000000 0.122016 -0.308979
v 11.433083 0.129363 -0.291243
v 10.588996 0.069873 -0.264473
v 11.000000 0.061880 -0.279495
v 11.411004 0.069873 -0.264473
v 10.588996 -0.014473 -0.180127
v 11.000000 -0.029496 -0.188120
v 11.411004 -0.014474 -0.180127
v 10.566917 -0.041243 -0.120637
v 11.000000 -0.058980 -0.127983
v 11.433083 -0.041243 -0.120637
v 10.588996 -0.064380 -0.059642
v 11.000000 -0.080655 -0.064612
v 11.411004 -0.064380 -0.059642
v 10.588996 -0.064380 0.059642
v 11.000000 -0.080655 0.064612
v 11.411004 -0.064380 0.059642
v 10.566917 -0.041243 0.120637
v 11.000000 -0.058980 0.127983
v 11.433083 -0.041243 0.120637
v 10.588996 -0.014473 0.180127
v 11.000000 -0.029495 0.188120
v 11.411004 -0.014473 0.180127
v 10.588996 0.069873 0.264473
v 11.000000 0.061879 0.279495
v 11.411004 0.069873 0.264473
v 10.566917 0.129363 0.291243
v 11.000000 0.122015 0.308979
v 11.433083 0.129364 0.291243
v 10.588996 0.190358 0.314380
v 11.000000 0.185389 0.330654
v 11.411004 0.190358 0.314380
v 10.588996 0.309641 0.314380
v 11.000000 0.314610 0.330654
v 11.411004 0.309641 0.314380
v 10.566917 0.370636 0.291243
v 11.000000 0.377983 0.308979
v 11.433083 0.370636 0.291243
v 10.588996 0.430127 0.264473
v 11.000000 0.438119 0.279495
v 11.411004 0.430126 0.264473
v 10.588996 0.514473 0.180127
v 11.000000 0.529495 0.188120
v 11.411004 0.514473 0.180127
v 10.566917 0.541243 0.120637
v 11.000000 0.558979 0.127983
v 11.433083 0.541243 0.120637
v 10.588996 0.564379 0.059642
v 11.000000 0.580654 0.064612
v 11.411004 0.564379 0.059642
v 12.155556 0.250000 0.000000
v 11.949882 0.102328 -0.147672
v 12.025154 0.186286 -0.153819
v 11.949882 0.250000 -0.208840
v 12.025154 0.313714 -0.153819
v 11.949882 0.397672 -0.147672
v 12.025154 0.403819 -0.063714
v 11.949882 0.458839 -0.000000
v 12.025154 0.403818 0.063714
v 11.949882 0.397671 0.147672
v 12.025154 0.313714 0.153819
v 11.949882 0.250000 0.208840
v 12.025154 0.186286 0.153819
v 11.949882 0.102328 0.147672
v 12.025154 0.096181 0.063714
v 11.949882 0.041160 -0.000000
v 12.025154 0.096181 -0.063714
v 10.588996 0.564379 -0.059642
v 11.000000 0.580653 -0.064612
v 11.411004 0.564380 -0.059642
v 10.566917 0.541242 -0.120637
v 11.000000 0.558978 -0.127983
v 11.433083 0.541243 -0.120637
v 10.588996 0.514473 -0.180127
v 11.000000 0.529494 -0.188120
v 11.411004 0.514473 -0.180127
v 10.588996 0.430126 -0.264473
v 11.000000 0.438119 -0.279495
v 11.411004 0.430127 -0.264473
v 10.566917 0.370636 -0.291243
v 11.000000 0.377983 -0.308979
v 11.433083 0.370636 -0.291243
v 10.588996 0.309642 -0.314380
v 11.000000 0.314611 -0.330654
v 11.411004 0.309641 -0.314380
v 9.844444 0.250000 0.000000
v 10.050119 0.250000 -0.208840
v 9.974846 0.186286 -0.153819
v 10.050119 0.102328 -0.147672
v 9.974846 0.096181 -0.063714
v 10.050119 0.041160 -0.000000
v 9.974846 0.096181 0.063714
v 10.050119 0.102328 0.147672
v 9.974846 0.186285 0.153819
v 10.050119 0.249999 0.208840
v 9.974846 0.313713 0.153819
v 10.050119 0.397671 0.147672
v 9.974846 0.403819 0.063714
v 10.050119 0.458839 0.000000
v 9.974846 0.403819 -0.063714
v 10.050119 0.397672 -0.147672
v 9.974846 0.313714 -0.153819
vn -0.0000 -0.0070 -1.0000
vn -0.0000 0.0398 -0.9992
vn 0.4847 -0.0122 -0.8746
vn 0.4836 0.0694 -0.8725
vn 0.4847 -0.0122 0.8746
vn 0.4836 0.0694 0.8725
vn -0.0000 -0.0070 1.0000
vn -0.0000 0.0398 0.9992
vn -0.4847 -0.0122 0.8746
vn -0.4836 0.0694 0.8725
vn -0.4847 -0.0122 -0.8746
vn -0.4836 0.0694 -0.8725
vn 0.0037 -1.0000 -0.0000
vn 0.7195 -0.4447 0.5335
vn -0.2737 -0.4428 0.8538
vn -0.8961 -0.4439 -0.0000
vn -0.2737 -0.4428 -0.8538
vn 0.7195 -0.4447 -0.5335
vn 0.2737 0.4428 0.8538
vn -0.7195 0.4447 0.5335
vn -0.7195 0.4447 -0.5335
vn 0.2737 0.4428 -0.8538
vn 0.8961 0.4439 -0.0000
vn -0.0037 1.0000 -0.0000
vn -0.1602 -0.8484 0.5045
vn 0.4242 -0.8503 0.3115
vn 0.2615 -0.5161 0.8157
vn 0.8506 -0.5257 -0.0000
vn 0.4242 -0.8503 -0.3115
vn -0.5257 -0.8507 -0.0000
vn -0.6872 -0.5227 0.5045
vn -0.1602 -0.8484 -0.5045
vn -0.6872 -0.5227 -0.5045
vn 0.2615 -0.5161 -0.8157
vn 0.9502 0.0008 0.3115
vn 0.9502 0.0008 -0.3115
vn -0.0000 -0.0000 1.0000
vn 0.5785 -0.0031 0.8157
vn -0.9502 -0.0008 0.3115
vn -0.5785 0.0031 0.8157
vn -0.5785 0.0031 -0.8157
vn -0.9502 -0.0008 -0.3115
vn 0.5785 -0.0031 -0.8157
vn -0.0000 -0.0000 -1.0000
vn 0.6872 0.5227 0.5045
vn -0.2615 0.5161 0.8157
vn -0.8506 0.5257 -0.0000
vn -0.2615 0.5161 -0.8157
vn 0.6872 0.5227 -0.5045
vn 0.1602 0.8484 0.5045
vn 0.5257 0.8507 -0.0000
vn -0.4242 0.8503 0.3115
vn -0.4242 0.8503 -0.3115
vn 0.1602 0.8484 -0.5045
vn -0.1446 -0.0000 -0.9895
vn 0.1446 -0.0000 -0.9895
vn -0.1614 -0.6816 -0.7137
vn 0.1614 -0.6816 -0.7137
vn -0.1722 -0.9851 -0.0000
vn 0.1722 -0.9851 -0.0000
vn -0.1614 -0.6816 0.7137
vn 0.1614 -0.6816 0.7137
vn -0.1446 -0.0000 0.9895
vn 0.1446 -0.0000 0.9895
vn -0.1614 0.6816 0.7137
vn 0.1614 0.6816 0.7137
vn -0.1722 0.9851 -0.0000
vn 0.1722 0.9851 -0.0000
vn -0.1614 0.6816 -0.7137
vn 0.1614 0.6816 -0.7137
vn 0.0723 -0.0343 -0.9968
vn 0.1813 -0.0623 -0.9814
vn 0.3266 -0.0467 -0.9440
vn 0.3366 0.0616 -0.9396
vn 0.1814 0.0535 -0.9820
vn 0.0665 0.0445 -0.9968
vn -0.0000 0.0118 -0.9999
vn -0.0000 0.0252 -0.9997
vn -0.0000 0.0337 -0.9994
vn 0.4839 0.0589 -0.8731
vn 0.4843 0.0440 -0.8738
vn 0.4847 0.0206 -0.8745
vn 0.7159 -0.0786 -0.6938
vn 0.9856 -0.1693 -0.0000
vn 0.7159 -0.0786 0.6938
vn 0.6935 0.0997 0.7136
vn 0.9893 0.1458 -0.0000
vn 0.6935 0.0997 -0.7136
vn 0.4839 0.0589 0.8731
vn 0.4843 0.0440 0.8738
vn 0.4847 0.0206 0.8745
vn 0.3266 -0.0467 0.9440
vn 0.1813 -0.0623 0.9814
vn 0.0723 -0.0343 0.9968
vn 0.0665 0.0445 0.9968
vn 0.1814 0.0535 0.9820
vn 0.3366 0.0616 0.9396
vn -0.0000 0.0337 0.9994
vn -0.0000 0.0252 0.9997
vn -0.0000 0.0118 0.9999
vn -0.0723 -0.0343 0.9968
vn -0.1813 -0.0623 0.9814
vn -0.3266 -0.0467 0.9440
vn -0.3366 0.0616 0.9396
vn -0.1814 0.0535 0.9820
vn -0.0665 0.0445 0.9968
vn -0.4839 0.0589 0.8731
vn -0.4843 0.0440 0.8738
vn -0.4847 0.0206 0.8745
vn -0.7159 -0.0786 0.6938
vn -0.9856 -0.1693 -0.0000
vn -0.7159 -0.0786 -0.6938
vn -0.6935 0.0997 -0.7136
vn -0.9893 0.1458 -0.0000
vn -0.6935 0.0997 0.7136
vn -0.4839 0.0589 -0.8731
vn -0.4843 0.0440 -0.8738
vn -0.4847 0.0206 -0.8745
vn -0.3266 -0.0467 -0.9440
vn -0.1813 -0.0623 -0.9814
vn -0.0723 -0.0343 -0.9968
vn -0.0665 0.0445 -0.9968
vn -0.1814 0.0535 -0.9820
vn -0.3366 0.0616 -0.9396
vn -0.1332 -0.9087 0.3956
vn -0.0872 -0.9606 0.2639
vn -0.0389 -0.9912 0.1267
vn 0.5100 -0.7713 0.3809
vn 0.5955 -0.6746 0.4362
vn 0.6677 -0.5650 0.4848
vn 0.1333 -0.5117 0.8488
vn -0.0058 -0.5001 0.8660
vn -0.1435 -0.4746 0.8684
vn 0.8448 -0.5221 0.1171
vn 0.8190 -0.5062 0.2704
vn 0.7733 -0.4780 0.4165
vn 0.5100 -0.7713 -0.3809
vn 0.5955 -0.6746 -0.4362
vn 0.6677 -0.5650 -0.4848
vn -0.4046 -0.9145 -0.0000
vn -0.2736 -0.9619 -0.0000
vn -0.1370 -0.9906 -0.0000
vn -0.7532 -0.5256 0.3956
vn -0.8202 -0.5076 0.2639
vn -0.8692 -0.4780 0.1267
vn -0.1332 -0.9087 -0.3956
vn -0.0872 -0.9606 -0.2639
vn -0.0389 -0.9912 -0.1267
vn -0.6070 -0.5166 -0.6039
vn -0.4998 -0.5041 -0.7043
vn -0.3846 -0.4800 -0.7884
vn 0.3849 -0.5227 -0.7607
vn 0.5093 -0.5067 -0.6957
vn 0.6250 -0.4781 -0.6171
vn 0.9179 -0.1112 0.3809
vn 0.8697 -0.2309 0.4362
vn 0.8039 -0.3445 0.4848
vn 0.9659 0.1117 -0.2335
vn 0.9597 0.2310 -0.1599
vn 0.9346 0.3459 -0.0829
vn -0.0652 -0.1056 0.9923
vn -0.1373 -0.2222 0.9653
vn -0.2099 -0.3397 0.9168
vn 0.5172 0.1096 0.8488
vn 0.4447 0.2288 0.8660
vn 0.3603 0.3406 0.8684
vn -0.9659 -0.1117 0.2335
vn -0.9597 -0.2310 0.1599
vn -0.9346 -0.3459 0.0829
vn -0.6396 0.1105 0.7607
vn -0.6809 0.2289 0.6957
vn -0.7072 0.3452 0.6171
vn -0.5172 -0.1096 -0.8488
vn -0.4447 -0.2288 -0.8660
vn -0.3603 -0.3406 -0.8684
vn -0.9179 0.1112 -0.3809
vn -0.8697 0.2309 -0.4362
vn -0.8039 0.3445 -0.4848
vn 0.6396 -0.1105 -0.7607
vn 0.6809 -0.2289 -0.6957
vn 0.7072 -0.3452 -0.6171
vn 0.0652 0.1056 -0.9923
vn 0.1373 0.2222 -0.9653
vn 0.2099 0.3397 -0.9168
vn 0.6070 0.5166 0.6039
vn 0.4998 0.5041 0.7043
vn 0.3846 0.4800 0.7884
vn -0.3849 0.5227 0.7607
vn -0.5093 0.5067 0.6957
vn -0.6250 0.4781 0.6171
vn -0.8448 0.5221 -0.1171
vn -0.8190 0.5062 -0.2704
vn -0.7733 0.4780 -0.4165
vn -0.1333 0.5117 -0.8488
vn 0.0058 0.5001 -0.8660
vn 0.1435 0.4746 -0.8684
vn 0.7532 0.5256 -0.3956
vn 0.8202 0.5076 -0.2639
vn 0.8692 0.4780 -0.1267
vn 0.1906 0.7740 0.6039
vn 0.2274 0.6725 0.7043
vn 0.2574 0.5587 0.7884
vn 0.4046 0.9145 -0.0000
vn 0.2736 0.9619 -0.0000
vn 0.1370 0.9906 -0.0000
vn -0.5100 0.7713 0.3809
vn -0.5955 0.6746 0.4362
vn -0.6677 0.5650 0.4848
vn -0.5100 0.7713 -0.3809
vn -0.5955 0.6746 -0.4362
vn -0.6677 0.5650 -0.4848
vn 0.1906 0.7740 -0.6039
vn 0.2274 0.6725 -0.7043
vn 0.2574 0.5587 -0.7884
vn -0.2574 -0.5587 0.7884
vn -0.2274 -0.6725 0.7043
vn -0.1906 -0.7740 0.6039
vn 0.1086 -0.9906 0.0829
vn 0.2226 -0.9617 0.1599
vn 0.3321 -0.9139 0.2335
vn 0.6250 -0.4781 0.6171
vn 0.5093 -0.5067 0.6957
vn 0.3849 -0.5227 0.7607
vn 0.7733 -0.4780 -0.4165
vn 0.8190 -0.5062 -0.2704
vn 0.8448 -0.5221 -0.1171
vn 0.1086 -0.9906 -0.0829
vn 0.2226 -0.9617 -0.1599
vn 0.3321 -0.9139 -0.2335
vn -0.8247 -0.5656 -0.0000
vn -0.7380 -0.6748 -0.0000
vn -0.6370 -0.7709 -0.0000
vn -0.3846 -0.4800 0.7884
vn -0.4998 -0.5041 0.7043
vn -0.6070 -0.5166 0.6039
vn -0.2574 -0.5587 -0.7884
vn -0.2274 -0.6725 -0.7043
vn -0.1906 -0.7740 -0.6039
vn -0.8692 -0.4780 -0.1267
vn -0.8202 -0.5076 -0.2639
vn -0.7532 -0.5256 -0.3956
vn -0.1435 -0.4746 -0.8684
vn -0.0058 -0.5001 -0.8660
vn 0.1333 -0.5117 -0.8488
vn 0.9346 0.3459 0.0829
vn 0.9597 0.2310 0.1599
vn 0.9659 0.1117 0.2335
vn 0.8039 -0.3445 -0.4848
vn 0.8697 -0.2309 -0.4362
vn 0.9179 -0.1112 -0.3809
vn 0.2099 0.3397 0.9168
vn 0.1373 0.2222 0.9653
vn 0.0652 0.1056 0.9923
vn 0.7072 -0.3452 0.6171
vn 0.6809 -0.2289 0.6957
vn 0.6396 -0.1105 0.7607
vn -0.8039 0.3445 0.4848
vn -0.8697 0.2309 0.4362
vn -0.9179 0.1112 0.3809
vn -0.3603 -0.3406 0.8684
vn -0.4447 -0.2288 0.8660
vn -0.5172 -0.1096 0.8488
vn -0.7072 0.3452 -0.6171
vn -0.6809 0.2289 -0.6957
vn -0.6396 0.1105 -0.7607
vn -0.9346 -0.3459 -0.0829
vn -0.9597 -0.2310 -0.1599
vn -0.9659 -0.1117 -0.2335
vn 0.3603 0.3406 -0.8684
vn 0.4447 0.2288 -0.8660
vn 0.5172 0.1096 -0.8488
vn -0.2099 -0.3397 -0.9168
vn -0.1373 -0.2222 -0.9653
vn -0.0652 -0.1056 -0.9923
vn 0.8692 0.4780 0.1267
vn 0.8202 0.5076 0.2639
vn 0.7532 0.5256 0.3956
vn 0.1435 0.4746 0.8684
vn 0.0058 0.5001 0.8660
vn -0.1333 0.5117 0.8488
vn -0.7733 0.4780 0.4165
vn -0.8190 0.5062 0.2704
vn -0.8448 0.5221 0.1171
vn -0.6250 0.4781 -0.6171
vn -0.5093 0.5067 -0.6957
vn -0.3849 0.5227 -0.7607
vn 0.3846 0.4800 -0.7884
vn 0.4998 0.5041 -0.7043
vn 0.6070 0.5166 -0.6039
vn 0.0389 0.9912 0.1267
vn 0.0872 0.9606 0.2639
vn 0.1332 0.9087 0.3956
vn 0.8247 0.5656 -0.0000
vn 0.7380 0.6748 -0.0000
vn 0.6370 0.7709 -0.0000
vn -0.1086 0.9906 0.0829
vn -0.2226 0.9617 0.1599
vn -0.3321 0.9139 0.2335
vn -0.1086 0.9906 -0.0829
vn -0.2226 0.9617 -0.1599
vn -0.3321 0.9139 -0.2335
vn 0.0389 0.9912 -0.1267
vn 0.0872 0.9606 -0.2639
vn 0.1332 0.9087 -0.3956
vn 0.4657 0.8703 -0.1606
vn 0.3863 0.8779 -0.2831
vn 0.2889 0.8735 -0.3919
vn 0.5701 0.8057 -0.1606
vn 0.6124 0.7381 -0.2831
vn 0.6521 0.6490 -0.3919
vn 0.3298 0.8016 -0.4987
vn 0.4563 0.7383 -0.4966
vn 0.5695 0.6534 -0.4987
vn -0.0106 0.8722 -0.4891
vn -0.1474 0.8772 -0.4569
vn -0.2786 0.8702 -0.4064
vn 0.0277 0.8016 -0.5972
vn -0.0792 0.7382 -0.6699
vn -0.1734 0.6529 -0.7373
vn -0.3737 0.8080 -0.4555
vn -0.3282 0.7366 -0.5914
vn -0.2905 0.6404 -0.7110
vn -0.4649 0.8705 -0.1618
vn -0.4789 0.8779 -0.0000
vn -0.4649 0.8705 0.1618
vn -0.5583 0.8043 -0.2034
vn -0.6610 0.7388 -0.1316
vn -0.7545 0.6527 -0.0689
vn -0.5583 0.8043 0.2034
vn -0.6610 0.7388 0.1316
vn -0.7545 0.6527 0.0689
vn -0.2786 0.8702 0.4064
vn -0.1474 0.8772 0.4569
vn -0.0106 0.8722 0.4891
vn -0.3737 0.8080 0.4555
vn -0.3282 0.7366 0.5914
vn -0.2905 0.6404 0.7110
vn 0.0277 0.8016 0.5972
vn -0.0792 0.7382 0.6699
vn -0.1734 0.6529 0.7373
vn 0.2889 0.8735 0.3919
vn 0.3863 0.8779 0.2831
vn 0.4657 0.8703 0.1606
vn 0.3298 0.8016 0.4987
vn 0.4563 0.7383 0.4966
vn 0.5695 0.6534 0.4987
vn 0.5701 0.8057 0.1606
vn 0.6124 0.7381 0.2831
vn 0.6521 0.6490 0.3919
vn 0.9029 0.1400 -0.4065
vn 0.8505 0.2605 -0.4570
vn 0.7848 0.3806 -0.4891
vn 0.8898 0.0271 -0.4555
vn 0.8056 0.0358 -0.5914
vn 0.7027 0.0266 -0.7110
vn 0.7046 0.3833 -0.5972
vn 0.6957 0.2592 -0.6699
vn 0.6615 0.1369 -0.7373
vn -0.0951 0.1298 -0.9870
vn -0.1663 0.2529 -0.9531
vn -0.2220 0.3802 -0.8979
vn -0.1586 0.0270 -0.9870
vn -0.3006 0.0357 -0.9531
vn -0.4394 0.0285 -0.8979
vn -0.3435 0.3768 -0.8602
vn -0.4179 0.2583 -0.8710
vn -0.4907 0.1387 -0.8602
vn -0.9691 0.1396 -0.2035
vn -0.9564 0.2608 -0.1316
vn -0.9212 0.3830 -0.0689
vn -0.9865 0.0265 -0.1618
vn -0.9994 0.0358 -0.0000
vn -0.9865 0.0265 0.1618
vn -0.9212 0.3830 0.0689
vn -0.9564 0.2608 0.1316
vn -0.9691 0.1396 0.2035
vn -0.4907 0.1387 0.8602
vn -0.4179 0.2583 0.8710
vn -0.3435 0.3768 0.8602
vn -0.4394 0.0285 0.8979
vn -0.3006 0.0357 0.9531
vn -0.1586 0.0270 0.9870
vn -0.2220 0.3802 0.8979
vn -0.1663 0.2529 0.9531
vn -0.0951 0.1298 0.9870
vn 0.6615 0.1369 0.7373
vn 0.6957 0.2592 0.6699
vn 0.7046 0.3833 0.5972
vn 0.7027 0.0266 0.7110
vn 0.8056 0.0358 0.5914
vn 0.8898 0.0271 0.4555
vn 0.7848 0.3806 0.4891
vn 0.8505 0.2605 0.4570
vn 0.9029 0.1400 0.4064
vn 0.4394 -0.0285 -0.8979
vn 0.3006 -0.0357 -0.9531
vn 0.1586 -0.0270 -0.9870
vn 0.4907 -0.1387 -0.8602
vn 0.4179 -0.2583 -0.8710
vn 0.3435 -0.3768 -0.8602
vn 0.0951 -0.1298 -0.9870
vn 0.1663 -0.2529 -0.9531
vn 0.2220 -0.3802 -0.8979
vn -0.7027 -0.0266 -0.7110
vn -0.8056 -0.0358 -0.5914
vn -0.8898 -0.0271 -0.4555
vn -0.6615 -0.1369 -0.7373
vn -0.6957 -0.2592 -0.6699
vn -0.7046 -0.3833 -0.5972
vn -0.9029 -0.1400 -0.4065
vn -0.8505 -0.2605 -0.4570
vn -0.7848 -0.3806 -0.4891
vn -0.8898 -0.0271 0.4555
vn -0.8056 -0.0358 0.5914
vn -0.7027 -0.0266 0.7110
vn -0.9029 -0.1400 0.4064
vn -0.8505 -0.2605 0.4570
vn -0.7848 -0.3806 0.4891
vn -0.6615 -0.1369 0.7373
vn -0.6957 -0.2593 0.6699
vn -0.7046 -0.3833 0.5972
vn 0.1586 -0.0270 0.9870
vn 0.3006 -0.0357 0.9531
vn 0.4394 -0.0285 0.8979
vn 0.0951 -0.1298 0.9870
vn 0.1663 -0.2529 0.9531
vn 0.2220 -0.3802 0.8979
vn 0.4907 -0.1387 0.8602
vn 0.4179 -0.2583 0.8710
vn 0.3435 -0.3768 0.8602
vn 0.9865 -0.0265 0.1618
vn 0.9994 -0.0358 -0.0000
vn 0.9865 -0.0265 -0.1618
vn 0.9691 -0.1396 0.2035
vn 0.9564 -0.2608 0.1316
vn 0.9212 -0.3830 0.0689
vn 0.9691 -0.1396 -0.2035
vn 0.9564 -0.2608 -0.1316
vn 0.9212 -0.3830 -0.0689
vn 0.3737 -0.8080 -0.4555
vn 0.3282 -0.7366 -0.5914
vn 0.2905 -0.6404 -0.7110
vn 0.2786 -0.8702 -0.4064
vn 0.1474 -0.8772 -0.4569
vn 0.0106 -0.8722 -0.4891
vn 0.1734 -0.6529 -0.7373
vn 0.0792 -0.7382 -0.6699
vn -0.0277 -0.8016 -0.5972
vn -0.3298 -0.8016 -0.4987
vn -0.4563 -0.7383 -0.4966
vn -0.5695 -0.6534 -0.4987
vn -0.2889 -0.8735 -0.3919
vn -0.3863 -0.8779 -0.2831
vn -0.4657 -0.8703 -0.1606
vn -0.6521 -0.6490 -0.3919
vn -0.6124 -0.7381 -0.2831
vn -0.5701 -0.8057 -0.1606
vn -0.5701 -0.8057 0.1606
vn -0.6124 -0.7381 0.2831
vn -0.6521 -0.6490 0.3919
vn -0.4657 -0.8703 0.1606
vn -0.3863 -0.8779 0.2831
vn -0.2889 -0.8735 0.3919
vn -0.5695 -0.6534 0.4987
vn -0.4563 -0.7383 0.4966
vn -0.3298 -0.8016 0.4987
vn 0.7545 -0.6527 -0.0689
vn 0.6610 -0.7388 -0.1316
vn 0.5583 -0.8043 -0.2034
vn 0.7545 -0.6527 0.0689
vn 0.6610 -0.7388 0.1316
vn 0.5583 -0.8043 0.2034
vn 0.4649 -0.8705 -0.1618
vn 0.4789 -0.8779 -0.0000
vn 0.4649 -0.8705 0.1618
vn -0.0277 -0.8016 0.5972
vn 0.0792 -0.7382 0.6699
vn 0.1734 -0.6529 0.7373
vn 0.0106 -0.8722 0.4891
vn 0.1474 -0.8772 0.4570
vn 0.2786 -0.8702 0.4064
vn 0.2905 -0.6404 0.7110
vn 0.3282 -0.7366 0.5914
vn 0.3737 -0.8080 0.4555
vn -0.2286 -0.1619 -0.9600
vn -0.2748 -0.3548 -0.8936
vn -0.2350 -0.5158 -0.8239
vn 0.2350 -0.5158 -0.8239
vn 0.2748 -0.3548 -0.8936
vn 0.2286 -0.1619 -0.9600
vn -0.0692 -0.0000 -0.9976
vn 0.0692 -0.0000 -0.9976
vn 0.0795 -0.6831 -0.7260
vn -0.0000 -0.6899 -0.7239
vn -0.0795 -0.6831 -0.7260
vn -0.2347 -0.7980 -0.5551
vn -0.2664 -0.8869 -0.3774
vn -0.2395 -0.9485 -0.2072
vn 0.2395 -0.9485 -0.2072
vn 0.2664 -0.8869 -0.3774
vn 0.2347 -0.7980 -0.5551
vn 0.0806 -0.9967 -0.0000
vn -0.0000 -1.0000 -0.0000
vn -0.0806 -0.9967 -0.0000
vn -0.2395 -0.9485 0.2072
vn -0.2664 -0.8869 0.3774
vn -0.2347 -0.7980 0.5551
vn 0.2347 -0.7980 0.5551
vn 0.2664 -0.8869 0.3774
vn 0.2395 -0.9485 0.2072
vn 0.0795 -0.6831 0.7260
vn -0.0000 -0.6899 0.7239
vn -0.0795 -0.6831 0.7260
vn -0.2350 -0.5158 0.8239
vn -0.2748 -0.3548 0.8936
vn -0.2286 -0.1619 0.9600
vn 0.2286 -0.1619 0.9600
vn 0.2748 -0.3548 0.8936
vn 0.2350 -0.5158 0.8239
vn 0.0692 -0.0000 0.9976
vn -0.0692 -0.0000 0.9976
vn -0.2286 0.1619 0.9600
vn -0.2748 0.3548 0.8936
vn -0.2350 0.5158 0.8239
vn 0.2350 0.5158 0.8239
vn 0.2748 0.3548 0.8936
vn 0.2286 0.1619 0.9600
vn 0.0795 0.6831 0.7260
vn -0.0000 0.6899 0.7239
vn -0.0795 0.6831 0.7260
vn -0.2347 0.7980 0.5551
vn -0.2664 0.8869 0.3774
vn -0.2395 0.9485 0.2072
vn 0.2395 0.9485 0.2072
vn 0.2664 0.8869 0.3774
vn 0.2347 0.7980 0.5551
vn 0.0806 0.9967 -0.0000
vn -0.0000 1.0000 -0.0000
vn -0.0806 0.9967 -0.0000
vn -0.2395 0.9485 -0.2072
vn -0.2664 0.8869 -0.3774
vn -0.2347 0.7980 -0.5551
vn 0.2347 0.7980 -0.5551
vn 0.2664 0.8869 -0.3774
vn 0.2395 0.9485 -0.2072
vn 0.0795 0.6831 -0.7260
vn -0.0000 0.6899 -0.7239
vn -0.0795 0.6831 -0.7260
vn -0.2350 0.5158 -0.8239
vn -0.2748 0.3548 -0.8936
vn -0.2286 0.1619 -0.9600
vn 0.2286 0.1619 -0.9600
vn 0.2748 0.3548 -0.8936
vn 0.2350 0.5158 -0.8239
vn 0.1009 0.0071 -0.9949
vn 0.0963 0.0260 -0.9950
vn 0.0956 0.0371 -0.9947
vn 0.1817 0.0015 -0.9834
vn 0.1816 0.0282 -0.9830
vn 0.1815 0.0425 -0.9825
vn 0.2806 0.0088 -0.9598
vn 0.2873 0.0328 -0.9573
vn 0.2883 0.0469 -0.9564
vn 0.8238 0.0179 -0.5666
vn 0.8056 0.0646 -0.5890
vn 0.8012 0.0919 -0.5913
vn 1.0000 0.0042 -0.0000
vn 0.9970 0.0774 -0.0000
vn 0.9932 0.1164 -0.0000
vn 0.8238 0.0179 0.5666
vn 0.8056 0.0646 0.5890
vn 0.8012 0.0919 0.5913
vn 0.2806 0.0088 0.9598
vn 0.2873 0.0328 0.9573
vn 0.2883 0.0469 0.9564
vn 0.1817 0.0015 0.9834
vn 0.1816 0.0282 0.9830
vn 0.1815 0.0425 0.9825
vn 0.1009 0.0071 0.9949
vn 0.0963 0.0260 0.9950
vn 0.0956 0.0371 0.9947
vn -0.1009 0.0071 0.9949
vn -0.0963 0.0260 0.9950
vn -0.0956 0.0371 0.9947
vn -0.1817 0.0015 0.9834
vn -0.1816 0.0282 0.9830
vn -0.1815 0.0425 0.9825
vn -0.2806 0.0088 0.9598
vn -0.2873 0.0328 0.9573
vn -0.2883 0.0469 0.9564
vn 0.4827 0.0920 -0.8709
vn 0.1807 0.1018 -0.9782
vn -0.0000 0.0527 -0.9986
vn -0.1807 0.1018 -0.9782
vn -0.4827 0.0920 -0.8709
vn -0.9625 0.2712 -0.0000
vn -0.4827 0.0920 0.8709
vn -0.1807 0.1018 0.9782
vn -0.0000 0.0527 0.9986
vn 0.1807 0.1018 0.9782
vn 0.4827 0.0920 0.8709
vn 0.9625 0.2712 -0.0000
vn -0.8238 0.0179 0.5666
vn -0.8056 0.0646 0.5890
vn -0.8012 0.0919 0.5913
vn -1.0000 0.0042 -0.0000
vn -0.9970 0.0774 -0.0000
vn -0.9932 0.1164 -0.0000
vn -0.8238 0.0179 -0.5666
vn -0.8056 0.0646 -0.5890
vn -0.8012 0.0919 -0.5913
vn -0.2806 0.0088 -0.9598
vn -0.2873 0.0328 -0.9573
vn -0.2883 0.0469 -0.9564
vn -0.1817 0.0015 -0.9834
vn -0.1816 0.0282 -0.9830
vn -0.1815 0.0425 -0.9825
vn -0.1009 0.0071 -0.9949
vn -0.0963 0.0260 -0.9950
vn -0.0956 0.0371 -0.9947
vn -0.0000 -0.1041 -0.9946
vn 0.1764 -0.2395 -0.9547
vn 0.4768 -0.1801 -0.8603
vn 0.8273 -0.5617 -0.0000
vn 0.4768 -0.1801 0.8603
vn 0.1764 -0.2395 0.9547
vn -0.0000 -0.1041 0.9946
vn -0.1764 -0.2395 0.9547
vn -0.4768 -0.1801 0.8603
vn -0.8273 -0.5617 -0.0000
vn -0.4768 -0.1801 -0.8603
vn -0.1764 -0.2395 -0.9547
vn 0.1099 -0.9409 0.3202
vn 0.0573 -0.9833 0.1729
vn 0.1639 -0.9578 0.2363
vn 0.2513 -0.9102 0.3292
vn 0.1280 -0.9101 0.3942
vn -0.0028 -0.9081 0.4188
vn 0.0069 -0.9565 0.2917
vn 0.6922 -0.6656 0.2790
vn 0.7175 -0.5702 0.4000
vn 0.6493 -0.6706 0.3587
vn 0.5842 -0.7613 0.2812
vn 0.6813 -0.7049 0.1973
vn 0.7679 -0.6227 0.1505
vn 0.7630 -0.5859 0.2729
vn -0.2651 -0.9489 0.1709
vn -0.1408 -0.9853 0.0971
vn -0.1777 -0.9571 0.2290
vn -0.2371 -0.9152 0.3258
vn -0.3305 -0.9125 0.2411
vn -0.3938 -0.9124 0.1120
vn -0.2710 -0.9586 0.0875
vn -0.2651 -0.9489 -0.1709
vn -0.1408 -0.9853 -0.0971
vn -0.2710 -0.9586 -0.0875
vn -0.3938 -0.9124 -0.1120
vn -0.3305 -0.9125 -0.2411
vn -0.2371 -0.9152 -0.3258
vn -0.1777 -0.9571 -0.2290
vn 0.1099 -0.9409 -0.3202
vn 0.0573 -0.9833 -0.1729
vn 0.0069 -0.9565 -0.2917
vn -0.0028 -0.9081 -0.4188
vn 0.1280 -0.9101 -0.3942
vn 0.2513 -0.9102 -0.3292
vn 0.1639 -0.9578 -0.2363
vn 0.9049 -0.3214 0.2790
vn 0.8309 -0.3868 0.4000
vn 0.8653 -0.4204 0.2729
vn 0.9003 -0.4084 0.1505
vn 0.9352 -0.2941 0.1973
vn 0.9422 -0.1821 0.2812
vn 0.8902 -0.2808 0.3587
vn 0.0153 -0.3322 0.9431
vn -0.1191 -0.3859 0.9148
vn 0.0077 -0.4172 0.9088
vn 0.1339 -0.4079 0.9032
vn 0.0975 -0.2860 0.9533
vn 0.0222 -0.1831 0.9828
vn -0.0580 -0.2738 0.9600
vn -0.8908 -0.3225 0.3202
vn -0.9051 -0.3885 0.1729
vn -0.8586 -0.4216 0.2917
vn -0.8109 -0.4086 0.4188
vn -0.8712 -0.2925 0.3942
vn -0.9265 -0.1822 0.3292
vn -0.9299 -0.2817 0.2363
vn -0.5592 -0.3236 -0.7633
vn -0.4304 -0.3875 -0.8153
vn -0.5356 -0.4199 -0.7326
vn -0.6352 -0.4090 -0.6552
vn -0.6390 -0.2928 -0.7113
vn -0.5927 -0.1815 -0.7848
vn -0.5046 -0.2774 -0.8176
vn 0.5280 -0.3263 -0.7840
vn 0.6291 -0.3888 -0.6731
vn 0.5230 -0.4217 -0.7407
vn 0.4097 -0.4115 -0.8141
vn 0.4693 -0.2901 -0.8340
vn 0.5513 -0.1824 -0.8141
vn 0.6110 -0.2792 -0.7407
vn 0.8009 -0.1451 0.5810
vn 0.7742 -0.2873 0.5639
vn 0.8401 -0.1822 0.5110
vn 0.8761 -0.0677 0.4774
vn 0.8048 -0.0425 0.5920
vn 0.7201 -0.0695 0.6904
vn 0.7438 -0.1812 0.6434
vn -0.3040 -0.1349 0.9431
vn -0.2919 -0.2791 0.9148
vn -0.2190 -0.1743 0.9600
vn -0.1737 -0.0620 0.9828
vn -0.2994 -0.0407 0.9533
vn -0.4247 -0.0626 0.9032
vn -0.3766 -0.1798 0.9088
vn -0.9892 -0.1468 -0.0000
vn -0.9574 -0.2888 -0.0000
vn -0.9799 -0.1823 0.0814
vn -0.9889 -0.0697 0.1313
vn -0.9991 -0.0428 -0.0000
vn -0.9889 -0.0697 -0.1313
vn -0.9799 -0.1823 -0.0814
vn -0.3040 -0.1349 -0.9431
vn -0.2919 -0.2791 -0.9148
vn -0.3766 -0.1798 -0.9088
vn -0.4247 -0.0626 -0.9032
vn -0.2994 -0.0407 -0.9533
vn -0.1737 -0.0620 -0.9828
vn -0.2190 -0.1743 -0.9600
vn 0.8009 -0.1451 -0.5810
vn 0.7742 -0.2873 -0.5639
vn 0.7438 -0.1812 -0.6434
vn 0.7201 -0.0695 -0.6904
vn 0.8048 -0.0425 -0.5920
vn 0.8761 -0.0677 -0.4774
vn 0.8401 -0.1822 -0.5110
vn 0.4107 0.6645 0.6243
vn 0.3515 0.5687 0.7437
vn 0.4551 0.5835 0.6726
vn 0.5396 0.6192 0.5705
vn 0.4361 0.7057 0.5584
vn 0.3125 0.7595 0.5705
vn 0.3184 0.6680 0.6726
vn -0.4880 0.6514 0.5810
vn -0.6032 0.5640 0.5639
vn -0.4947 0.5842 0.6434
vn -0.3842 0.6130 0.6904
vn -0.3980 0.7008 0.5920
vn -0.4523 0.7533 0.4774
vn -0.5386 0.6699 0.5110
vn -0.6922 0.6656 -0.2790
vn -0.7175 0.5702 -0.4000
vn -0.7630 0.5859 -0.2729
vn -0.7679 0.6227 -0.1505
vn -0.6813 0.7049 -0.1973
vn -0.5842 0.7613 -0.2812
vn -0.6493 0.6706 -0.3587
vn 0.0393 0.6449 -0.7633
vn 0.1541 0.5582 -0.8153
vn 0.0224 0.5754 -0.8176
vn -0.1028 0.6112 -0.7848
vn -0.0239 0.7025 -0.7113
vn 0.0817 0.7510 -0.6552
vn 0.1360 0.6669 -0.7326
vn 0.7302 0.6615 -0.1709
vn 0.8183 0.5665 -0.0971
vn 0.7766 0.5869 -0.2290
vn 0.7125 0.6214 -0.3258
vn 0.6684 0.7037 -0.2411
vn 0.6399 0.7602 -0.1120
vn 0.7362 0.6711 -0.0875
vn 0.2651 0.9489 -0.1709
vn 0.3938 0.9124 -0.1120
vn 0.3305 0.9125 -0.2411
vn 0.2371 0.9152 -0.3258
vn 0.1777 0.9571 -0.2290
vn 0.1408 0.9853 -0.0971
vn 0.2710 0.9586 -0.0875
vn 0.4875 0.7889 -0.3741
vn 0.5110 0.8268 -0.2351
vn 0.5564 0.7667 -0.3203
vn 0.5784 0.6952 -0.4268
vn 0.4725 0.7645 -0.4386
vn 0.3631 0.8282 -0.4268
vn 0.4369 0.8406 -0.3203
vn 0.4107 0.6645 -0.6243
vn 0.5396 0.6192 -0.5705
vn 0.4551 0.5835 -0.6726
vn 0.3515 0.5687 -0.7437
vn 0.3184 0.6680 -0.6726
vn 0.3125 0.7595 -0.5705
vn 0.4361 0.7057 -0.5584
vn -0.1099 0.9409 -0.3202
vn 0.0028 0.9081 -0.4188
vn -0.1280 0.9101 -0.3942
vn -0.2513 0.9102 -0.3292
vn -0.1639 0.9578 -0.2363
vn -0.0573 0.9833 -0.1729
vn -0.0069 0.9565 -0.2917
vn -0.1788 0.7991 -0.5740
vn -0.0466 0.8305 -0.5551
vn -0.1299 0.7669 -0.6285
vn -0.2153 0.7040 -0.6768
vn -0.2611 0.7656 -0.5880
vn -0.2787 0.8295 -0.4840
vn -0.1660 0.8412 -0.5146
vn -0.4880 0.6514 -0.5810
vn -0.3842 0.6130 -0.6904
vn -0.4947 0.5842 -0.6434
vn -0.6032 0.5640 -0.5639
vn -0.5386 0.6699 -0.5110
vn -0.4524 0.7533 -0.4774
vn -0.3980 0.7008 -0.5920
vn -0.3111 0.9504 -0.0000
vn -0.3799 0.9157 -0.1313
vn -0.4085 0.9127 -0.0000
vn -0.3799 0.9157 0.1313
vn -0.2752 0.9580 0.0814
vn -0.1699 0.9855 -0.0000
vn -0.2751 0.9580 -0.0814
vn -0.6163 0.7875 -0.0000
vn -0.5508 0.8262 -0.1186
vn -0.6382 0.7667 -0.0701
vn -0.7186 0.6955 -0.0000
vn -0.6382 0.7667 0.0701
vn -0.5508 0.8262 0.1186
vn -0.5420 0.8404 -0.0000
vn -0.6922 0.6656 0.2790
vn -0.7679 0.6227 0.1505
vn -0.7630 0.5859 0.2729
vn -0.7175 0.5702 0.4000
vn -0.6493 0.6706 0.3587
vn -0.5842 0.7613 0.2812
vn -0.6813 0.7049 0.1973
vn -0.1099 0.9409 0.3202
vn -0.2513 0.9102 0.3292
vn -0.1280 0.9101 0.3942
vn 0.0028 0.9081 0.4188
vn -0.0069 0.9565 0.2917
vn -0.0573 0.9833 0.1729
vn -0.1639 0.9578 0.2363
vn -0.1788 0.7991 0.5740
vn -0.2787 0.8295 0.4840
vn -0.2611 0.7656 0.5880
vn -0.2152 0.7040 0.6768
vn -0.1299 0.7669 0.6285
vn -0.0466 0.8305 0.5551
vn -0.1660 0.8412 0.5146
vn 0.0393 0.6449 0.7633
vn -0.1028 0.6112 0.7847
vn 0.0224 0.5754 0.8176
vn 0.1541 0.5582 0.8153
vn 0.1360 0.6669 0.7326
vn 0.0817 0.7510 0.6552
vn -0.0239 0.7025 0.7113
vn 0.2651 0.9489 0.1709
vn 0.2371 0.9152 0.3258
vn 0.3305 0.9125 0.2411
vn 0.3938 0.9124 0.1120
vn 0.2710 0.9586 0.0875
vn 0.1408 0.9853 0.0971
vn 0.1777 0.9571 0.2290
vn 0.4875 0.7889 0.3741
vn 0.3631 0.8282 0.4268
vn 0.4725 0.7645 0.4386
vn 0.5784 0.6952 0.4268
vn 0.5564 0.7667 0.3203
vn 0.5110 0.8268 0.2351
vn 0.4369 0.8406 0.3203
vn 0.7302 0.6615 0.1709
vn 0.7125 0.6214 0.3258
vn 0.7766 0.5869 0.2290
vn 0.8183 0.5665 0.0971
vn 0.7362 0.6711 0.0875
vn 0.6399 0.7602 0.1120
vn 0.6684 0.7037 0.2411
vn 0.8908 0.3225 -0.3202
vn 0.9265 0.1822 -0.3292
vn 0.8712 0.2925 -0.3942
vn 0.8109 0.4086 -0.4188
vn 0.8586 0.4216 -0.2917
vn 0.9051 0.3885 -0.1729
vn 0.9299 0.2817 -0.2363
vn 0.7947 0.1975 -0.5740
vn 0.8666 0.1217 -0.4840
vn 0.8015 0.1088 -0.5880
vn 0.7259 0.1223 -0.6768
vn 0.7440 0.2268 -0.6285
vn 0.7636 0.3297 -0.5551
vn 0.8266 0.2278 -0.5146
vn 0.5592 0.3236 -0.7633
vn 0.5927 0.1815 -0.7848
vn 0.5046 0.2774 -0.8176
vn 0.4304 0.3875 -0.8153
vn 0.5356 0.4199 -0.7326
vn 0.6352 0.4090 -0.6552
vn 0.6390 0.2928 -0.7113
vn -0.0153 0.3322 -0.9431
vn -0.0222 0.1831 -0.9828
vn -0.0975 0.2860 -0.9533
vn -0.1339 0.4079 -0.9032
vn -0.0077 0.4172 -0.9088
vn 0.1191 0.3859 -0.9148
vn 0.0580 0.2738 -0.9600
vn -0.3036 0.1877 -0.9341
vn -0.1853 0.1145 -0.9760
vn -0.3001 0.1067 -0.9479
vn -0.4148 0.1173 -0.9023
vn -0.3642 0.2251 -0.9037
vn -0.2904 0.3185 -0.9023
vn -0.2297 0.2207 -0.9479
vn -0.5280 0.3263 -0.7840
vn -0.5513 0.1824 -0.8141
vn -0.6110 0.2792 -0.7407
vn -0.6291 0.3888 -0.6731
vn -0.5230 0.4217 -0.7407
vn -0.4097 0.4115 -0.8141
vn -0.4693 0.2901 -0.8340
vn -0.9049 0.3214 -0.2790
vn -0.9422 0.1821 -0.2812
vn -0.9352 0.2941 -0.1973
vn -0.9003 0.4084 -0.1505
vn -0.8653 0.4204 -0.2729
vn -0.8309 0.3868 -0.4000
vn -0.8902 0.2808 -0.3587
vn -0.9800 0.1990 -0.0000
vn -0.9853 0.1232 -0.1186
vn -0.9940 0.1090 -0.0000
vn -0.9853 0.1232 0.1186
vn -0.9712 0.2279 0.0701
vn -0.9434 0.3317 -0.0000
vn -0.9712 0.2279 -0.0701
vn -0.9049 0.3214 0.2790
vn -0.9422 0.1821 0.2812
vn -0.8902 0.2808 0.3587
vn -0.8309 0.3868 0.4000
vn -0.8653 0.4204 0.2729
vn -0.9003 0.4084 0.1505
vn -0.9352 0.2941 0.1973
vn -0.5280 0.3263 0.7840
vn -0.5513 0.1824 0.8141
vn -0.4693 0.2901 0.8340
vn -0.4097 0.4115 0.8141
vn -0.5230 0.4217 0.7407
vn -0.6291 0.3888 0.6731
vn -0.6110 0.2792 0.7407
vn -0.3036 0.1877 0.9341
vn -0.4148 0.1173 0.9023
vn -0.3001 0.1067 0.9479
vn -0.1853 0.1145 0.9760
vn -0.2297 0.2207 0.9479
vn -0.2904 0.3185 0.9023
vn -0.3642 0.2251 0.9037
vn -0.0153 0.3322 0.9431
vn -0.0222 0.1831 0.9828
vn 0.0580 0.2738 0.9600
vn 0.1191 0.3859 0.9148
vn -0.0077 0.4172 0.9088
vn -0.1339 0.4079 0.9032
vn -0.0975 0.2860 0.9533
vn 0.5592 0.3236 0.7633
vn 0.5927 0.1815 0.7848
vn 0.6390 0.2928 0.7113
vn 0.6352 0.4090 0.6552
vn 0.5357 0.4199 0.7326
vn 0.4304 0.3875 0.8153
vn 0.5046 0.2774 0.8176
vn 0.7947 0.1975 0.5740
vn 0.7259 0.1223 0.6768
vn 0.8015 0.1088 0.5880
vn 0.8666 0.1217 0.4840
vn 0.8266 0.2278 0.5146
vn 0.7636 0.3297 0.5551
vn 0.7440 0.2268 0.6285
vn 0.8908 0.3225 0.3202
vn 0.9265 0.1822 0.3292
vn 0.9299 0.2817 0.2363
vn 0.9051 0.3885 0.1729
vn 0.8586 0.4216 0.2917
vn 0.8109 0.4086 0.4188
vn 0.8712 0.2925 0.3942
vn 0.3040 0.1349 -0.9431
vn 0.4247 0.0626 -0.9032
vn 0.2994 0.0407 -0.9533
vn 0.1737 0.0620 -0.9828
vn 0.2190 0.1743 -0.9600
vn 0.2919 0.2791 -0.9148
vn 0.3766 0.1798 -0.9088
vn 0.3036 -0.1877 -0.9341
vn 0.4148 -0.1173 -0.9023
vn 0.3642 -0.2251 -0.9037
vn 0.2904 -0.3185 -0.9023
vn 0.2297 -0.2207 -0.9479
vn 0.1853 -0.1145 -0.9760
vn 0.3001 -0.1067 -0.9479
vn 0.0153 -0.3322 -0.9431
vn 0.1339 -0.4079 -0.9032
vn 0.0077 -0.4172 -0.9088
vn -0.1191 -0.3859 -0.9148
vn -0.0580 -0.2738 -0.9600
vn 0.0222 -0.1831 -0.9828
vn 0.0975 -0.2860 -0.9533
vn -0.8009 0.1451 -0.5810
vn -0.7201 0.0695 -0.6904
vn -0.8048 0.0425 -0.5920
vn -0.8761 0.0677 -0.4774
vn -0.8401 0.1822 -0.5110
vn -0.7742 0.2873 -0.5639
vn -0.7438 0.1812 -0.6434
vn -0.7947 -0.1975 -0.5740
vn -0.7259 -0.1223 -0.6768
vn -0.7440 -0.2268 -0.6285
vn -0.7636 -0.3297 -0.5551
vn -0.8266 -0.2278 -0.5146
vn -0.8666 -0.1217 -0.4840
vn -0.8015 -0.1088 -0.5880
vn -0.8908 -0.3225 -0.3202
vn -0.8109 -0.4086 -0.4188
vn -0.8586 -0.4216 -0.2917
vn -0.9051 -0.3885 -0.1729
vn -0.9299 -0.2817 -0.2363
vn -0.9265 -0.1822 -0.3292
vn -0.8712 -0.2925 -0.3942
vn -0.8009 0.1451 0.5810
vn -0.8761 0.0677 0.4774
vn -0.8048 0.0425 0.5920
vn -0.7201 0.0695 0.6904
vn -0.7438 0.1812 0.6434
vn -0.7742 0.2873 0.5639
vn -0.8401 0.1822 0.5110
vn -0.7947 -0.1975 0.5740
vn -0.8666 -0.1217 0.4840
vn -0.8266 -0.2278 0.5146
vn -0.7636 -0.3297 0.5551
vn -0.7440 -0.2268 0.6285
vn -0.7259 -0.1223 0.6768
vn -0.8015 -0.1088 0.5880
vn -0.5592 -0.3236 0.7633
vn -0.6352 -0.4090 0.6552
vn -0.5356 -0.4199 0.7326
vn -0.4304 -0.3875 0.8153
vn -0.5046 -0.2774 0.8176
vn -0.5927 -0.1815 0.7848
vn -0.6390 -0.2928 0.7113
vn 0.3040 0.1349 0.9431
vn 0.1737 0.0621 0.9828
vn 0.2994 0.0407 0.9533
vn 0.4247 0.0626 0.9032
vn 0.3766 0.1798 0.9088
vn 0.2919 0.2791 0.9148
vn 0.2190 0.1743 0.9600
vn 0.3036 -0.1877 0.9341
vn 0.1853 -0.1145 0.9760
vn 0.2297 -0.2207 0.9479
vn 0.2904 -0.3185 0.9023
vn 0.3642 -0.2251 0.9037
vn 0.4148 -0.1173 0.9023
vn 0.3001 -0.1067 0.9479
vn 0.5280 -0.3263 0.7840
vn 0.4097 -0.4115 0.8141
vn 0.5230 -0.4217 0.7407
vn 0.6291 -0.3888 0.6731
vn 0.6110 -0.2792 0.7407
vn 0.5513 -0.1824 0.8141
vn 0.4693 -0.2901 0.8340
vn 0.9892 0.1468 -0.0000
vn 0.9889 0.0697 0.1313
vn 0.9991 0.0428 -0.0000
vn 0.9889 0.0697 -0.1313
vn 0.9799 0.1823 -0.0814
vn 0.9574 0.2888 -0.0000
vn 0.9799 0.1823 0.0814
vn 0.9800 -0.1990 -0.0000
vn 0.9853 -0.1232 0.1186
vn 0.9712 -0.2279 0.0701
vn 0.9434 -0.3317 -0.0000
vn 0.9712 -0.2279 -0.0701
vn 0.9853 -0.1232 -0.1186
vn 0.9940 -0.1090 -0.0000
vn 0.9049 -0.3214 -0.2790
vn 0.9003 -0.4084 -0.1505
vn 0.8653 -0.4204 -0.2729
vn 0.8309 -0.3868 -0.4000
vn 0.8902 -0.2808 -0.3587
vn 0.9422 -0.1821 -0.2812
vn 0.9352 -0.2941 -0.1973
vn 0.4880 -0.6514 -0.5810
vn 0.4523 -0.7533 -0.4774
vn 0.3980 -0.7008 -0.5920
vn 0.3842 -0.6130 -0.6904
vn 0.4947 -0.5842 -0.6434
vn 0.6032 -0.5640 -0.5639
vn 0.5386 -0.6699 -0.5110
vn 0.1788 -0.7991 -0.5740
vn 0.2787 -0.8295 -0.4840
vn 0.1660 -0.8412 -0.5146
vn 0.0466 -0.8305 -0.5551
vn 0.1299 -0.7669 -0.6285
vn 0.2152 -0.7040 -0.6768
vn 0.2611 -0.7656 -0.5880
vn -0.0393 -0.6449 -0.7633
vn -0.0817 -0.7510 -0.6552
vn -0.1360 -0.6669 -0.7326
vn -0.1541 -0.5582 -0.8153
vn -0.0224 -0.5753 -0.8176
vn 0.1028 -0.6112 -0.7847
vn 0.0239 -0.7025 -0.7113
vn -0.4107 -0.6645 -0.6243
vn -0.3125 -0.7595 -0.5705
vn -0.4361 -0.7057 -0.5584
vn -0.5396 -0.6192 -0.5705
vn -0.4551 -0.5835 -0.6726
vn -0.3515 -0.5687 -0.7437
vn -0.3184 -0.6680 -0.6726
vn -0.4875 -0.7889 -0.3741
vn -0.3631 -0.8282 -0.4268
vn -0.4369 -0.8406 -0.3203
vn -0.5110 -0.8268 -0.2351
vn -0.5564 -0.7667 -0.3203
vn -0.5784 -0.6952 -0.4268
vn -0.4725 -0.7645 -0.4386
vn -0.7302 -0.6615 -0.1709
vn -0.6399 -0.7602 -0.1120
vn -0.7362 -0.6711 -0.0875
vn -0.8183 -0.5665 -0.0971
vn -0.7766 -0.5869 -0.2290
vn -0.7125 -0.6214 -0.3258
vn -0.6684 -0.7037 -0.2411
vn -0.7302 -0.6615 0.1709
vn -0.6399 -0.7602 0.1120
vn -0.6684 -0.7037 0.2411
vn -0.7125 -0.6214 0.3258
vn -0.7766 -0.5869 0.2290
vn -0.8183 -0.5665 0.0971
vn -0.7362 -0.6711 0.0875
vn -0.4875 -0.7889 0.3741
vn -0.5110 -0.8268 0.2351
vn -0.4369 -0.8406 0.3203
vn -0.3631 -0.8282 0.4268
vn -0.4725 -0.7645 0.4386
vn -0.5784 -0.6952 0.4268
vn -0.5564 -0.7667 0.3203
vn -0.4107 -0.6645 0.6243
vn -0.3125 -0.7595 0.5705
vn -0.3184 -0.6680 0.6726
vn -0.3515 -0.5687 0.7437
vn -0.4551 -0.5835 0.6726
vn -0.5396 -0.6192 0.5705
vn -0.4361 -0.7057 0.5584
vn 0.6922 -0.6656 -0.2790
vn 0.7679 -0.6227 -0.1505
vn 0.6813 -0.7049 -0.1973
vn 0.5842 -0.7613 -0.2812
vn 0.6493 -0.6706 -0.3587
vn 0.7175 -0.5702 -0.4000
vn 0.7630 -0.5859 -0.2729
vn 0.6163 -0.7875 -0.0000
vn 0.7186 -0.6955 -0.0000
vn 0.6382 -0.7667 0.0701
vn 0.5508 -0.8262 0.1186
vn 0.5420 -0.8404 -0.0000
vn 0.5508 -0.8262 -0.1186
vn 0.6382 -0.7667 -0.0701
vn 0.3111 -0.9504 -0.0000
vn 0.3799 -0.9157 0.1313
vn 0.2752 -0.9580 0.0814
vn 0.1699 -0.9855 -0.0000
vn 0.2751 -0.9580 -0.0814
vn 0.3799 -0.9157 -0.1313
vn 0.4085 -0.9127 -0.0000
vn -0.0393 -0.6449 0.7633
vn -0.0817 -0.7510 0.6552
vn 0.0238 -0.7025 0.7113
vn 0.1028 -0.6112 0.7847
vn -0.0224 -0.5754 0.8176
vn -0.1541 -0.5582 0.8153
vn -0.1360 -0.6669 0.7326
vn 0.1788 -0.7991 0.5740
vn 0.0466 -0.8305 0.5551
vn 0.1660 -0.8412 0.5146
vn 0.2787 -0.8295 0.4840
vn 0.2611 -0.7656 0.5880
vn 0.2152 -0.7040 0.6768
vn 0.1299 -0.7669 0.6285
vn 0.4880 -0.6514 0.5810
vn 0.4524 -0.7533 0.4774
vn 0.5386 -0.6699 0.5110
vn 0.6032 -0.5640 0.5639
vn 0.4947 -0.5842 0.6434
vn 0.3842 -0.6130 0.6904
vn 0.3980 -0.7008 0.5920
vn -0.0882 -0.2401 -0.9667
vn -0.0000 -0.2251 -0.9743
vn 0.0882 -0.2401 -0.9667
vn -0.1022 -0.3752 -0.9213
vn -0.0000 -0.3762 -0.9265
vn 0.1022 -0.3752 -0.9213
vn -0.0903 -0.4917 -0.8661
vn -0.0000 -0.5026 -0.8645
vn 0.0903 -0.4917 -0.8661
vn -0.0892 -0.8561 -0.5091
vn -0.0000 -0.8521 -0.5233
vn 0.0892 -0.8561 -0.5091
vn -0.0995 -0.9183 -0.3831
vn -0.0000 -0.9228 -0.3852
vn 0.0995 -0.9183 -0.3831
vn -0.0904 -0.9626 -0.2555
vn -0.0000 -0.9697 -0.2443
vn 0.0904 -0.9626 -0.2555
vn -0.0904 -0.9626 0.2555
vn -0.0000 -0.9697 0.2443
vn 0.0904 -0.9626 0.2555
vn -0.0995 -0.9183 0.3831
vn -0.0000 -0.9228 0.3852
vn 0.0995 -0.9183 0.3831
vn -0.0892 -0.8561 0.5091
vn -0.0000 -0.8521 0.5233
vn 0.0892 -0.8561 0.5091
vn -0.0903 -0.4917 0.8661
vn -0.0000 -0.5026 0.8645
vn 0.0903 -0.4917 0.8661
vn -0.1022 -0.3752 0.9213
vn -0.0000 -0.3762 0.9265
vn 0.1022 -0.3752 0.9213
vn -0.0882 -0.2401 0.9667
vn -0.0000 -0.2251 0.9743
vn 0.0882 -0.2401 0.9667
vn -0.0882 0.2401 0.9667
vn -0.0000 0.2251 0.9743
vn 0.0882 0.2401 0.9667
vn -0.1022 0.3752 0.9213
vn -0.0000 0.3762 0.9265
vn 0.1022 0.3752 0.9213
vn -0.0903 0.4917 0.8661
vn -0.0000 0.5026 0.8645
vn 0.0903 0.4917 0.8661
vn -0.0892 0.8561 0.5091
vn -0.0000 0.8521 0.5233
vn 0.0892 0.8561 0.5091
vn -0.0995 0.9183 0.3831
vn -0.0000 0.9228 0.3852
vn 0.0995 0.9183 0.3831
vn -0.0904 0.9626 0.2555
vn -0.0000 0.9697 0.2443
vn 0.0904 0.9626 0.2555
vn 1.0000 -0.0000 -0.0000
vn 0.4404 -0.6115 -0.6573
vn 0.6169 -0.2578 -0.7436
vn 0.3891 -0.0000 -0.9212
vn 0.6169 0.2578 -0.7436
vn 0.4404 0.6115 -0.6573
vn 0.5985 0.7156 -0.3602
vn 0.4865 0.8737 -0.0000
vn 0.5985 0.7156 0.3602
vn 0.4404 0.6115 0.6573
vn 0.6169 0.2578 0.7436
vn 0.3891 -0.0000 0.9212
vn 0.6169 -0.2578 0.7436
vn 0.4404 -0.6115 0.6573
vn 0.5985 -0.7156 0.3602
vn 0.4865 -0.8737 -0.0000
vn 0.5985 -0.7156 -0.3602
vn -0.0904 0.9626 -0.2555
vn -0.0000 0.9697 -0.2443
vn 0.0904 0.9626 -0.2555
vn -0.0995 0.9183 -0.3831
vn -0.0000 0.9228 -0.3852
vn 0.0995 0.9183 -0.3831
vn -0.0892 0.8561 -0.5091
vn -0.0000 0.8521 -0.5233
vn 0.0892 0.8561 -0.5091
vn -0.0903 0.4917 -0.8661
vn -0.0000 0.5026 -0.8645
vn 0.0903 0.4917 -0.8661
vn -0.1022 0.3752 -0.9213
vn -0.0000 0.3762 -0.9265
vn 0.1022 0.3752 -0.9213
vn -0.0882 0.2401 -0.9667
vn -0.0000 0.2251 -0.9743
vn 0.0882 0.2401 -0.9667
vn -1.0000 -0.0000 -0.0000
vn -0.3891 -0.0000 -0.9212
vn -0.6169 -0.2578 -0.7436
vn -0.4404 -0.6115 -0.6573
vn -0.5985 -0.7156 -0.3602
vn -0.4865 -0.8737 -0.0000
vn -0.5985 -0.7156 0.3602
vn -0.4404 -0.6115 0.6573
vn -0.6169 -0.2578 0.7436
vn -0.3891 -0.0000 0.9212
vn -0.6169 0.2578 0.7436
vn -0.4404 0.6115 0.6574
vn -0.5985 0.7156 0.3602
vn -0.4865 0.8737 -0.0000
vn -0.5985 0.7156 -0.3602
vn -0.4404 0.6115 -0.6573
vn -0.6169 0.2578 -0.7436
vt 0.958333 0.625000
vt 0.958333 0.750000
vt 0.916667 0.750000
vt 0.916667 0.625000
vt 0.958333 0.875000
vt 0.916667 0.875000
vt 0.875000 0.750000
vt 0.875000 0.625000
vt 0.875000 0.875000
vt 1.000000 0.500000
vt 1.000000 0.625000
vt 0.958333 0.500000
vt 1.000000 0.750000
vt 1.000000 0.875000
vt 1.000000 1.000000
vt 0.958333 1.000000
vt 0.916667 1.000000
vt 0.875000 1.000000
vt 0.833333 1.000000
vt 0.833333 0.875000
vt 0.833333 0.750000
vt 0.833333 0.625000
vt 0.875000 0.500000
vt 0.833333 0.500000
vt 0.916667 0.500000
vt 0.791667 0.625000
vt 0.791667 0.750000
vt 0.750000 0.750000
vt 0.750000 0.625000
vt 0.791667 0.875000
vt 0.750000 0.875000
vt 0.708333 0.750000
vt 0.708333 0.625000
vt 0.708333 0.875000
vt 0.791667 0.500000
vt 0.791667 1.000000
vt 0.750000 1.000000
vt 0.708333 1.000000
vt 0.666667 1.000000
vt 0.666667 0.875000
vt 0.666667 0.750000
vt 0.666667 0.625000
vt 0.708333 0.500000
vt 0.666667 0.500000
vt 0.750000 0.500000
vt 0.625000 0.625000
vt 0.625000 0.750000
vt 0.583333 0.750000
vt 0.583333 0.625000
vt 0.625000 0.875000
vt 0.583333 0.875000
vt 0.541667 0.750000
vt 0.541667 0.625000
vt 0.541667 0.875000
vt 0.625000 0.500000
vt 0.625000 1.000000
vt 0.583333 1.000000
vt 0.541667 1.000000
vt 0.500000 1.000000
vt 0.500000 0.875000
vt 0.500000 0.750000
vt 0.500000 0.625000
vt 0.541667 0.500000
vt 0.500000 0.500000
vt 0.583333 0.500000
vt 0.458333 0.625000
vt 0.458333 0.750000
vt 0.416667 0.750000
vt 0.416667 0.625000
vt 0.458333 0.875000
vt 0.416667 0.875000
vt 0.375000 0.750000
vt 0.375000 0.625000
vt 0.375000 0.875000
vt 0.458333 0.500000
vt 0.458333 1.000000
vt 0.416667 1.000000
vt 0.375000 1.000000
vt 0.333333 1.000000
vt 0.333333 0.875000
vt 0.333333 0.750000
vt 0.333333 0.625000
vt 0.375000 0.500000
vt 0.333333 0.500000
vt 0.416667 0.500000
vt 0.382069 0.326250
vt 0.309359 0.352813
vt 0.250000 0.250000
vt 0.368718 0.250000
vt 0.250000 0.402500
vt 0.190641 0.352813
vt 0.117931 0.326250
vt 0.131282 0.250000
vt 0.117931 0.173750
vt 0.190641 0.147188
vt 0.250000 0.097500
vt 0.309359 0.147188
vt 0.382069 0.173750
vt 0.457846 0.370000
vt 0.405885 0.400000
vt 0.457846 0.310000
vt 0.353923 0.430000
vt 0.457846 0.250000
vt 0.250000 0.490000
vt 0.198039 0.460000
vt 0.301962 0.460000
vt 0.146077 0.430000
vt 0.042154 0.370000
vt 0.042154 0.310000
vt 0.094115 0.400000
vt 0.042154 0.250000
vt 0.042154 0.130000
vt 0.094115 0.100000
vt 0.042154 0.190000
vt 0.146077 0.070000
vt 0.250000 0.010000
vt 0.301962 0.040000
vt 0.198039 0.040000
vt 0.353923 0.070000
vt 0.457846 0.130000
vt 0.457846 0.190000
vt 0.405885 0.100000
vt 0.291667 0.625000
vt 0.291667 0.750000
vt 0.250000 0.750000
vt 0.250000 0.625000
vt 0.291667 0.875000
vt 0.250000 0.875000
vt 0.208333 0.750000
vt 0.208333 0.625000
vt 0.208333 0.875000
vt 0.291667 0.500000
vt 0.291667 1.000000
vt 0.250000 1.000000
vt 0.208333 1.000000
vt 0.166667 1.000000
vt 0.166667 0.875000
vt 0.166667 0.750000
vt 0.166667 0.625000
vt 0.208333 0.500000
vt 0.166667 0.500000
vt 0.250000 0.500000
vt 0.125000 0.625000
vt 0.125000 0.750000
vt 0.083333 0.750000
vt 0.083333 0.625000
vt 0.125000 0.875000
vt 0.083333 0.875000
vt 0.041667 0.750000
vt 0.041667 0.625000
vt 0.041667 0.875000
vt 0.125000 0.500000
vt 0.125000 1.000000
vt 0.083333 1.000000
vt 0.041667 1.000000
vt -0.000000 1.000000
vt -0.000000 0.875000
vt -0.000000 0.750000
vt -0.000000 0.625000
vt 0.041667 0.500000
vt -0.000000 0.500000
vt 0.083333 0.500000
vt 0.750000 0.402500
vt 0.809359 0.352813
vt 0.750000 0.250000
vt 0.690641 0.352813
vt 0.882069 0.326250
vt 0.868718 0.250000
vt 0.882069 0.173750
vt 0.809359 0.147188
vt 0.750000 0.097500
vt 0.690641 0.147188
vt 0.617931 0.173750
vt 0.631282 0.250000
vt 0.617931 0.326250
vt 0.750000 0.490000
vt 0.801962 0.460000
vt 0.698039 0.460000
vt 0.853923 0.430000
vt 0.646077 0.430000
vt 0.957846 0.370000
vt 0.957846 0.310000
vt 0.905885 0.400000
vt 0.957846 0.250000
vt 0.957846 0.130000
vt 0.905885 0.100000
vt 0.957846 0.190000
vt 0.853923 0.070000
vt 0.750000 0.010000
vt 0.698039 0.040000
vt 0.801962 0.040000
vt 0.646077 0.070000
vt 0.542154 0.130000
vt 0.542154 0.190000
vt 0.594116 0.100000
vt 0.542154 0.250000
vt 0.542154 0.370000
vt 0.594116 0.400000
vt 0.542154 0.310000
vt 0.181819 0.032987
vt 0.191644 0.046815
vt 0.181819 0.052487
vt 0.171994 0.046815
vt 0.198391 0.062237
vt 0.181819 0.063832
vt 0.165247 0.062237
vt 0.181819 0.000000
vt 0.193183 0.019683
vt 0.170455 0.019683
vt 0.204546 0.039365
vt 0.159092 0.039365
vt 0.227273 0.078731
vt 0.201350 0.078799
vt 0.215910 0.059048
vt 0.181819 0.078731
vt 0.136365 0.078731
vt 0.147728 0.059048
vt 0.162288 0.078799
vt 0.301611 0.140968
vt 0.308358 0.125545
vt 0.318182 0.131218
vt 0.318183 0.142562
vt 0.318340 0.111991
vt 0.328007 0.125545
vt 0.334597 0.140694
vt 0.272728 0.157461
vt 0.284092 0.137778
vt 0.298651 0.157529
vt 0.295455 0.118096
vt 0.318182 0.157461
vt 0.318182 0.078731
vt 0.331203 0.101147
vt 0.306819 0.098413
vt 0.340910 0.118096
vt 0.363637 0.157461
vt 0.337674 0.157461
vt 0.350656 0.134976
vt 0.909091 0.032987
vt 0.918916 0.046815
vt 0.909091 0.052487
vt 0.899266 0.046815
vt 0.925663 0.062237
vt 0.909091 0.063832
vt 0.892519 0.062237
vt 0.909091 0.000000
vt 0.920455 0.019683
vt 0.897727 0.019683
vt 0.931818 0.039365
vt 0.886364 0.039365
vt 0.954545 0.078731
vt 0.928622 0.078799
vt 0.943182 0.059048
vt 0.909091 0.078731
vt 0.863636 0.078731
vt 0.875000 0.059048
vt 0.889560 0.078799
vt 0.727273 0.032987
vt 0.737098 0.046815
vt 0.727273 0.052487
vt 0.717448 0.046815
vt 0.743845 0.062237
vt 0.727273 0.063832
vt 0.710701 0.062237
vt 0.727273 0.000000
vt 0.738637 0.019683
vt 0.715909 0.019683
vt 0.750000 0.039365
vt 0.704546 0.039365
vt 0.772727 0.078731
vt 0.746804 0.078799
vt 0.761364 0.059048
vt 0.727273 0.078731
vt 0.681818 0.078731
vt 0.693182 0.059048
vt 0.707742 0.078799
vt 0.545455 0.032987
vt 0.555280 0.046815
vt 0.545455 0.052487
vt 0.535630 0.046815
vt 0.562027 0.062237
vt 0.545455 0.063832
vt 0.528883 0.062237
vt 0.545455 0.000000
vt 0.556819 0.019683
vt 0.534091 0.019683
vt 0.568182 0.039365
vt 0.522728 0.039365
vt 0.590909 0.078731
vt 0.564986 0.078799
vt 0.579546 0.059048
vt 0.545455 0.078731
vt 0.500000 0.078731
vt 0.511364 0.059048
vt 0.525924 0.078799
vt 0.301768 0.174228
vt 0.318183 0.172360
vt 0.318182 0.183704
vt 0.308358 0.189377
vt 0.334597 0.174228
vt 0.328007 0.189377
vt 0.318183 0.202658
vt 0.285709 0.179946
vt 0.295455 0.196826
vt 0.350656 0.179946
vt 0.340910 0.196826
vt 0.318183 0.236191
vt 0.305201 0.213707
vt 0.331164 0.213706
vt 0.119950 0.174228
vt 0.136365 0.172360
vt 0.136365 0.183704
vt 0.126540 0.189377
vt 0.152779 0.174228
vt 0.146189 0.189377
vt 0.136364 0.202658
vt 0.090910 0.157461
vt 0.116833 0.157529
vt 0.103931 0.179877
vt 0.136365 0.157461
vt 0.113637 0.196826
vt 0.181819 0.157461
vt 0.168838 0.179946
vt 0.155856 0.157461
vt 0.159092 0.196826
vt 0.136364 0.236191
vt 0.123383 0.213707
vt 0.149346 0.213706
vt 0.847223 0.174228
vt 0.863636 0.172360
vt 0.863636 0.183704
vt 0.853812 0.189377
vt 0.880051 0.174228
vt 0.873461 0.189377
vt 0.863637 0.202658
vt 0.818182 0.157461
vt 0.844105 0.157529
vt 0.831163 0.179946
vt 0.863636 0.157461
vt 0.840909 0.196826
vt 0.909091 0.157461
vt 0.896110 0.179946
vt 0.883128 0.157461
vt 0.886364 0.196826
vt 0.863637 0.236191
vt 0.850655 0.213707
vt 0.876618 0.213706
vt 0.665404 0.174228
vt 0.681819 0.172360
vt 0.681818 0.183704
vt 0.671994 0.189377
vt 0.698233 0.174228
vt 0.691643 0.189377
vt 0.681819 0.202658
vt 0.636364 0.157461
vt 0.662287 0.157529
vt 0.649345 0.179946
vt 0.681819 0.157461
vt 0.659091 0.196826
vt 0.727273 0.157461
vt 0.714292 0.179946
vt 0.701310 0.157461
vt 0.704546 0.196826
vt 0.681819 0.236191
vt 0.668837 0.213707
vt 0.694800 0.213706
vt 0.483586 0.174228
vt 0.500001 0.172360
vt 0.500001 0.183704
vt 0.490176 0.189377
vt 0.516415 0.174228
vt 0.509825 0.189377
vt 0.500001 0.202658
vt 0.454546 0.157461
vt 0.480469 0.157529
vt 0.467527 0.179946
vt 0.500001 0.157461
vt 0.477273 0.196826
vt 0.545455 0.157461
vt 0.532474 0.179946
vt 0.519492 0.157461
vt 0.522728 0.196826
vt 0.500001 0.236191
vt 0.487019 0.213707
vt 0.512982 0.213706
vt 0.272728 0.190994
vt 0.282553 0.204275
vt 0.272728 0.209948
vt 0.262903 0.204275
vt 0.289142 0.219424
vt 0.272728 0.221292
vt 0.256314 0.219424
vt 0.259747 0.179946
vt 0.250001 0.196826
vt 0.292220 0.236191
vt 0.272728 0.236191
vt 0.227274 0.236191
vt 0.240255 0.213707
vt 0.253236 0.236191
vt 0.091068 0.190721
vt 0.100735 0.204275
vt 0.090910 0.209948
vt 0.081085 0.204275
vt 0.107324 0.219424
vt 0.090910 0.221292
vt 0.074338 0.219698
vt 0.079546 0.177144
vt 0.068183 0.196826
vt 0.110402 0.236191
vt 0.090910 0.236191
vt 0.045455 0.236191
vt 0.056819 0.216509
vt 0.071378 0.236259
vt 0.818182 0.190994
vt 0.828007 0.204275
vt 0.818182 0.209948
vt 0.808357 0.204275
vt 0.834596 0.219424
vt 0.818182 0.221292
vt 0.801768 0.219424
vt 0.805201 0.179946
vt 0.795455 0.196826
vt 0.837674 0.236191
vt 0.818182 0.236191
vt 0.772728 0.236191
vt 0.785709 0.213707
vt 0.798690 0.236191
vt 0.636364 0.190994
vt 0.646189 0.204275
vt 0.636364 0.209948
vt 0.626539 0.204275
vt 0.652778 0.219424
vt 0.636364 0.221292
vt 0.619950 0.219424
vt 0.623383 0.179946
vt 0.613637 0.196826
vt 0.655856 0.236191
vt 0.636364 0.236191
vt 0.590910 0.236191
vt 0.603891 0.213707
vt 0.616872 0.236191
vt 0.454546 0.190994
vt 0.464371 0.204275
vt 0.454546 0.209948
vt 0.444721 0.204275
vt 0.470960 0.219424
vt 0.454546 0.221292
vt 0.438132 0.219424
vt 0.441565 0.179946
vt 0.431819 0.196826
vt 0.474038 0.236191
vt 0.454546 0.236191
vt 0.409092 0.236191
vt 0.422073 0.213707
vt 0.435054 0.236191
vt 0.210702 0.331414
vt 0.227274 0.329820
vt 0.227274 0.341165
vt 0.217449 0.346837
vt 0.243688 0.331688
vt 0.237098 0.346837
vt 0.227431 0.360392
vt 0.181819 0.314921
vt 0.207742 0.314853
vt 0.193183 0.334604
vt 0.227274 0.314921
vt 0.204546 0.354286
vt 0.272728 0.314921
vt 0.259747 0.337406
vt 0.246765 0.314921
vt 0.250001 0.354286
vt 0.227273 0.393651
vt 0.215910 0.373969
vt 0.240294 0.371235
vt 0.028883 0.331414
vt 0.045455 0.329820
vt 0.045455 0.341165
vt 0.035630 0.346837
vt 0.061869 0.331688
vt 0.055280 0.346837
vt 0.045613 0.360392
vt 0.000000 0.314921
vt 0.025884 0.314921
vt 0.011364 0.334604
vt 0.045455 0.314921
vt 0.022728 0.354286
vt 0.090910 0.314921
vt 0.077928 0.337406
vt 0.064947 0.314921
vt 0.068182 0.354286
vt 0.045455 0.393651
vt 0.034091 0.373969
vt 0.058476 0.371235
vt 0.756156 0.331414
vt 0.772728 0.329820
vt 0.772727 0.341165
vt 0.762903 0.346837
vt 0.789142 0.331688
vt 0.782552 0.346837
vt 0.772885 0.360392
vt 0.727273 0.314921
vt 0.753196 0.314853
vt 0.738637 0.334604
vt 0.772728 0.314921
vt 0.750000 0.354286
vt 0.818182 0.314921
vt 0.805201 0.337406
vt 0.792219 0.314921
vt 0.795455 0.354286
vt 0.772727 0.393651
vt 0.761364 0.373969
vt 0.785748 0.371235
vt 0.574338 0.331414
vt 0.590909 0.329820
vt 0.590909 0.341165
vt 0.581085 0.346837
vt 0.607324 0.331688
vt 0.600734 0.346837
vt 0.591067 0.360392
vt 0.545455 0.314921
vt 0.571378 0.314853
vt 0.556819 0.334604
vt 0.590910 0.314921
vt 0.568182 0.354286
vt 0.636364 0.314921
vt 0.623383 0.337406
vt 0.610401 0.314921
vt 0.613637 0.354286
vt 0.590909 0.393651
vt 0.579546 0.373969
vt 0.603930 0.371235
vt 0.392520 0.331414
vt 0.409092 0.329820
vt 0.409092 0.341165
vt 0.399267 0.346837
vt 0.425506 0.331688
vt 0.418916 0.346837
vt 0.409249 0.360392
vt 0.363637 0.314921
vt 0.389560 0.314853
vt 0.375001 0.334604
vt 0.409092 0.314921
vt 0.386364 0.354286
vt 0.454546 0.314921
vt 0.441565 0.337406
vt 0.428583 0.314921
vt 0.431819 0.354286
vt 0.409092 0.393651
vt 0.397728 0.373969
vt 0.422112 0.371235
vt 0.437974 0.410145
vt 0.454546 0.408550
vt 0.454546 0.419895
vt 0.444721 0.425567
vt 0.471118 0.410145
vt 0.464371 0.425567
vt 0.454546 0.439395
vt 0.435015 0.393583
vt 0.420455 0.413334
vt 0.454546 0.393652
vt 0.431819 0.433017
vt 0.500000 0.393651
vt 0.488637 0.413334
vt 0.474077 0.393583
vt 0.477273 0.433017
vt 0.454546 0.472382
vt 0.443182 0.452699
vt 0.465910 0.452699
vt 0.438132 0.376885
vt 0.444721 0.361736
vt 0.454546 0.367408
vt 0.454546 0.378753
vt 0.454546 0.348454
vt 0.464371 0.361736
vt 0.470960 0.376885
vt 0.467527 0.337406
vt 0.477273 0.354286
vt 0.486980 0.371235
vt 0.483586 0.331688
vt 0.500000 0.329820
vt 0.500000 0.341165
vt 0.490176 0.346837
vt 0.516572 0.331414
vt 0.509825 0.346837
vt 0.499843 0.360392
vt 0.480509 0.314921
vt 0.500001 0.314921
vt 0.534091 0.334604
vt 0.519532 0.314853
vt 0.522728 0.354286
vt 0.511364 0.373969
vt 0.619792 0.410145
vt 0.636364 0.408550
vt 0.636364 0.419895
vt 0.626539 0.425567
vt 0.652936 0.410145
vt 0.646189 0.425567
vt 0.636364 0.439395
vt 0.616833 0.393583
vt 0.602273 0.413334
vt 0.636364 0.393652
vt 0.613637 0.433017
vt 0.681818 0.393651
vt 0.670455 0.413334
vt 0.655895 0.393583
vt 0.659091 0.433017
vt 0.636364 0.472382
vt 0.625000 0.452699
vt 0.647728 0.452699
vt 0.619950 0.376885
vt 0.626539 0.361736
vt 0.636364 0.367408
vt 0.636364 0.378753
vt 0.636364 0.348454
vt 0.646189 0.361736
vt 0.652778 0.376885
vt 0.649345 0.337406
vt 0.659091 0.354286
vt 0.668798 0.371235
vt 0.665404 0.331688
vt 0.681819 0.329820
vt 0.681818 0.341165
vt 0.671994 0.346837
vt 0.698391 0.331414
vt 0.691643 0.346837
vt 0.681661 0.360392
vt 0.662327 0.314921
vt 0.681819 0.314921
vt 0.715909 0.334604
vt 0.701350 0.314853
vt 0.704546 0.354286
vt 0.693182 0.373969
vt 0.801610 0.410145
vt 0.818182 0.408550
vt 0.818182 0.419895
vt 0.808357 0.425567
vt 0.834754 0.410145
vt 0.828007 0.425567
vt 0.818182 0.439395
vt 0.798651 0.393583
vt 0.784091 0.413334
vt 0.818182 0.393652
vt 0.795455 0.433017
vt 0.863636 0.393651
vt 0.852273 0.413334
vt 0.837713 0.393583
vt 0.840909 0.433017
vt 0.818182 0.472382
vt 0.806818 0.452699
vt 0.829546 0.452699
vt 0.801768 0.376885
vt 0.808357 0.361736
vt 0.818182 0.367408
vt 0.818182 0.378753
vt 0.818182 0.348454
vt 0.828007 0.361736
vt 0.834596 0.376885
vt 0.831163 0.337406
vt 0.840909 0.354286
vt 0.850616 0.371235
vt 0.847222 0.331688
vt 0.863637 0.329820
vt 0.863636 0.341165
vt 0.853812 0.346837
vt 0.880209 0.331414
vt 0.873461 0.346837
vt 0.863479 0.360392
vt 0.844145 0.314921
vt 0.863637 0.314921
vt 0.909091 0.314921
vt 0.897727 0.334604
vt 0.883168 0.314853
vt 0.886364 0.354286
vt 0.875000 0.373969
vt 0.074338 0.410145
vt 0.090910 0.408550
vt 0.090910 0.419895
vt 0.081085 0.425567
vt 0.107482 0.410145
vt 0.100735 0.425567
vt 0.090910 0.439395
vt 0.071378 0.393583
vt 0.056819 0.413334
vt 0.090910 0.393652
vt 0.068183 0.433017
vt 0.136365 0.393651
vt 0.125001 0.413334
vt 0.110441 0.393583
vt 0.113637 0.433017
vt 0.090910 0.472382
vt 0.079546 0.452699
vt 0.102274 0.452699
vt 0.074495 0.376885
vt 0.081085 0.361736
vt 0.090910 0.367408
vt 0.090910 0.378753
vt 0.090910 0.348454
vt 0.100735 0.361736
vt 0.107324 0.376885
vt 0.103891 0.337406
vt 0.113637 0.354286
vt 0.123344 0.371235
vt 0.119950 0.331688
vt 0.136364 0.329820
vt 0.136364 0.341165
vt 0.126540 0.346837
vt 0.152936 0.331414
vt 0.146189 0.346837
vt 0.136207 0.360392
vt 0.116872 0.314921
vt 0.136364 0.314921
vt 0.170455 0.334604
vt 0.155896 0.314853
vt 0.159092 0.354286
vt 0.147728 0.373969
vt 0.256156 0.410145
vt 0.272728 0.408550
vt 0.272728 0.419895
vt 0.262903 0.425567
vt 0.289300 0.410145
vt 0.282553 0.425567
vt 0.272728 0.439395
vt 0.253197 0.393583
vt 0.238637 0.413334
vt 0.272728 0.393652
vt 0.250001 0.433017
vt 0.318182 0.393651
vt 0.306819 0.413334
vt 0.292259 0.393583
vt 0.295455 0.433017
vt 0.272728 0.472382
vt 0.261364 0.452699
vt 0.284092 0.452699
vt 0.256314 0.376885
vt 0.262903 0.361736
vt 0.272728 0.367408
vt 0.272728 0.378753
vt 0.272728 0.348454
vt 0.282553 0.361736
vt 0.289142 0.376885
vt 0.285709 0.337406
vt 0.295455 0.354286
vt 0.305162 0.371235
vt 0.301768 0.331688
vt 0.318182 0.329820
vt 0.318182 0.341165
vt 0.308358 0.346837
vt 0.334754 0.331414
vt 0.328007 0.346837
vt 0.318025 0.360392
vt 0.298691 0.314921
vt 0.318182 0.314921
vt 0.352273 0.334604
vt 0.337714 0.314853
vt 0.340910 0.354286
vt 0.329546 0.373969
vt 0.409092 0.269724
vt 0.418916 0.283005
vt 0.409092 0.288678
vt 0.399267 0.283005
vt 0.425506 0.298155
vt 0.409092 0.300023
vt 0.392677 0.298154
vt 0.422073 0.258676
vt 0.396110 0.258676
vt 0.431819 0.275556
vt 0.386364 0.275556
vt 0.441565 0.292437
vt 0.376618 0.292437
vt 0.438132 0.252958
vt 0.454546 0.251090
vt 0.454546 0.262434
vt 0.444721 0.268107
vt 0.470960 0.252958
vt 0.464371 0.268107
vt 0.454546 0.281388
vt 0.487019 0.258676
vt 0.477273 0.275556
vt 0.467527 0.292437
vt 0.500001 0.269724
vt 0.509825 0.283005
vt 0.500000 0.288678
vt 0.490176 0.283005
vt 0.516415 0.298154
vt 0.500001 0.300023
vt 0.483586 0.298154
vt 0.512982 0.258676
vt 0.522728 0.275556
vt 0.532474 0.292436
vt 0.590910 0.269724
vt 0.600734 0.283005
vt 0.590910 0.288678
vt 0.581085 0.283005
vt 0.607324 0.298155
vt 0.590909 0.300023
vt 0.574495 0.298154
vt 0.603891 0.258676
vt 0.577928 0.258676
vt 0.613637 0.275556
vt 0.568182 0.275556
vt 0.623383 0.292437
vt 0.558436 0.292437
vt 0.619950 0.252958
vt 0.636364 0.251090
vt 0.636364 0.262434
vt 0.626539 0.268107
vt 0.652778 0.252958
vt 0.646189 0.268107
vt 0.636364 0.281388
vt 0.668837 0.258676
vt 0.659091 0.275556
vt 0.649345 0.292437
vt 0.681819 0.269724
vt 0.691643 0.283005
vt 0.681819 0.288678
vt 0.671994 0.283005
vt 0.698233 0.298154
vt 0.681819 0.300023
vt 0.665404 0.298154
vt 0.694800 0.258676
vt 0.704546 0.275556
vt 0.714292 0.292436
vt 0.772728 0.269724
vt 0.782552 0.283005
vt 0.772728 0.288678
vt 0.762903 0.283005
vt 0.789142 0.298155
vt 0.772728 0.300023
vt 0.756313 0.298154
vt 0.785709 0.258676
vt 0.759746 0.258676
vt 0.795455 0.275556
vt 0.750000 0.275556
vt 0.805201 0.292437
vt 0.740254 0.292437
vt 0.801768 0.252958
vt 0.818182 0.251090
vt 0.818182 0.262434
vt 0.808357 0.268107
vt 0.834596 0.252958
vt 0.828007 0.268107
vt 0.818182 0.281388
vt 0.850655 0.258676
vt 0.840909 0.275556
vt 0.831163 0.292437
vt 0.863637 0.269724
vt 0.873461 0.283005
vt 0.863636 0.288678
vt 0.853812 0.283005
vt 0.880051 0.298154
vt 0.863636 0.300023
vt 0.847223 0.298154
vt 0.876618 0.258676
vt 0.886364 0.275556
vt 0.896070 0.292505
vt 0.045613 0.269451
vt 0.055280 0.283005
vt 0.045455 0.288678
vt 0.035630 0.283005
vt 0.061869 0.298154
vt 0.045455 0.300023
vt 0.028883 0.298428
vt 0.058476 0.258607
vt 0.034091 0.255874
vt 0.068182 0.275556
vt 0.022728 0.275556
vt 0.077928 0.292437
vt 0.011364 0.295239
vt 0.074495 0.252958
vt 0.090910 0.251090
vt 0.090910 0.262434
vt 0.081085 0.268107
vt 0.107324 0.252958
vt 0.100735 0.268107
vt 0.090910 0.281388
vt 0.123383 0.258676
vt 0.113637 0.275556
vt 0.103891 0.292437
vt 0.136364 0.269724
vt 0.146189 0.283005
vt 0.136364 0.288678
vt 0.126540 0.283005
vt 0.152779 0.298154
vt 0.136364 0.300023
vt 0.119950 0.298154
vt 0.149346 0.258676
vt 0.159092 0.275556
vt 0.168838 0.292436
vt 0.227274 0.269724
vt 0.237098 0.283005
vt 0.227274 0.288678
vt 0.217449 0.283005
vt 0.243688 0.298155
vt 0.227274 0.300023
vt 0.210859 0.298154
vt 0.240255 0.258676
vt 0.214292 0.258676
vt 0.250001 0.275556
vt 0.204546 0.275556
vt 0.259747 0.292437
vt 0.194800 0.292437
vt 0.256314 0.252958
vt 0.272728 0.251090
vt 0.272728 0.262434
vt 0.262903 0.268107
vt 0.289142 0.252958
vt 0.282553 0.268107
vt 0.272728 0.281388
vt 0.305201 0.258676
vt 0.295455 0.275556
vt 0.285709 0.292437
vt 0.318183 0.269724
vt 0.328007 0.283005
vt 0.318183 0.288678
vt 0.308358 0.283005
vt 0.334597 0.298154
vt 0.318182 0.300023
vt 0.301768 0.298154
vt 0.331164 0.258676
vt 0.340910 0.275556
vt 0.350656 0.292436
vt 0.529041 0.252958
vt 0.545455 0.251090
vt 0.545455 0.262434
vt 0.535630 0.268107
vt 0.561869 0.252958
vt 0.555280 0.268107
vt 0.545455 0.281388
vt 0.525963 0.236191
vt 0.545455 0.236191
vt 0.564947 0.236191
vt 0.529041 0.219424
vt 0.535630 0.204275
vt 0.545455 0.209948
vt 0.545455 0.221292
vt 0.545455 0.190994
vt 0.555280 0.204275
vt 0.561869 0.219424
vt 0.558436 0.179946
vt 0.568182 0.196826
vt 0.577928 0.213706
vt 0.574495 0.174228
vt 0.590909 0.172360
vt 0.590909 0.183704
vt 0.581085 0.189377
vt 0.607324 0.174228
vt 0.600734 0.189377
vt 0.590910 0.202658
vt 0.571418 0.157461
vt 0.590910 0.157461
vt 0.610441 0.157529
vt 0.710859 0.252958
vt 0.727273 0.251090
vt 0.727273 0.262434
vt 0.717448 0.268107
vt 0.743687 0.252958
vt 0.737098 0.268107
vt 0.727273 0.281388
vt 0.707781 0.236191
vt 0.727273 0.236191
vt 0.746765 0.236191
vt 0.710859 0.219424
vt 0.717448 0.204275
vt 0.727273 0.209948
vt 0.727273 0.221292
vt 0.727273 0.190994
vt 0.737098 0.204275
vt 0.743687 0.219424
vt 0.740254 0.179946
vt 0.750000 0.196826
vt 0.759746 0.213706
vt 0.756314 0.174228
vt 0.772728 0.172360
vt 0.772727 0.183704
vt 0.762903 0.189377
vt 0.789142 0.174228
vt 0.782552 0.189377
vt 0.772728 0.202658
vt 0.753236 0.157461
vt 0.772728 0.157461
vt 0.792259 0.157529
vt 0.892677 0.252958
vt 0.909091 0.251090
vt 0.909091 0.262434
vt 0.899266 0.268107
vt 0.925663 0.252684
vt 0.918916 0.268107
vt 0.908933 0.281661
vt 0.889599 0.236191
vt 0.909091 0.236191
vt 0.954545 0.236191
vt 0.943182 0.255874
vt 0.928622 0.236123
vt 0.931818 0.275556
vt 0.920455 0.295239
vt 0.892677 0.219424
vt 0.899266 0.204275
vt 0.909091 0.209948
vt 0.909091 0.221292
vt 0.909091 0.190994
vt 0.918916 0.204275
vt 0.925505 0.219424
vt 0.922072 0.179946
vt 0.931818 0.196826
vt 0.941525 0.213775
vt 0.938131 0.174228
vt 0.954546 0.172360
vt 0.954545 0.183704
vt 0.944721 0.189377
vt 0.971118 0.173954
vt 0.964370 0.189377
vt 0.954388 0.202931
vt 0.935054 0.157461
vt 0.954546 0.157461
vt 1.000000 0.157461
vt 0.988636 0.177144
vt 0.974116 0.157461
vt 0.977273 0.196826
vt 0.965909 0.216509
vt 0.165405 0.252958
vt 0.181819 0.251090
vt 0.181819 0.262434
vt 0.171994 0.268107
vt 0.198233 0.252958
vt 0.191644 0.268107
vt 0.181819 0.281388
vt 0.162327 0.236191
vt 0.181819 0.236191
vt 0.201311 0.236191
vt 0.165405 0.219424
vt 0.171994 0.204275
vt 0.181819 0.209948
vt 0.181819 0.221292
vt 0.181819 0.190994
vt 0.191644 0.204275
vt 0.198233 0.219424
vt 0.194800 0.179946
vt 0.204546 0.196826
vt 0.214292 0.213706
vt 0.210859 0.174228
vt 0.227274 0.172360
vt 0.227274 0.183704
vt 0.217449 0.189377
vt 0.243688 0.174228
vt 0.237098 0.189377
vt 0.227274 0.202658
vt 0.207782 0.157461
vt 0.227274 0.157461
vt 0.246805 0.157529
vt 0.347223 0.252958
vt 0.363637 0.251090
vt 0.363637 0.262434
vt 0.353812 0.268107
vt 0.380051 0.252958
vt 0.373462 0.268107
vt 0.363637 0.281388
vt 0.344145 0.236191
vt 0.363637 0.236191
vt 0.383129 0.236191
vt 0.347223 0.219424
vt 0.353812 0.204275
vt 0.363637 0.209948
vt 0.363637 0.221292
vt 0.363637 0.190994
vt 0.373462 0.204275
vt 0.380051 0.219424
vt 0.376618 0.179946
vt 0.386364 0.196826
vt 0.396110 0.213706
vt 0.392677 0.174228
vt 0.409092 0.172360
vt 0.409092 0.183704
vt 0.399267 0.189377
vt 0.425506 0.174228
vt 0.418916 0.189377
vt 0.409092 0.202658
vt 0.389600 0.157461
vt 0.409092 0.157461
vt 0.428623 0.157529
vt 0.500158 0.111991
vt 0.509825 0.125545
vt 0.500001 0.131218
vt 0.490176 0.125545
vt 0.516415 0.140694
vt 0.500001 0.142562
vt 0.483429 0.140968
vt 0.513021 0.101147
vt 0.488637 0.098413
vt 0.522728 0.118096
vt 0.477273 0.118096
vt 0.532474 0.134976
vt 0.465910 0.137778
vt 0.529041 0.095497
vt 0.545455 0.093629
vt 0.545455 0.104974
vt 0.535630 0.110646
vt 0.561869 0.095497
vt 0.555280 0.110646
vt 0.545455 0.123928
vt 0.577889 0.101147
vt 0.568182 0.118096
vt 0.558436 0.134976
vt 0.590752 0.111991
vt 0.600734 0.125545
vt 0.590910 0.131218
vt 0.581085 0.125545
vt 0.607481 0.140968
vt 0.590909 0.142562
vt 0.574495 0.140694
vt 0.602273 0.098413
vt 0.613637 0.118096
vt 0.625000 0.137778
vt 0.681976 0.111991
vt 0.691643 0.125545
vt 0.681819 0.131218
vt 0.671994 0.125545
vt 0.698233 0.140694
vt 0.681819 0.142562
vt 0.665247 0.140968
vt 0.694839 0.101147
vt 0.670455 0.098413
vt 0.704546 0.118096
vt 0.659091 0.118096
vt 0.714292 0.134976
vt 0.647728 0.137778
vt 0.710859 0.095497
vt 0.727273 0.093629
vt 0.727273 0.104974
vt 0.717448 0.110646
vt 0.743687 0.095497
vt 0.737098 0.110646
vt 0.727273 0.123928
vt 0.759707 0.101147
vt 0.750000 0.118096
vt 0.740254 0.134976
vt 0.772570 0.111991
vt 0.782552 0.125545
vt 0.772727 0.131218
vt 0.762903 0.125545
vt 0.789300 0.140968
vt 0.772728 0.142562
vt 0.756314 0.140694
vt 0.784091 0.098413
vt 0.795455 0.118096
vt 0.806818 0.137778
vt 0.863794 0.111991
vt 0.873461 0.125545
vt 0.863636 0.131218
vt 0.853812 0.125545
vt 0.880051 0.140694
vt 0.863637 0.142562
vt 0.847065 0.140968
vt 0.876657 0.101147
vt 0.852273 0.098413
vt 0.886364 0.118096
vt 0.840909 0.118096
vt 0.896110 0.134976
vt 0.829546 0.137778
vt 0.892677 0.095497
vt 0.909091 0.093629
vt 0.909091 0.104974
vt 0.899266 0.110646
vt 0.925505 0.095497
vt 0.918916 0.110646
vt 0.909091 0.123928
vt 0.941525 0.101147
vt 0.931818 0.118096
vt 0.922073 0.134976
vt 0.954388 0.111991
vt 0.964370 0.125545
vt 0.954546 0.131218
vt 0.944721 0.125545
vt 0.971118 0.140968
vt 0.954546 0.142562
vt 0.938131 0.140694
vt 0.965909 0.098413
vt 0.977273 0.118096
vt 0.988636 0.137778
vt 0.392677 0.140694
vt 0.399267 0.125545
vt 0.409092 0.131218
vt 0.409092 0.142562
vt 0.408934 0.111991
vt 0.418916 0.125545
vt 0.425664 0.140968
vt 0.376618 0.134976
vt 0.386364 0.118096
vt 0.409092 0.078731
vt 0.420455 0.098413
vt 0.396071 0.101147
vt 0.431819 0.118096
vt 0.443182 0.137778
vt 0.363637 0.123928
vt 0.353812 0.110646
vt 0.363637 0.104974
vt 0.373462 0.110646
vt 0.347223 0.095497
vt 0.363637 0.093629
vt 0.380051 0.095497
vt 0.344106 0.078799
vt 0.363637 0.078731
vt 0.383168 0.078799
vt 0.347065 0.062237
vt 0.353812 0.046815
vt 0.363637 0.052487
vt 0.363637 0.063832
vt 0.363637 0.032987
vt 0.373462 0.046815
vt 0.380209 0.062237
vt 0.329546 0.059048
vt 0.340910 0.039365
vt 0.363637 0.000000
vt 0.375001 0.019683
vt 0.352273 0.019683
vt 0.386364 0.039365
vt 0.397728 0.059048
vt 0.136522 0.111991
vt 0.146189 0.125545
vt 0.136365 0.131218
vt 0.126540 0.125545
vt 0.152779 0.140694
vt 0.136365 0.142562
vt 0.119793 0.140968
vt 0.149385 0.101147
vt 0.125001 0.098413
vt 0.159092 0.118096
vt 0.113637 0.118096
vt 0.168838 0.134976
vt 0.102274 0.137778
vt 0.165405 0.095497
vt 0.181819 0.093629
vt 0.181819 0.104974
vt 0.171994 0.110646
vt 0.198233 0.095497
vt 0.191644 0.110646
vt 0.181819 0.123928
vt 0.214253 0.101147
vt 0.204546 0.118096
vt 0.194800 0.134976
vt 0.227116 0.111991
vt 0.237098 0.125545
vt 0.227274 0.131218
vt 0.217449 0.125545
vt 0.243845 0.140968
vt 0.227274 0.142562
vt 0.210859 0.140694
vt 0.238637 0.098413
vt 0.250001 0.118096
vt 0.261364 0.137778
vt 0.968750 0.625000
vt 0.968750 0.750000
vt 0.937500 0.750000
vt 0.937500 0.625000
vt 0.968750 0.875000
vt 0.937500 0.875000
vt 0.906250 0.750000
vt 0.906250 0.625000
vt 0.906250 0.875000
vt 0.968750 0.500000
vt 0.968750 1.000000
vt 0.937500 1.000000
vt 0.906250 1.000000
vt 0.875000 1.000000
vt 0.875000 0.875000
vt 0.875000 0.750000
vt 0.906250 0.500000
vt 0.875000 0.500000
vt 0.937500 0.500000
vt 0.843750 0.625000
vt 0.843750 0.750000
vt 0.812500 0.750000
vt 0.812500 0.625000
vt 0.843750 0.875000
vt 0.812500 0.875000
vt 0.781250 0.750000
vt 0.781250 0.625000
vt 0.781250 0.875000
vt 0.843750 0.500000
vt 0.843750 1.000000
vt 0.812500 1.000000
vt 0.781250 1.000000
vt 0.750000 1.000000
vt 0.750000 0.875000
vt 0.781250 0.500000
vt 0.750000 0.500000
vt 0.812500 0.500000
vt 0.718750 0.625000
vt 0.718750 0.750000
vt 0.687500 0.750000
vt 0.687500 0.625000
vt 0.718750 0.875000
vt 0.687500 0.875000
vt 0.656250 0.750000
vt 0.656250 0.625000
vt 0.656250 0.875000
vt 0.718750 0.500000
vt 0.718750 1.000000
vt 0.687500 1.000000
vt 0.656250 1.000000
vt 0.625000 1.000000
vt 0.625000 0.875000
vt 0.625000 0.750000
vt 0.625000 0.625000
vt 0.656250 0.500000
vt 0.625000 0.500000
vt 0.687500 0.500000
vt 0.593750 0.625000
vt 0.593750 0.750000
vt 0.562500 0.750000
vt 0.562500 0.625000
vt 0.593750 0.875000
vt 0.562500 0.875000
vt 0.531250 0.750000
vt 0.531250 0.625000
vt 0.531250 0.875000
vt 0.593750 0.500000
vt 0.593750 1.000000
vt 0.562500 1.000000
vt 0.531250 1.000000
vt 0.500000 1.000000
vt 0.500000 0.875000
vt 0.500000 0.750000
vt 0.500000 0.625000
vt 0.531250 0.500000
vt 0.500000 0.500000
vt 0.562500 0.500000
vt 0.468750 0.625000
vt 0.468750 0.750000
vt 0.437500 0.750000
vt 0.437500 0.625000
vt 0.468750 0.875000
vt 0.437500 0.875000
vt 0.406250 0.750000
vt 0.406250 0.625000
vt 0.406250 0.875000
vt 0.468750 0.500000
vt 0.468750 1.000000
vt 0.437500 1.000000
vt 0.406250 1.000000
vt 0.375000 1.000000
vt 0.375000 0.875000
vt 0.375000 0.750000
vt 0.375000 0.625000
vt 0.406250 0.500000
vt 0.375000 0.500000
vt 0.437500 0.500000
vt 0.343750 0.625000
vt 0.343750 0.750000
vt 0.312500 0.750000
vt 0.312500 0.625000
vt 0.343750 0.875000
vt 0.312500 0.875000
vt 0.281250 0.750000
vt 0.281250 0.625000
vt 0.281250 0.875000
vt 0.343750 0.500000
vt 0.343750 1.000000
vt 0.312500 1.000000
vt 0.281250 1.000000
vt 0.250000 1.000000
vt 0.250000 0.875000
vt 0.250000 0.750000
vt 0.250000 0.625000
vt 0.281250 0.500000
vt 0.250000 0.500000
vt 0.312500 0.500000
vt 0.367698 0.367698
vt 0.301054 0.373256
vt 0.250000 0.250000
vt 0.373256 0.301054
vt 0.250000 0.416450
vt 0.198946 0.373256
vt 0.132302 0.367698
vt 0.126744 0.301054
vt 0.083550 0.250000
vt 0.126744 0.198946
vt 0.132302 0.132302
vt 0.198946 0.126744
vt 0.250000 0.083550
vt 0.301054 0.126744
vt 0.367698 0.132302
vt 0.373256 0.198946
vt 0.416450 0.250000
vt 0.419706 0.419706
vt 0.377279 0.437279
vt 0.437279 0.377279
vt 0.334853 0.454853
vt 0.454853 0.334853
vt 0.207574 0.472426
vt 0.292426 0.472426
vt 0.165147 0.454853
vt 0.080294 0.419706
vt 0.062721 0.377279
vt 0.122721 0.437279
vt 0.045147 0.334853
vt 0.010000 0.250000
vt 0.027574 0.207574
vt 0.027574 0.292426
vt 0.045147 0.165147
vt 0.080294 0.080294
vt 0.122721 0.062721
vt 0.062721 0.122721
vt 0.165147 0.045147
vt 0.292426 0.027574
vt 0.207574 0.027574
vt 0.334853 0.045147
vt 0.419706 0.080294
vt 0.437279 0.122721
vt 0.377279 0.062721
vt 0.454853 0.165147
vt 0.490000 0.250000
vt 0.472426 0.292426
vt 0.472426 0.207574
vt 0.218750 0.625000
vt 0.218750 0.750000
vt 0.187500 0.750000
vt 0.187500 0.625000
vt 0.218750 0.875000
vt 0.187500 0.875000
vt 0.156250 0.750000
vt 0.156250 0.625000
vt 0.156250 0.875000
vt 0.218750 0.500000
vt 0.218750 1.000000
vt 0.187500 1.000000
vt 0.156250 1.000000
vt 0.125000 1.000000
vt 0.125000 0.875000
vt 0.125000 0.750000
vt 0.125000 0.625000
vt 0.156250 0.500000
vt 0.125000 0.500000
vt 0.187500 0.500000
vt 0.093750 0.625000
vt 0.093750 0.750000
vt 0.062500 0.750000
vt 0.062500 0.625000
vt 0.093750 0.875000
vt 0.062500 0.875000
vt 0.031250 0.750000
vt 0.031250 0.625000
vt 0.031250 0.875000
vt 0.093750 0.500000
vt 0.093750 1.000000
vt 0.062500 1.000000
vt 0.031250 1.000000
vt 0.000000 1.000000
vt 0.000000 0.875000
vt 0.000000 0.750000
vt 0.000000 0.625000
vt 0.031250 0.500000
vt 0.000000 0.500000
vt 0.062500 0.500000
vt 0.750000 0.416450
vt 0.801054 0.373256
vt 0.750000 0.250000
vt 0.698946 0.373256
vt 0.867698 0.367698
vt 0.873256 0.301054
vt 0.916450 0.250000
vt 0.873256 0.198946
vt 0.867698 0.132302
vt 0.801054 0.126744
vt 0.750000 0.083550
vt 0.698946 0.126744
vt 0.632302 0.132302
vt 0.626744 0.198946
vt 0.583550 0.250000
vt 0.626744 0.301054
vt 0.632302 0.367698
vt 0.792426 0.472426
vt 0.707574 0.472426
vt 0.834853 0.454853
vt 0.665147 0.454853
vt 0.919706 0.419706
vt 0.937279 0.377279
vt 0.877279 0.437279
vt 0.954853 0.334853
vt 0.990000 0.250000
vt 0.972427 0.207574
vt 0.972427 0.292426
vt 0.954853 0.165147
vt 0.919706 0.080294
vt 0.877279 0.062721
vt 0.937279 0.122721
vt 0.834853 0.045147
vt 0.707574 0.027574
vt 0.792426 0.027574
vt 0.665147 0.045147
vt 0.580294 0.080294
vt 0.562721 0.122721
vt 0.622721 0.062721
vt 0.545147 0.165147
vt 0.510000 0.250000
vt 0.527574 0.292426
vt 0.527574 0.207574
vt 0.545147 0.334853
vt 0.580294 0.419706
vt 0.622721 0.437279
vt 0.562721 0.377279
s 1
f 557/1/555 558/2/556 561/3/559 560/4/558
f 558/2/556 559/5/557 562/6/560 561/3/559
f 560/4/558 561/3/559 564/7/562 563/8/561
f 561/3/559 562/6/560 565/9/563 564/7/562
f 1/10/1 77/11/77 557/1/555 71/12/71
f 77/11/77 78/13/78 558/2/556 557/1/555
f 78/13/78 79/14/79 559/5/557 558/2/556
f 79/14/79 2/15/2 76/16/76 559/5/557
f 559/5/557 76/16/76 75/17/75 562/6/560
f 562/6/560 75/17/75 74/18/74 565/9/563
f 565/9/563 74/18/74 4/19/4 80/20/80
f 564/7/562 565/9/563 80/20/80 81/21/81
f 563/8/561 564/7/562 81/21/81 82/22/82
f 73/23/73 563/8/561 82/22/82 3/24/3
f 72/25/72 560/4/558 563/8/561 73/23/73
f 71/12/71 557/1/555 560/4/558 72/25/72
f 566/26/564 567/27/565 570/28/568 569/29/567
f 567/27/565 568/30/566 571/31/569 570/28/568
f 569/29/567 570/28/568 573/32/571 572/33/570
f 570/28/568 571/31/569 574/34/572 573/32/571
f 3/24/3 82/22/82 566/26/564 83/35/83
f 82/22/82 81/21/81 567/27/565 566/26/564
f 81/21/81 80/20/80 568/30/566 567/27/565
f 80/20/80 4/19/4 88/36/88 568/30/566
f 568/30/566 88/36/88 87/37/87 571/31/569
f 571/31/569 87/37/87 86/38/86 574/34/572
f 574/34/572 86/38/86 6/39/6 89/40/89
f 573/32/571 574/34/572 89/40/89 90/41/90
f 572/33/570 573/32/571 90/41/90 91/42/91
f 85/43/85 572/33/570 91/42/91 5/44/5
f 84/45/84 569/29/567 572/33/570 85/43/85
f 83/35/83 566/26/564 569/29/567 84/45/84
f 575/46/573 576/47/574 579/48/577 578/49/576
f 576/47/574 577/50/575 580/51/578 579/48/577
f 578/49/576 579/48/577 582/52/580 581/53/579
f 579/48/577 580/51/578 583/54/581 582/52/580
f 5/44/5 91/42/91 575/46/573 92/55/92
f 91/42/91 90/41/90 576/47/574 575/46/573
f 90/41/90 89/40/89 577/50/575 576/47/574
f 89/40/89 6/39/6 97/56/97 577/50/575
f 577/50/575 97/56/97 96/57/96 580/51/578
f 580/51/578 96/57/96 95/58/95 583/54/581
f 583/54/581 95/58/95 8/59/8 98/60/98
f 582/52/580 583/54/581 98/60/98 99/61/99
f 581/53/579 582/52/580 99/61/99 100/62/100
f 94/63/94 581/53/579 100/62/100 7/64/7
f 93/65/93 578/49/576 581/53/579 94/63/94
f 92/55/92 575/46/573 578/49/576 93/65/93
f 584/66/582 585/67/583 588/68/586 587/69/585
f 585/67/583 586/70/584 589/71/587 588/68/586
f 587/69/585 588/68/586 591/72/589 590/73/588
f 588/68/586 589/71/587 592/74/590 591/72/589
f 7/64/7 100/62/100 584/66/582 101/75/101
f 100/62/100 99/61/99 585/67/583 584/66/582
f 99/61/99 98/60/98 586/70/584 585/67/583
f 98/60/98 8/59/8 106/76/106 586/70/584
f 586/70/584 106/76/106 105/77/105 589/71/587
f 589/71/587 105/77/105 104/78/104 592/74/590
f 592/74/590 104/78/104 10/79/10 107/80/107
f 591/72/589 592/74/590 107/80/107 108/81/108
f 590/73/588 591/72/589 108/81/108 109/82/109
f 103/83/103 590/73/588 109/82/109 9/84/9
f 102/85/102 587/69/585 590/73/588 103/83/103
f 101/75/101 584/66/582 587/69/585 102/85/102
f 594/86/591 595/87/592 593/88/538 605/89/602
f 596/90/593 597/91/594 593/88/538 595/87/592
f 598/92/595 599/93/596 593/88/538 597/91/594
f 600/94/597 601/95/598 593/88/538 599/93/596
f 602/96/599 603/97/600 593/88/538 601/95/598
f 604/98/601 605/89/602 593/88/538 603/97/600
f 4/99/4 74/100/74 594/86/591 88/101/88
f 74/100/74 75/102/75 595/87/592 594/86/591
f 88/101/88 594/86/591 605/89/602 87/103/87
f 2/104/2 122/105/122 596/90/593 76/106/76
f 122/105/122 123/107/123 597/91/594 596/90/593
f 76/106/76 596/90/593 595/87/592 75/102/75
f 12/108/12 113/109/113 598/92/595 124/110/124
f 113/109/113 114/111/114 599/93/596 598/92/595
f 124/110/124 598/92/595 597/91/594 123/107/123
f 10/112/10 104/113/104 600/94/597 115/114/115
f 104/113/104 105/115/105 601/95/598 600/94/597
f 115/114/115 600/94/597 599/93/596 114/111/114
f 8/116/8 95/117/95 602/96/599 106/118/106
f 95/117/95 96/119/96 603/97/600 602/96/599
f 106/118/106 602/96/599 601/95/598 105/115/105
f 6/120/6 86/121/86 604/98/601 97/122/97
f 86/121/86 87/103/87 605/89/602 604/98/601
f 97/122/97 604/98/601 603/97/600 96/119/96
f 606/123/603 607/124/604 610/125/607 609/126/606
f 607/124/604 608/127/605 611/128/608 610/125/607
f 609/126/606 610/125/607 613/129/610 612/130/609
f 610/125/607 611/128/608 614/131/611 613/129/610
f 9/84/9 109/82/109 606/123/603 110/132/110
f 109/82/109 108/81/108 607/124/604 606/123/603
f 108/81/108 107/80/107 608/127/605 607/124/604
f 107/80/107 10/79/10 115/133/115 608/127/605
f 608/127/605 115/133/115 114/134/114 611/128/608
f 611/128/608 114/134/114 113/135/113 614/131/611
f 614/131/611 113/135/113 12/136/12 116/137/116
f 613/129/610 614/131/611 116/137/116 117/138/117
f 612/130/609 613/129/610 117/138/117 118/139/118
f 112/140/112 612/130/609 118/139/118 11/141/11
f 111/142/111 609/126/606 612/130/609 112/140/112
f 110/132/110 606/123/603 609/126/606 111/142/111
f 615/143/612 616/144/613 619/145/616 618/146/615
f 616/144/613 617/147/614 620/148/617 619/145/616
f 618/146/615 619/145/616 622/149/619 621/150/618
f 619/145/616 620/148/617 623/151/620 622/149/619
f 11/141/11 118/139/118 615/143/612 119/152/119
f 118/139/118 117/138/117 616/144/613 615/143/612
f 117/138/117 116/137/116 617/147/614 616/144/613
f 116/137/116 12/136/12 124/153/124 617/147/614
f 617/147/614 124/153/124 123/154/123 620/148/617
f 620/148/617 123/154/123 122/155/122 623/151/620
f 623/151/620 122/155/122 2/156/2 79/157/79
f 622/149/619 623/151/620 79/157/79 78/158/78
f 621/150/618 622/149/619 78/158/78 77/159/77
f 121/160/121 621/150/618 77/159/77 1/161/1
f 120/162/120 618/146/615 621/150/618 121/160/121
f 119/152/119 615/143/612 618/146/615 120/162/120
f 625/163/621 626/164/622 624/165/503 636/166/632
f 627/167/623 628/168/624 624/165/503 626/164/622
f 629/169/625 630/170/626 624/165/503 628/168/624
f 631/171/627 632/172/628 624/165/503 630/170/626
f 633/173/629 634/174/630 624/165/503 632/172/628
f 635/175/631 636/166/632 624/165/503 634/174/630
f 1/176/1 71/177/71 625/163/621 121/178/121
f 71/177/71 72/179/72 626/164/622 625/163/621
f 121/178/121 625/163/621 636/166/632 120/180/120
f 3/181/3 83/182/83 627/167/623 73/183/73
f 83/182/83 84/184/84 628/168/624 627/167/623
f 73/183/73 627/167/623 626/164/622 72/179/72
f 5/185/5 92/186/92 629/169/625 85/187/85
f 92/186/92 93/188/93 630/170/626 629/169/625
f 85/187/85 629/169/625 628/168/624 84/184/84
f 7/189/7 101/190/101 631/171/627 94/191/94
f 101/190/101 102/192/102 632/172/628 631/171/627
f 94/191/94 631/171/627 630/170/626 93/188/93
f 9/193/9 110/194/110 633/173/629 103/195/103
f 110/194/110 111/196/111 634/174/630 633/173/629
f 103/195/103 633/173/629 632/172/628 102/192/102
f 11/197/11 119/198/119 635/175/631 112/199/112
f 119/198/119 120/180/120 636/166/632 635/175/631
f 112/199/112 635/175/631 634/174/630 111/196/111
f 638/200/634 639/201/635 637/202/633 643/203/639
f 640/204/636 641/205/637 637/202/633 639/201/635
f 642/206/638 643/203/639 637/202/633 641/205/637
f 13/207/13 218/208/218 638/200/634 127/209/127
f 218/208/218 219/210/219 639/201/635 638/200/634
f 127/209/127 638/200/634 643/203/639 126/211/126
f 26/212/26 481/213/481 640/204/636 220/214/220
f 481/213/481 480/215/480 641/205/637 640/204/636
f 220/214/220 640/204/636 639/201/635 219/210/219
f 25/216/25 125/217/125 642/206/638 479/218/479
f 125/217/125 126/211/126 643/203/639 642/206/638
f 479/218/479 642/206/638 641/205/637 480/215/480
f 645/219/641 646/220/642 644/221/640 650/222/646
f 647/223/643 648/224/644 644/221/640 646/220/642
f 649/225/645 650/222/646 644/221/640 648/224/644
f 14/226/14 130/227/130 645/219/641 136/228/136
f 130/227/130 129/229/129 646/220/642 645/219/641
f 136/228/136 645/219/641 650/222/646 135/230/135
f 26/231/26 472/232/472 647/223/643 128/233/128
f 472/232/472 471/234/471 648/224/644 647/223/643
f 128/233/128 647/223/643 646/220/642 129/229/129
f 28/235/28 134/236/134 649/225/645 470/237/470
f 134/236/134 135/230/135 650/222/646 649/225/645
f 470/237/470 649/225/645 648/224/644 471/234/471
f 652/238/648 653/239/649 651/240/647 657/241/653
f 654/242/650 655/243/651 651/240/647 653/239/649
f 656/244/652 657/241/653 651/240/647 655/243/651
f 13/245/13 127/246/127 652/238/648 142/247/142
f 127/246/127 126/248/126 653/239/649 652/238/648
f 142/247/142 652/238/648 657/241/653 141/249/141
f 25/250/25 463/251/463 654/242/650 125/252/125
f 463/251/463 462/253/462 655/243/651 654/242/650
f 125/252/125 654/242/650 653/239/649 126/248/126
f 30/254/30 140/255/140 656/244/652 461/256/461
f 140/255/140 141/249/141 657/241/653 656/244/652
f 461/256/461 656/244/652 655/243/651 462/253/462
f 659/257/655 660/258/656 658/259/654 664/260/660
f 661/261/657 662/262/658 658/259/654 660/258/656
f 663/263/659 664/260/660 658/259/654 662/262/658
f 13/264/13 142/265/142 659/257/655 148/266/148
f 142/265/142 141/267/141 660/258/656 659/257/655
f 148/266/148 659/257/655 664/260/660 147/268/147
f 30/269/30 454/270/454 661/261/657 140/271/140
f 454/270/454 453/272/453 662/262/658 661/261/657
f 140/271/140 661/261/657 660/258/656 141/267/141
f 32/273/32 146/274/146 663/263/659 452/275/452
f 146/274/146 147/268/147 664/260/660 663/263/659
f 452/275/452 663/263/659 662/262/658 453/272/453
f 666/276/662 667/277/663 665/278/661 671/279/667
f 668/280/664 669/281/665 665/278/661 667/277/663
f 670/282/666 671/279/667 665/278/661 669/281/665
f 13/283/13 148/284/148 666/276/662 227/285/227
f 148/284/148 147/286/147 667/277/663 666/276/662
f 227/285/227 666/276/662 671/279/667 228/287/228
f 32/288/32 445/289/445 668/280/664 146/290/146
f 445/289/445 444/291/444 669/281/665 668/280/664
f 146/290/146 668/280/664 667/277/663 147/286/147
f 29/292/29 229/293/229 670/282/666 443/294/443
f 229/293/229 228/287/228 671/279/667 670/282/666
f 443/294/443 670/282/666 669/281/665 444/291/444
f 673/295/669 674/296/670 672/297/668 678/298/674
f 675/299/671 676/300/672 672/297/668 674/296/670
f 677/301/673 678/298/674 672/297/668 676/300/672
f 14/226/14 136/228/136 673/295/669 157/302/157
f 136/228/136 135/230/135 674/296/670 673/295/669
f 157/302/157 673/295/669 678/298/674 156/303/156
f 28/235/28 436/304/436 675/299/671 134/236/134
f 436/304/436 435/305/435 676/300/672 675/299/671
f 134/236/134 675/299/671 674/296/670 135/230/135
f 35/306/35 155/307/155 677/301/673 434/308/434
f 155/307/155 156/303/156 678/298/674 677/301/673
f 434/308/434 677/301/673 676/300/672 435/305/435
f 680/309/676 681/310/677 679/311/675 685/312/681
f 682/313/678 683/314/679 679/311/675 681/310/677
f 684/315/680 685/312/681 679/311/675 683/314/679
f 15/316/15 133/317/133 680/309/676 163/318/163
f 133/317/133 132/319/132 681/310/677 680/309/676
f 163/318/163 680/309/676 685/312/681 162/320/162
f 27/321/27 427/322/427 682/313/678 131/323/131
f 427/322/427 426/324/426 683/314/679 682/313/678
f 131/323/131 682/313/678 681/310/677 132/319/132
f 37/325/37 161/326/161 684/315/680 425/327/425
f 161/326/161 162/320/162 685/312/681 684/315/680
f 425/327/425 684/315/680 683/314/679 426/324/426
f 687/328/683 688/329/684 686/330/682 692/331/688
f 689/332/685 690/333/686 686/330/682 688/329/684
f 691/334/687 692/331/688 686/330/682 690/333/686
f 16/335/16 145/336/145 687/328/683 169/337/169
f 145/336/145 144/338/144 688/329/684 687/328/683
f 169/337/169 687/328/683 692/331/688 168/339/168
f 31/340/31 418/341/418 689/332/685 143/342/143
f 418/341/418 417/343/417 690/333/686 689/332/685
f 143/342/143 689/332/685 688/329/684 144/338/144
f 39/344/39 167/345/167 691/334/687 416/346/416
f 167/345/167 168/339/168 692/331/688 691/334/687
f 416/346/416 691/334/687 690/333/686 417/343/417
f 694/347/690 695/348/691 693/349/689 699/350/695
f 696/351/692 697/352/693 693/349/689 695/348/691
f 698/353/694 699/350/695 693/349/689 697/352/693
f 17/354/17 151/355/151 694/347/690 175/356/175
f 151/355/151 150/357/150 695/348/691 694/347/690
f 175/356/175 694/347/690 699/350/695 174/358/174
f 33/359/33 409/360/409 696/351/692 149/361/149
f 409/360/409 408/362/408 697/352/693 696/351/692
f 149/361/149 696/351/692 695/348/691 150/357/150
f 41/363/41 173/364/173 698/353/694 407/365/407
f 173/364/173 174/358/174 699/350/695 698/353/694
f 407/365/407 698/353/694 697/352/693 408/362/408
f 701/366/697 702/367/698 700/368/696 706/369/702
f 703/370/699 704/371/700 700/368/696 702/367/698
f 705/372/701 706/369/702 700/368/696 704/371/700
f 18/373/18 154/374/154 701/366/697 181/375/181
f 154/374/154 153/376/153 702/367/698 701/366/697
f 181/375/181 701/366/697 706/369/702 180/377/180
f 34/378/34 400/379/400 703/370/699 152/380/152
f 400/379/400 399/381/399 704/371/700 703/370/699
f 152/380/152 703/370/699 702/367/698 153/376/153
f 43/382/43 179/383/179 705/372/701 398/384/398
f 179/383/179 180/377/180 706/369/702 705/372/701
f 398/384/398 705/372/701 704/371/700 399/381/399
f 708/385/704 709/386/705 707/387/703 713/388/709
f 710/389/706 711/390/707 707/387/703 709/386/705
f 712/391/708 713/388/709 707/387/703 711/390/707
f 14/226/14 157/302/157 708/385/704 254/392/254
f 157/302/157 156/303/156 709/386/705 708/385/704
f 254/392/254 708/385/704 713/388/709 255/393/255
f 35/306/35 391/394/391 710/389/706 155/307/155
f 391/394/391 390/395/390 711/390/707 710/389/706
f 155/307/155 710/389/706 709/386/705 156/303/156
f 38/396/38 256/397/256 712/391/708 389/398/389
f 256/397/256 255/393/255 713/388/709 712/391/708
f 389/398/389 712/391/708 711/390/707 390/395/390
f 715/399/711 716/400/712 714/401/710 720/402/716
f 717/403/713 718/404/714 714/401/710 716/400/712
f 719/405/715 720/402/716 714/401/710 718/404/714
f 15/316/15 163/318/163 715/399/711 260/406/260
f 163/318/163 162/320/162 716/400/712 715/399/711
f 260/406/260 715/399/711 720/402/716 261/407/261
f 37/325/37 382/408/382 717/403/713 161/326/161
f 382/408/382 381/409/381 718/404/714 717/403/713
f 161/326/161 717/403/713 716/400/712 162/320/162
f 40/410/40 262/411/262 719/405/715 380/412/380
f 262/411/262 261/407/261 720/402/716 719/405/715
f 380/412/380 719/405/715 718/404/714 381/409/381
f 722/413/718 723/414/719 721/415/717 727/416/723
f 724/417/720 725/418/721 721/415/717 723/414/719
f 726/419/722 727/416/723 721/415/717 725/418/721
f 16/335/16 169/337/169 722/413/718 266/420/266
f 169/337/169 168/339/168 723/414/719 722/413/718
f 266/420/266 722/413/718 727/416/723 267/421/267
f 39/344/39 373/422/373 724/417/720 167/345/167
f 373/422/373 372/423/372 725/418/721 724/417/720
f 167/345/167 724/417/720 723/414/719 168/339/168
f 42/424/42 268/425/268 726/419/722 371/426/371
f 268/425/268 267/421/267 727/416/723 726/419/722
f 371/426/371 726/419/722 725/418/721 372/423/372
f 729/427/725 730/428/726 728/429/724 734/430/730
f 731/431/727 732/432/728 728/429/724 730/428/726
f 733/433/729 734/430/730 728/429/724 732/432/728
f 17/354/17 175/356/175 729/427/725 272/434/272
f 175/356/175 174/358/174 730/428/726 729/427/725
f 272/434/272 729/427/725 734/430/730 273/435/273
f 41/363/41 364/436/364 731/431/727 173/364/173
f 364/436/364 363/437/363 732/432/728 731/431/727
f 173/364/173 731/431/727 730/428/726 174/358/174
f 44/438/44 274/439/274 733/433/729 362/440/362
f 274/439/274 273/435/273 734/430/730 733/433/729
f 362/440/362 733/433/729 732/432/728 363/437/363
f 736/441/732 737/442/733 735/443/731 741/444/737
f 738/445/734 739/446/735 735/443/731 737/442/733
f 740/447/736 741/444/737 735/443/731 739/446/735
f 18/373/18 181/375/181 736/441/732 248/448/248
f 181/375/181 180/377/180 737/442/733 736/441/732
f 248/448/248 736/441/732 741/444/737 249/449/249
f 43/382/43 355/450/355 738/445/734 179/383/179
f 355/450/355 354/451/354 739/446/735 738/445/734
f 179/383/179 738/445/734 737/442/733 180/377/180
f 36/452/36 250/453/250 740/447/736 353/454/353
f 250/453/250 249/449/249 741/444/737 740/447/736
f 353/454/353 740/447/736 739/446/735 354/451/354
f 743/455/739 744/456/740 742/457/738 748/458/744
f 745/459/741 746/460/742 742/457/738 744/456/740
f 747/461/743 748/458/744 742/457/738 746/460/742
f 19/462/19 187/463/187 743/455/739 202/464/202
f 187/463/187 186/465/186 744/456/740 743/455/739
f 202/464/202 743/455/739 748/458/744 201/466/201
f 45/467/45 346/468/346 745/459/741 185/469/185
f 346/468/346 345/470/345 746/460/742 745/459/741
f 185/469/185 745/459/741 744/456/740 186/465/186
f 50/471/50 200/472/200 747/461/743 344/473/344
f 200/472/200 201/466/201 748/458/744 747/461/743
f 344/473/344 747/461/743 746/460/742 345/470/345
f 750/474/746 751/475/747 749/476/745 755/477/751
f 752/478/748 753/479/749 749/476/745 751/475/747
f 754/480/750 755/477/751 749/476/745 753/479/749
f 20/481/20 190/482/190 750/474/746 208/483/208
f 190/482/190 189/484/189 751/475/747 750/474/746
f 208/483/208 750/474/746 755/477/751 207/485/207
f 46/486/46 337/487/337 752/478/748 188/488/188
f 337/487/337 336/489/336 753/479/749 752/478/748
f 188/488/188 752/478/748 751/475/747 189/484/189
f 52/490/52 206/491/206 754/480/750 335/492/335
f 206/491/206 207/485/207 755/477/751 754/480/750
f 335/492/335 754/480/750 753/479/749 336/489/336
f 757/493/753 758/494/754 756/495/752 762/496/758
f 759/497/755 760/498/756 756/495/752 758/494/754
f 761/499/757 762/496/758 756/495/752 760/498/756
f 21/500/21 193/501/193 757/493/753 211/502/211
f 193/501/193 192/503/192 758/494/754 757/493/753
f 211/502/211 757/493/753 762/496/758 210/504/210
f 47/505/47 328/506/328 759/497/755 191/507/191
f 328/506/328 327/508/327 760/498/756 759/497/755
f 191/507/191 759/497/755 758/494/754 192/503/192
f 53/509/53 209/510/209 761/499/757 326/511/326
f 209/510/209 210/504/210 762/496/758 761/499/757
f 326/511/326 761/499/757 760/498/756 327/508/327
f 764/512/760 765/513/761 763/514/759 769/515/765
f 766/516/762 767/517/763 763/514/759 765/513/761
f 768/518/764 769/515/765 763/514/759 767/517/763
f 22/519/22 196/520/196 764/512/760 214/521/214
f 196/520/196 195/522/195 765/513/761 764/512/760
f 214/521/214 764/512/760 769/515/765 213/523/213
f 48/524/48 319/525/319 766/516/762 194/526/194
f 319/525/319 318/527/318 767/517/763 766/516/762
f 194/526/194 766/516/762 765/513/761 195/522/195
f 54/528/54 212/529/212 768/518/764 317/530/317
f 212/529/212 213/523/213 769/515/765 768/518/764
f 317/530/317 768/518/764 767/517/763 318/527/318
f 771/531/767 772/532/768 770/533/766 776/534/772
f 773/535/769 774/536/770 770/533/766 772/532/768
f 775/537/771 776/534/772 770/533/766 774/536/770
f 23/538/23 199/539/199 771/531/767 293/540/293
f 199/539/199 198/541/198 772/532/768 771/531/767
f 293/540/293 771/531/767 776/534/772 294/542/294
f 49/543/49 310/544/310 773/535/769 197/545/197
f 310/544/310 309/546/309 774/536/770 773/535/769
f 197/545/197 773/535/769 772/532/768 198/541/198
f 51/547/51 295/548/295 775/537/771 308/549/308
f 295/548/295 294/542/294 776/534/772 775/537/771
f 308/549/308 775/537/771 774/536/770 309/546/309
f 778/550/774 779/551/775 777/552/773 783/553/779
f 780/554/776 781/555/777 777/552/773 779/551/775
f 782/556/778 783/553/779 777/552/773 781/555/777
f 51/547/51 305/557/305 778/550/774 203/558/203
f 305/557/305 306/559/306 779/551/775 778/550/774
f 203/558/203 778/550/774 783/553/779 204/560/204
f 54/561/54 304/562/304 780/554/776 307/563/307
f 304/562/304 303/564/303 781/555/777 780/554/776
f 307/563/307 780/554/776 779/551/775 306/559/306
f 24/565/24 205/566/205 782/556/778 302/567/302
f 205/566/205 204/560/204 783/553/779 782/556/778
f 302/567/302 782/556/778 781/555/777 303/564/303
f 785/568/781 786/569/782 784/570/780 790/571/786
f 787/572/783 788/573/784 784/570/780 786/569/782
f 789/574/785 790/571/786 784/570/780 788/573/784
f 51/547/51 308/549/308 785/568/781 305/557/305
f 308/549/308 309/546/309 786/569/782 785/568/781
f 305/557/305 785/568/781 790/571/786 306/559/306
f 49/543/49 313/575/313 787/572/783 310/544/310
f 313/575/313 312/576/312 788/573/784 787/572/783
f 310/544/310 787/572/783 786/569/782 309/546/309
f 54/561/54 307/563/307 789/574/785 311/577/311
f 307/563/307 306/559/306 790/571/786 789/574/785
f 311/577/311 789/574/785 788/573/784 312/576/312
f 792/578/788 793/579/789 791/580/787 797/581/793
f 794/582/790 795/583/791 791/580/787 793/579/789
f 796/584/792 797/581/793 791/580/787 795/583/791
f 49/543/49 289/585/289 792/578/788 313/575/313
f 289/585/289 288/586/288 793/579/789 792/578/788
f 313/575/313 792/578/788 797/581/793 312/576/312
f 22/519/22 214/587/214 794/582/790 287/588/287
f 214/587/214 213/589/213 795/583/791 794/582/790
f 287/588/287 794/582/790 793/579/789 288/586/288
f 54/561/54 311/577/311 796/584/792 212/590/212
f 311/577/311 312/576/312 797/581/793 796/584/792
f 212/590/212 796/584/792 795/583/791 213/589/213
f 799/591/795 800/592/796 798/593/794 804/594/800
f 801/595/797 802/596/798 798/593/794 800/592/796
f 803/597/799 804/594/800 798/593/794 802/596/798
f 54/528/54 314/598/314 799/591/795 304/599/304
f 314/598/314 315/600/315 800/592/796 799/591/795
f 304/599/304 799/591/795 804/594/800 303/601/303
f 53/602/53 301/603/301 801/595/797 316/604/316
f 301/603/301 300/605/300 802/596/798 801/595/797
f 316/604/316 801/595/797 800/592/796 315/600/315
f 24/606/24 302/607/302 803/597/799 299/608/299
f 302/607/302 303/601/303 804/594/800 803/597/799
f 299/608/299 803/597/799 802/596/798 300/605/300
f 806/609/802 807/610/803 805/611/801 811/612/807
f 808/613/804 809/614/805 805/611/801 807/610/803
f 810/615/806 811/612/807 805/611/801 809/614/805
f 54/528/54 317/530/317 806/609/802 314/598/314
f 317/530/317 318/527/318 807/610/803 806/609/802
f 314/598/314 806/609/802 811/612/807 315/600/315
f 48/524/48 322/616/322 808/613/804 319/525/319
f 322/616/322 321/617/321 809/614/805 808/613/804
f 319/525/319 808/613/804 807/610/803 318/527/318
f 53/602/53 316/604/316 810/615/806 320/618/320
f 316/604/316 315/600/315 811/612/807 810/615/806
f 320/618/320 810/615/806 809/614/805 321/617/321
f 813/619/809 814/620/810 812/621/808 818/622/814
f 815/623/811 816/624/812 812/621/808 814/620/810
f 817/625/813 818/622/814 812/621/808 816/624/812
f 48/524/48 286/626/286 813/619/809 322/616/322
f 286/626/286 285/627/285 814/620/810 813/619/809
f 322/616/322 813/619/809 818/622/814 321/617/321
f 21/500/21 211/628/211 815/623/811 284/629/284
f 211/628/211 210/630/210 816/624/812 815/623/811
f 284/629/284 815/623/811 814/620/810 285/627/285
f 53/602/53 320/618/320 817/625/813 209/631/209
f 320/618/320 321/617/321 818/622/814 817/625/813
f 209/631/209 817/625/813 816/624/812 210/630/210
f 820/632/816 821/633/817 819/634/815 825/635/821
f 822/636/818 823/637/819 819/634/815 821/633/817
f 824/638/820 825/635/821 819/634/815 823/637/819
f 53/509/53 323/639/323 820/632/816 301/640/301
f 323/639/323 324/641/324 821/633/817 820/632/816
f 301/640/301 820/632/816 825/635/821 300/642/300
f 52/643/52 298/644/298 822/636/818 325/645/325
f 298/644/298 297/646/297 823/637/819 822/636/818
f 325/645/325 822/636/818 821/633/817 324/641/324
f 24/647/24 299/648/299 824/638/820 296/649/296
f 299/648/299 300/642/300 825/635/821 824/638/820
f 296/649/296 824/638/820 823/637/819 297/646/297
f 827/650/823 828/651/824 826/652/822 832/653/828
f 829/654/825 830/655/826 826/652/822 828/651/824
f 831/656/827 832/653/828 826/652/822 830/655/826
f 53/509/53 326/511/326 827/650/823 323/639/323
f 326/511/326 327/508/327 828/651/824 827/650/823
f 323/639/323 827/650/823 832/653/828 324/641/324
f 47/505/47 331/657/331 829/654/825 328/506/328
f 331/657/331 330/658/330 830/655/826 829/654/825
f 328/506/328 829/654/825 828/651/824 327/508/327
f 52/643/52 325/645/325 831/656/827 329/659/329
f 325/645/325 324/641/324 832/653/828 831/656/827
f 329/659/329 831/656/827 830/655/826 330/658/330
f 834/660/830 835/661/831 833/662/829 839/663/835
f 836/664/832 837/665/833 833/662/829 835/661/831
f 838/666/834 839/663/835 833/662/829 837/665/833
f 47/505/47 283/667/283 834/660/830 331/657/331
f 283/667/283 282/668/282 835/661/831 834/660/830
f 331/657/331 834/660/830 839/663/835 330/658/330
f 20/669/20 208/670/208 836/664/832 281/671/281
f 208/670/208 207/672/207 837/665/833 836/664/832
f 281/671/281 836/664/832 835/661/831 282/668/282
f 52/643/52 329/659/329 838/666/834 206/673/206
f 329/659/329 330/658/330 839/663/835 838/666/834
f 206/673/206 838/666/834 837/665/833 207/672/207
f 841/674/837 842/675/838 840/676/836 846/677/842
f 843/678/839 844/679/840 840/676/836 842/675/838
f 845/680/841 846/677/842 840/676/836 844/679/840
f 52/490/52 332/681/332 841/674/837 298/682/298
f 332/681/332 333/683/333 842/675/838 841/674/837
f 298/682/298 841/674/837 846/677/842 297/684/297
f 50/685/50 292/686/292 843/678/839 334/687/334
f 292/686/292 291/688/291 844/679/840 843/678/839
f 334/687/334 843/678/839 842/675/838 333/683/333
f 24/689/24 296/690/296 845/680/841 290/691/290
f 296/690/296 297/684/297 846/677/842 845/680/841
f 290/691/290 845/680/841 844/679/840 291/688/291
f 848/692/844 849/693/845 847/694/843 853/695/849
f 850/696/846 851/697/847 847/694/843 849/693/845
f 852/698/848 853/695/849 847/694/843 851/697/847
f 52/490/52 335/492/335 848/692/844 332/681/332
f 335/492/335 336/489/336 849/693/845 848/692/844
f 332/681/332 848/692/844 853/695/849 333/683/333
f 46/486/46 340/699/340 850/696/846 337/487/337
f 340/699/340 339/700/339 851/697/847 850/696/846
f 337/487/337 850/696/846 849/693/845 336/489/336
f 50/685/50 334/687/334 852/698/848 338/701/338
f 334/687/334 333/683/333 853/695/849 852/698/848
f 338/701/338 852/698/848 851/697/847 339/700/339
f 855/702/851 856/703/852 854/704/850 860/705/856
f 857/706/853 858/707/854 854/704/850 856/703/852
f 859/708/855 860/705/856 854/704/850 858/707/854
f 46/486/46 280/709/280 855/702/851 340/699/340
f 280/709/280 279/710/279 856/703/852 855/702/851
f 340/699/340 855/702/851 860/705/856 339/700/339
f 19/462/19 202/711/202 857/706/853 278/712/278
f 202/711/202 201/713/201 858/707/854 857/706/853
f 278/712/278 857/706/853 856/703/852 279/710/279
f 50/685/50 338/701/338 859/708/855 200/714/200
f 338/701/338 339/700/339 860/705/856 859/708/855
f 200/714/200 859/708/855 858/707/854 201/713/201
f 862/715/858 863/716/859 861/717/857 867/718/863
f 864/719/860 865/720/861 861/717/857 863/716/859
f 866/721/862 867/718/863 861/717/857 865/720/861
f 50/471/50 341/722/341 862/715/858 292/723/292
f 341/722/341 342/724/342 863/716/859 862/715/858
f 292/723/292 862/715/858 867/718/863 291/725/291
f 51/726/51 203/727/203 864/719/860 343/728/343
f 203/727/203 204/729/204 865/720/861 864/719/860
f 343/728/343 864/719/860 863/716/859 342/724/342
f 24/730/24 290/731/290 866/721/862 205/732/205
f 290/731/290 291/725/291 867/718/863 866/721/862
f 205/732/205 866/721/862 865/720/861 204/729/204
f 869/733/865 870/734/866 868/735/864 874/736/870
f 871/737/867 872/738/868 868/735/864 870/734/866
f 873/739/869 874/736/870 868/735/864 872/738/868
f 50/471/50 344/473/344 869/733/865 341/722/341
f 344/473/344 345/470/345 870/734/866 869/733/865
f 341/722/341 869/733/865 874/736/870 342/724/342
f 45/467/45 349/740/349 871/737/867 346/468/346
f 349/740/349 348/741/348 872/738/868 871/737/867
f 346/468/346 871/737/867 870/734/866 345/470/345
f 51/726/51 343/728/343 873/739/869 347/742/347
f 343/728/343 342/724/342 874/736/870 873/739/869
f 347/742/347 873/739/869 872/738/868 348/741/348
f 876/743/872 877/744/873 875/745/871 881/746/877
f 878/747/874 879/748/875 875/745/871 877/744/873
f 880/749/876 881/746/877 875/745/871 879/748/875
f 45/467/45 277/750/277 876/743/872 349/740/349
f 277/750/277 276/751/276 877/744/873 876/743/872
f 349/740/349 876/743/872 881/746/877 348/741/348
f 23/538/23 293/752/293 878/747/874 275/753/275
f 293/752/293 294/754/294 879/748/875 878/747/874
f 275/753/275 878/747/874 877/744/873 276/751/276
f 51/726/51 347/742/347 880/749/876 295/755/295
f 347/742/347 348/741/348 881/746/877 880/749/876
f 295/755/295 880/749/876 879/748/875 294/754/294
f 883/756/879 884/757/880 882/758/878 888/759/884
f 885/760/881 886/761/882 882/758/878 884/757/880
f 887/762/883 888/759/884 882/758/878 886/761/882
f 36/452/36 350/763/350 883/756/879 158/764/158
f 350/763/350 351/765/351 884/757/880 883/756/879
f 158/764/158 883/756/879 888/759/884 159/766/159
f 49/543/49 197/545/197 885/760/881 352/767/352
f 197/545/197 198/541/198 886/761/882 885/760/881
f 352/767/352 885/760/881 884/757/880 351/765/351
f 23/538/23 160/768/160 887/762/883 199/539/199
f 160/768/160 159/766/159 888/759/884 887/762/883
f 199/539/199 887/762/883 886/761/882 198/541/198
f 890/769/886 891/770/887 889/771/885 895/772/891
f 892/773/888 893/774/889 889/771/885 891/770/887
f 894/775/890 895/772/891 889/771/885 893/774/889
f 36/452/36 353/454/353 890/769/886 350/763/350
f 353/454/353 354/451/354 891/770/887 890/769/886
f 350/763/350 890/769/886 895/772/891 351/765/351
f 43/382/43 358/776/358 892/773/888 355/450/355
f 358/776/358 357/777/357 893/774/889 892/773/888
f 355/450/355 892/773/888 891/770/887 354/451/354
f 49/543/49 352/767/352 894/775/890 356/778/356
f 352/767/352 351/765/351 895/772/891 894/775/890
f 356/778/356 894/775/890 893/774/889 357/777/357
f 897/779/893 898/780/894 896/781/892 902/782/898
f 899/783/895 900/784/896 896/781/892 898/780/894
f 901/785/897 902/782/898 896/781/892 900/784/896
f 43/382/43 271/786/271 897/779/893 358/776/358
f 271/786/271 270/787/270 898/780/894 897/779/893
f 358/776/358 897/779/893 902/782/898 357/777/357
f 22/519/22 287/588/287 899/783/895 269/788/269
f 287/588/287 288/586/288 900/784/896 899/783/895
f 269/788/269 899/783/895 898/780/894 270/787/270
f 49/543/49 356/778/356 901/785/897 289/585/289
f 356/778/356 357/777/357 902/782/898 901/785/897
f 289/585/289 901/785/897 900/784/896 288/586/288
f 904/789/900 905/790/901 903/791/899 909/792/905
f 906/793/902 907/794/903 903/791/899 905/790/901
f 908/795/904 909/792/905 903/791/899 907/794/903
f 44/438/44 359/796/359 904/789/900 182/797/182
f 359/796/359 360/798/360 905/790/901 904/789/900
f 182/797/182 904/789/900 909/792/905 183/799/183
f 48/524/48 194/526/194 906/793/902 361/800/361
f 194/526/194 195/522/195 907/794/903 906/793/902
f 361/800/361 906/793/902 905/790/901 360/798/360
f 22/519/22 184/801/184 908/795/904 196/520/196
f 184/801/184 183/799/183 909/792/905 908/795/904
f 196/520/196 908/795/904 907/794/903 195/522/195
f 911/802/907 912/803/908 910/804/906 916/805/912
f 913/806/909 914/807/910 910/804/906 912/803/908
f 915/808/911 916/805/912 910/804/906 914/807/910
f 44/438/44 362/440/362 911/802/907 359/796/359
f 362/440/362 363/437/363 912/803/908 911/802/907
f 359/796/359 911/802/907 916/805/912 360/798/360
f 41/363/41 367/809/367 913/806/909 364/436/364
f 367/809/367 366/810/366 914/807/910 913/806/909
f 364/436/364 913/806/909 912/803/908 363/437/363
f 48/524/48 361/800/361 915/808/911 365/811/365
f 361/800/361 360/798/360 916/805/912 915/808/911
f 365/811/365 915/808/911 914/807/910 366/810/366
f 918/812/914 919/813/915 917/814/913 923/815/919
f 920/816/916 921/817/917 917/814/913 919/813/915
f 922/818/918 923/815/919 917/814/913 921/817/917
f 41/363/41 265/819/265 918/812/914 367/809/367
f 265/819/265 264/820/264 919/813/915 918/812/914
f 367/809/367 918/812/914 923/815/919 366/810/366
f 21/500/21 284/629/284 920/816/916 263/821/263
f 284/629/284 285/627/285 921/817/917 920/816/916
f 263/821/263 920/816/916 919/813/915 264/820/264
f 48/524/48 365/811/365 922/818/918 286/626/286
f 365/811/365 366/810/366 923/815/919 922/818/918
f 286/626/286 922/818/918 921/817/917 285/627/285
f 925/822/921 926/823/922 924/824/920 930/825/926
f 927/826/923 928/827/924 924/824/920 926/823/922
f 929/828/925 930/825/926 924/824/920 928/827/924
f 42/424/42 368/829/368 925/822/921 176/830/176
f 368/829/368 369/831/369 926/823/922 925/822/921
f 176/830/176 925/822/921 930/825/926 177/832/177
f 47/505/47 191/507/191 927/826/923 370/833/370
f 191/507/191 192/503/192 928/827/924 927/826/923
f 370/833/370 927/826/923 926/823/922 369/831/369
f 21/500/21 178/834/178 929/828/925 193/501/193
f 178/834/178 177/832/177 930/825/926 929/828/925
f 193/501/193 929/828/925 928/827/924 192/503/192
f 932/835/928 933/836/929 931/837/927 937/838/933
f 934/839/930 935/840/931 931/837/927 933/836/929
f 936/841/932 937/838/933 931/837/927 935/840/931
f 42/424/42 371/426/371 932/835/928 368/829/368
f 371/426/371 372/423/372 933/836/929 932/835/928
f 368/829/368 932/835/928 937/838/933 369/831/369
f 39/344/39 376/842/376 934/839/930 373/422/373
f 376/842/376 375/843/375 935/840/931 934/839/930
f 373/422/373 934/839/930 933/836/929 372/423/372
f 47/505/47 370/833/370 936/841/932 374/844/374
f 370/833/370 369/831/369 937/838/933 936/841/932
f 374/844/374 936/841/932 935/840/931 375/843/375
f 939/845/935 940/846/936 938/847/934 944/848/940
f 941/849/937 942/850/938 938/847/934 940/846/936
f 943/851/939 944/848/940 938/847/934 942/850/938
f 39/344/39 259/852/259 939/845/935 376/842/376
f 259/852/259 258/853/258 940/846/936 939/845/935
f 376/842/376 939/845/935 944/848/940 375/843/375
f 20/669/20 281/671/281 941/849/937 257/854/257
f 281/671/281 282/668/282 942/850/938 941/849/937
f 257/854/257 941/849/937 940/846/936 258/853/258
f 47/505/47 374/844/374 943/851/939 283/667/283
f 374/844/374 375/843/375 944/848/940 943/851/939
f 283/667/283 943/851/939 942/850/938 282/668/282
f 946/855/942 947/856/943 945/857/941 951/858/947
f 948/859/944 949/860/945 945/857/941 947/856/943
f 950/861/946 951/858/947 945/857/941 949/860/945
f 40/410/40 377/862/377 946/855/942 170/863/170
f 377/862/377 378/864/378 947/856/943 946/855/942
f 170/863/170 946/855/942 951/858/947 171/865/171
f 46/486/46 188/488/188 948/859/944 379/866/379
f 188/488/188 189/484/189 949/860/945 948/859/944
f 379/866/379 948/859/944 947/856/943 378/864/378
f 20/481/20 172/867/172 950/861/946 190/482/190
f 172/867/172 171/865/171 951/858/947 950/861/946
f 190/482/190 950/861/946 949/860/945 189/484/189
f 953/868/949 954/869/950 952/870/948 958/871/954
f 955/872/951 956/873/952 952/870/948 954/869/950
f 957/874/953 958/871/954 952/870/948 956/873/952
f 40/410/40 380/412/380 953/868/949 377/862/377
f 380/412/380 381/409/381 954/869/950 953/868/949
f 377/862/377 953/868/949 958/871/954 378/864/378
f 37/325/37 385/875/385 955/872/951 382/408/382
f 385/875/385 384/876/384 956/873/952 955/872/951
f 382/408/382 955/872/951 954/869/950 381/409/381
f 46/486/46 379/866/379 957/874/953 383/877/383
f 379/866/379 378/864/378 958/871/954 957/874/953
f 383/877/383 957/874/953 956/873/952 384/876/384
f 960/878/956 961/879/957 959/880/955 965/881/961
f 962/882/958 963/883/959 959/880/955 961/879/957
f 964/884/960 965/881/961 959/880/955 963/883/959
f 37/325/37 253/885/253 960/878/956 385/875/385
f 253/885/253 252/886/252 961/879/957 960/878/956
f 385/875/385 960/878/956 965/881/961 384/876/384
f 19/462/19 278/712/278 962/882/958 251/887/251
f 278/712/278 279/710/279 963/883/959 962/882/958
f 251/887/251 962/882/958 961/879/957 252/886/252
f 46/486/46 383/877/383 964/884/960 280/709/280
f 383/877/383 384/876/384 965/881/961 964/884/960
f 280/709/280 964/884/960 963/883/959 279/710/279
f 967/888/963 968/889/964 966/890/962 972/891/968
f 969/892/965 970/893/966 966/890/962 968/889/964
f 971/894/967 972/891/968 966/890/962 970/893/966
f 38/396/38 386/895/386 967/888/963 164/896/164
f 386/895/386 387/897/387 968/889/964 967/888/963
f 164/896/164 967/888/963 972/891/968 165/898/165
f 45/467/45 185/469/185 969/892/965 388/899/388
f 185/469/185 186/465/186 970/893/966 969/892/965
f 388/899/388 969/892/965 968/889/964 387/897/387
f 19/462/19 166/900/166 971/894/967 187/463/187
f 166/900/166 165/898/165 972/891/968 971/894/967
f 187/463/187 971/894/967 970/893/966 186/465/186
f 974/901/970 975/902/971 973/903/969 979/904/975
f 976/905/972 977/906/973 973/903/969 975/902/971
f 978/907/974 979/904/975 973/903/969 977/906/973
f 38/396/38 389/398/389 974/901/970 386/895/386
f 389/398/389 390/395/390 975/902/971 974/901/970
f 386/895/386 974/901/970 979/904/975 387/897/387
f 35/306/35 394/908/394 976/905/972 391/394/391
f 394/908/394 393/909/393 977/906/973 976/905/972
f 391/394/391 976/905/972 975/902/971 390/395/390
f 45/467/45 388/899/388 978/907/974 392/910/392
f 388/899/388 387/897/387 979/904/975 978/907/974
f 392/910/392 978/907/974 977/906/973 393/909/393
f 981/911/977 982/912/978 980/913/976 986/914/982
f 983/915/979 984/916/980 980/913/976 982/912/978
f 985/917/981 986/914/982 980/913/976 984/916/980
f 35/306/35 247/918/247 981/911/977 394/908/394
f 247/918/247 246/919/246 982/912/978 981/911/977
f 394/908/394 981/911/977 986/914/982 393/909/393
f 23/538/23 275/753/275 983/915/979 245/920/245
f 275/753/275 276/751/276 984/916/980 983/915/979
f 245/920/245 983/915/979 982/912/978 246/919/246
f 45/467/45 392/910/392 985/917/981 277/750/277
f 392/910/392 393/909/393 986/914/982 985/917/981
f 277/750/277 985/917/981 984/916/980 276/751/276
f 988/921/984 989/922/985 987/923/983 993/924/989
f 990/925/986 991/926/987 987/923/983 989/922/985
f 992/927/988 993/924/989 987/923/983 991/926/987
f 43/382/43 395/928/395 988/921/984 271/786/271
f 395/928/395 396/929/396 989/922/985 988/921/984
f 271/786/271 988/921/984 993/924/989 270/787/270
f 44/438/44 182/797/182 990/925/986 397/930/397
f 182/797/182 183/799/183 991/926/987 990/925/986
f 397/930/397 990/925/986 989/922/985 396/929/396
f 22/519/22 269/788/269 992/927/988 184/801/184
f 269/788/269 270/787/270 993/924/989 992/927/988
f 184/801/184 992/927/988 991/926/987 183/799/183
f 995/931/991 996/932/992 994/933/990 1000/934/996
f 997/935/993 998/936/994 994/933/990 996/932/992
f 999/937/995 1000/934/996 994/933/990 998/936/994
f 43/382/43 398/384/398 995/931/991 395/928/395
f 398/384/398 399/381/399 996/932/992 995/931/991
f 395/928/395 995/931/991 1000/934/996 396/929/396
f 34/378/34 403/938/403 997/935/993 400/379/400
f 403/938/403 402/939/402 998/936/994 997/935/993
f 400/379/400 997/935/993 996/932/992 399/381/399
f 44/438/44 397/930/397 999/937/995 401/940/401
f 397/930/397 396/929/396 1000/934/996 999/937/995
f 401/940/401 999/937/995 998/936/994 402/939/402
f 1002/941/998 1003/942/999 1001/943/997 1007/944/1003
f 1004/945/1000 1005/946/1001 1001/943/997 1003/942/999
f 1006/947/1002 1007/944/1003 1001/943/997 1005/946/1001
f 34/378/34 244/948/244 1002/941/998 403/938/403
f 244/948/244 243/949/243 1003/942/999 1002/941/998
f 403/938/403 1002/941/998 1007/944/1003 402/939/402
f 17/354/17 272/434/272 1004/945/1000 242/950/242
f 272/434/272 273/435/273 1005/946/1001 1004/945/1000
f 242/950/242 1004/945/1000 1003/942/999 243/949/243
f 44/438/44 401/940/401 1006/947/1002 274/439/274
f 401/940/401 402/939/402 1007/944/1003 1006/947/1002
f 274/439/274 1006/947/1002 1005/946/1001 273/435/273
f 1009/951/1005 1010/952/1006 1008/953/1004 1014/954/1010
f 1011/955/1007 1012/956/1008 1008/953/1004 1010/952/1006
f 1013/957/1009 1014/954/1010 1008/953/1004 1012/956/1008
f 41/363/41 404/958/404 1009/951/1005 265/819/265
f 404/958/404 405/959/405 1010/952/1006 1009/951/1005
f 265/819/265 1009/951/1005 1014/954/1010 264/820/264
f 42/424/42 176/830/176 1011/955/1007 406/960/406
f 176/830/176 177/832/177 1012/956/1008 1011/955/1007
f 406/960/406 1011/955/1007 1010/952/1006 405/959/405
f 21/500/21 263/821/263 1013/957/1009 178/834/178
f 263/821/263 264/820/264 1014/954/1010 1013/957/1009
f 178/834/178 1013/957/1009 1012/956/1008 177/832/177
f 1016/961/1012 1017/962/1013 1015/963/1011 1021/964/1017
f 1018/965/1014 1019/966/1015 1015/963/1011 1017/962/1013
f 1020/967/1016 1021/964/1017 1015/963/1011 1019/966/1015
f 41/363/41 407/365/407 1016/961/1012 404/958/404
f 407/365/407 408/362/408 1017/962/1013 1016/961/1012
f 404/958/404 1016/961/1012 1021/964/1017 405/959/405
f 33/359/33 412/968/412 1018/965/1014 409/360/409
f 412/968/412 411/969/411 1019/966/1015 1018/965/1014
f 409/360/409 1018/965/1014 1017/962/1013 408/362/408
f 42/424/42 406/960/406 1020/967/1016 410/970/410
f 406/960/406 405/959/405 1021/964/1017 1020/967/1016
f 410/970/410 1020/967/1016 1019/966/1015 411/969/411
f 1023/971/1019 1024/972/1020 1022/973/1018 1028/974/1024
f 1025/975/1021 1026/976/1022 1022/973/1018 1024/972/1020
f 1027/977/1023 1028/974/1024 1022/973/1018 1026/976/1022
f 33/359/33 241/978/241 1023/971/1019 412/968/412
f 241/978/241 240/979/240 1024/972/1020 1023/971/1019
f 412/968/412 1023/971/1019 1028/974/1024 411/969/411
f 16/335/16 266/420/266 1025/975/1021 239/980/239
f 266/420/266 267/421/267 1026/976/1022 1025/975/1021
f 239/980/239 1025/975/1021 1024/972/1020 240/979/240
f 42/424/42 410/970/410 1027/977/1023 268/425/268
f 410/970/410 411/969/411 1028/974/1024 1027/977/1023
f 268/425/268 1027/977/1023 1026/976/1022 267/421/267
f 1030/981/1026 1031/982/1027 1029/983/1025 1035/984/1031
f 1032/985/1028 1033/986/1029 1029/983/1025 1031/982/1027
f 1034/987/1030 1035/984/1031 1029/983/1025 1033/986/1029
f 39/344/39 413/988/413 1030/981/1026 259/852/259
f 413/988/413 414/989/414 1031/982/1027 1030/981/1026
f 259/852/259 1030/981/1026 1035/984/1031 258/853/258
f 40/990/40 170/991/170 1032/985/1028 415/992/415
f 170/991/170 171/993/171 1033/986/1029 1032/985/1028
f 415/992/415 1032/985/1028 1031/982/1027 414/989/414
f 20/669/20 257/854/257 1034/987/1030 172/994/172
f 257/854/257 258/853/258 1035/984/1031 1034/987/1030
f 172/994/172 1034/987/1030 1033/986/1029 171/993/171
f 1037/995/1033 1038/996/1034 1036/997/1032 1042/998/1038
f 1039/999/1035 1040/1000/1036 1036/997/1032 1038/996/1034
f 1041/1001/1037 1042/998/1038 1036/997/1032 1040/1000/1036
f 39/344/39 416/346/416 1037/995/1033 413/988/413
f 416/346/416 417/343/417 1038/996/1034 1037/995/1033
f 413/988/413 1037/995/1033 1042/998/1038 414/989/414
f 31/340/31 421/1002/421 1039/999/1035 418/341/418
f 421/1002/421 420/1003/420 1040/1000/1036 1039/999/1035
f 418/341/418 1039/999/1035 1038/996/1034 417/343/417
f 40/990/40 415/992/415 1041/1001/1037 419/1004/419
f 415/992/415 414/989/414 1042/998/1038 1041/1001/1037
f 419/1004/419 1041/1001/1037 1040/1000/1036 420/1003/420
f 1044/1005/1040 1045/1006/1041 1043/1007/1039 1049/1008/1045
f 1046/1009/1042 1047/1010/1043 1043/1007/1039 1045/1006/1041
f 1048/1011/1044 1049/1008/1045 1043/1007/1039 1047/1010/1043
f 31/340/31 235/1012/235 1044/1005/1040 421/1002/421
f 235/1012/235 234/1013/234 1045/1006/1041 1044/1005/1040
f 421/1002/421 1044/1005/1040 1049/1008/1045 420/1003/420
f 15/1014/15 260/1015/260 1046/1009/1042 233/1016/233
f 260/1015/260 261/1017/261 1047/1010/1043 1046/1009/1042
f 233/1016/233 1046/1009/1042 1045/1006/1041 234/1013/234
f 40/990/40 419/1004/419 1048/1011/1044 262/1018/262
f 419/1004/419 420/1003/420 1049/1008/1045 1048/1011/1044
f 262/1018/262 1048/1011/1044 1047/1010/1043 261/1017/261
f 1051/1019/1047 1052/1020/1048 1050/1021/1046 1056/1022/1052
f 1053/1023/1049 1054/1024/1050 1050/1021/1046 1052/1020/1048
f 1055/1025/1051 1056/1022/1052 1050/1021/1046 1054/1024/1050
f 37/325/37 422/1026/422 1051/1019/1047 253/885/253
f 422/1026/422 423/1027/423 1052/1020/1048 1051/1019/1047
f 253/885/253 1051/1019/1047 1056/1022/1052 252/886/252
f 38/396/38 164/896/164 1053/1023/1049 424/1028/424
f 164/896/164 165/898/165 1054/1024/1050 1053/1023/1049
f 424/1028/424 1053/1023/1049 1052/1020/1048 423/1027/423
f 19/462/19 251/887/251 1055/1025/1051 166/900/166
f 251/887/251 252/886/252 1056/1022/1052 1055/1025/1051
f 166/900/166 1055/1025/1051 1054/1024/1050 165/898/165
f 1058/1029/1054 1059/1030/1055 1057/1031/1053 1063/1032/1059
f 1060/1033/1056 1061/1034/1057 1057/1031/1053 1059/1030/1055
f 1062/1035/1058 1063/1032/1059 1057/1031/1053 1061/1034/1057
f 37/325/37 425/327/425 1058/1029/1054 422/1026/422
f 425/327/425 426/324/426 1059/1030/1055 1058/1029/1054
f 422/1026/422 1058/1029/1054 1063/1032/1059 423/1027/423
f 27/321/27 430/1036/430 1060/1033/1056 427/322/427
f 430/1036/430 429/1037/429 1061/1034/1057 1060/1033/1056
f 427/322/427 1060/1033/1056 1059/1030/1055 426/324/426
f 38/396/38 424/1028/424 1062/1035/1058 428/1038/428
f 424/1028/424 423/1027/423 1063/1032/1059 1062/1035/1058
f 428/1038/428 1062/1035/1058 1061/1034/1057 429/1037/429
f 1065/1039/1061 1066/1040/1062 1064/1041/1060 1070/1042/1066
f 1067/1043/1063 1068/1044/1064 1064/1041/1060 1066/1040/1062
f 1069/1045/1065 1070/1042/1066 1064/1041/1060 1068/1044/1064
f 27/321/27 223/1046/223 1065/1039/1061 430/1036/430
f 223/1046/223 222/1047/222 1066/1040/1062 1065/1039/1061
f 430/1036/430 1065/1039/1061 1070/1042/1066 429/1037/429
f 14/226/14 254/392/254 1067/1043/1063 221/1048/221
f 254/392/254 255/393/255 1068/1044/1064 1067/1043/1063
f 221/1048/221 1067/1043/1063 1066/1040/1062 222/1047/222
f 38/396/38 428/1038/428 1069/1045/1065 256/397/256
f 428/1038/428 429/1037/429 1070/1042/1066 1069/1045/1065
f 256/397/256 1069/1045/1065 1068/1044/1064 255/393/255
f 1072/1049/1068 1073/1050/1069 1071/1051/1067 1077/1052/1073
f 1074/1053/1070 1075/1054/1071 1071/1051/1067 1073/1050/1069
f 1076/1055/1072 1077/1052/1073 1071/1051/1067 1075/1054/1071
f 35/306/35 431/1056/431 1072/1049/1068 247/918/247
f 431/1056/431 432/1057/432 1073/1050/1069 1072/1049/1068
f 247/918/247 1072/1049/1068 1077/1052/1073 246/919/246
f 36/452/36 158/764/158 1074/1053/1070 433/1058/433
f 158/764/158 159/766/159 1075/1054/1071 1074/1053/1070
f 433/1058/433 1074/1053/1070 1073/1050/1069 432/1057/432
f 23/538/23 245/920/245 1076/1055/1072 160/768/160
f 245/920/245 246/919/246 1077/1052/1073 1076/1055/1072
f 160/768/160 1076/1055/1072 1075/1054/1071 159/766/159
f 1079/1059/1075 1080/1060/1076 1078/1061/1074 1084/1062/1080
f 1081/1063/1077 1082/1064/1078 1078/1061/1074 1080/1060/1076
f 1083/1065/1079 1084/1062/1080 1078/1061/1074 1082/1064/1078
f 35/306/35 434/308/434 1079/1059/1075 431/1056/431
f 434/308/434 435/305/435 1080/1060/1076 1079/1059/1075
f 431/1056/431 1079/1059/1075 1084/1062/1080 432/1057/432
f 28/235/28 439/1066/439 1081/1063/1077 436/304/436
f 439/1066/439 438/1067/438 1082/1064/1078 1081/1063/1077
f 436/304/436 1081/1063/1077 1080/1060/1076 435/305/435
f 36/452/36 433/1058/433 1083/1065/1079 437/1068/437
f 433/1058/433 432/1057/432 1084/1062/1080 1083/1065/1079
f 437/1068/437 1083/1065/1079 1082/1064/1078 438/1067/438
f 1086/1069/1082 1087/1070/1083 1085/1071/1081 1091/1072/1087
f 1088/1073/1084 1089/1074/1085 1085/1071/1081 1087/1070/1083
f 1090/1075/1086 1091/1072/1087 1085/1071/1081 1089/1074/1085
f 28/235/28 226/1076/226 1086/1069/1082 439/1066/439
f 226/1076/226 225/1077/225 1087/1070/1083 1086/1069/1082
f 439/1066/439 1086/1069/1082 1091/1072/1087 438/1067/438
f 18/373/18 248/448/248 1088/1073/1084 224/1078/224
f 248/448/248 249/449/249 1089/1074/1085 1088/1073/1084
f 224/1078/224 1088/1073/1084 1087/1070/1083 225/1077/225
f 36/452/36 437/1068/437 1090/1075/1086 250/453/250
f 437/1068/437 438/1067/438 1091/1072/1087 1090/1075/1086
f 250/453/250 1090/1075/1086 1089/1074/1085 249/449/249
f 1093/1079/1089 1094/1080/1090 1092/1081/1088 1098/1082/1094
f 1095/1083/1091 1096/1084/1092 1092/1081/1088 1094/1080/1090
f 1097/1085/1093 1098/1082/1094 1092/1081/1088 1096/1084/1092
f 29/292/29 440/1086/440 1093/1079/1089 137/1087/137
f 440/1086/440 441/1088/441 1094/1080/1090 1093/1079/1089
f 137/1087/137 1093/1079/1089 1098/1082/1094 138/1089/138
f 34/378/34 152/380/152 1095/1083/1091 442/1090/442
f 152/380/152 153/376/153 1096/1084/1092 1095/1083/1091
f 442/1090/442 1095/1083/1091 1094/1080/1090 441/1088/441
f 18/373/18 139/1091/139 1097/1085/1093 154/374/154
f 139/1091/139 138/1089/138 1098/1082/1094 1097/1085/1093
f 154/374/154 1097/1085/1093 1096/1084/1092 153/376/153
f 1100/1092/1096 1101/1093/1097 1099/1094/1095 1105/1095/1101
f 1102/1096/1098 1103/1097/1099 1099/1094/1095 1101/1093/1097
f 1104/1098/1100 1105/1095/1101 1099/1094/1095 1103/1097/1099
f 29/292/29 443/294/443 1100/1092/1096 440/1086/440
f 443/294/443 444/291/444 1101/1093/1097 1100/1092/1096
f 440/1086/440 1100/1092/1096 1105/1095/1101 441/1088/441
f 32/288/32 448/1099/448 1102/1096/1098 445/289/445
f 448/1099/448 447/1100/447 1103/1097/1099 1102/1096/1098
f 445/289/445 1102/1096/1098 1101/1093/1097 444/291/444
f 34/378/34 442/1090/442 1104/1098/1100 446/1101/446
f 442/1090/442 441/1088/441 1105/1095/1101 1104/1098/1100
f 446/1101/446 1104/1098/1100 1103/1097/1099 447/1100/447
f 1107/1102/1103 1108/1103/1104 1106/1104/1102 1112/1105/1108
f 1109/1106/1105 1110/1107/1106 1106/1104/1102 1108/1103/1104
f 1111/1108/1107 1112/1105/1108 1106/1104/1102 1110/1107/1106
f 32/288/32 238/1109/238 1107/1102/1103 448/1099/448
f 238/1109/238 237/1110/237 1108/1103/1104 1107/1102/1103
f 448/1099/448 1107/1102/1103 1112/1105/1108 447/1100/447
f 17/354/17 242/950/242 1109/1106/1105 236/1111/236
f 242/950/242 243/949/243 1110/1107/1106 1109/1106/1105
f 236/1111/236 1109/1106/1105 1108/1103/1104 237/1110/237
f 34/378/34 446/1101/446 1111/1108/1107 244/948/244
f 446/1101/446 447/1100/447 1112/1105/1108 1111/1108/1107
f 244/948/244 1111/1108/1107 1110/1107/1106 243/949/243
f 1114/1112/1110 1115/1113/1111 1113/1114/1109 1119/1115/1115
f 1116/1116/1112 1117/1117/1113 1113/1114/1109 1115/1113/1111
f 1118/1118/1114 1119/1115/1115 1113/1114/1109 1117/1117/1113
f 32/273/32 449/1119/449 1114/1112/1110 238/1120/238
f 449/1119/449 450/1121/450 1115/1113/1111 1114/1112/1110
f 238/1120/238 1114/1112/1110 1119/1115/1115 237/1122/237
f 33/359/33 149/361/149 1116/1116/1112 451/1123/451
f 149/361/149 150/357/150 1117/1117/1113 1116/1116/1112
f 451/1123/451 1116/1116/1112 1115/1113/1111 450/1121/450
f 17/354/17 236/1124/236 1118/1118/1114 151/355/151
f 236/1124/236 237/1122/237 1119/1115/1115 1118/1118/1114
f 151/355/151 1118/1118/1114 1117/1117/1113 150/357/150
f 1121/1125/1117 1122/1126/1118 1120/1127/1116 1126/1128/1122
f 1123/1129/1119 1124/1130/1120 1120/1127/1116 1122/1126/1118
f 1125/1131/1121 1126/1128/1122 1120/1127/1116 1124/1130/1120
f 32/273/32 452/275/452 1121/1125/1117 449/1119/449
f 452/275/452 453/272/453 1122/1126/1118 1121/1125/1117
f 449/1119/449 1121/1125/1117 1126/1128/1122 450/1121/450
f 30/269/30 457/1132/457 1123/1129/1119 454/270/454
f 457/1132/457 456/1133/456 1124/1130/1120 1123/1129/1119
f 454/270/454 1123/1129/1119 1122/1126/1118 453/272/453
f 33/359/33 451/1123/451 1125/1131/1121 455/1134/455
f 451/1123/451 450/1121/450 1126/1128/1122 1125/1131/1121
f 455/1134/455 1125/1131/1121 1124/1130/1120 456/1133/456
f 1128/1135/1124 1129/1136/1125 1127/1137/1123 1133/1138/1129
f 1130/1139/1126 1131/1140/1127 1127/1137/1123 1129/1136/1125
f 1132/1141/1128 1133/1138/1129 1127/1137/1123 1131/1140/1127
f 30/269/30 232/1142/232 1128/1135/1124 457/1132/457
f 232/1142/232 231/1143/231 1129/1136/1125 1128/1135/1124
f 457/1132/457 1128/1135/1124 1133/1138/1129 456/1133/456
f 16/335/16 239/980/239 1130/1139/1126 230/1144/230
f 239/980/239 240/979/240 1131/1140/1127 1130/1139/1126
f 230/1144/230 1130/1139/1126 1129/1136/1125 231/1143/231
f 33/359/33 455/1134/455 1132/1141/1128 241/978/241
f 455/1134/455 456/1133/456 1133/1138/1129 1132/1141/1128
f 241/978/241 1132/1141/1128 1131/1140/1127 240/979/240
f 1135/1145/1131 1136/1146/1132 1134/1147/1130 1140/1148/1136
f 1137/1149/1133 1138/1150/1134 1134/1147/1130 1136/1146/1132
f 1139/1151/1135 1140/1148/1136 1134/1147/1130 1138/1150/1134
f 30/254/30 458/1152/458 1135/1145/1131 232/1153/232
f 458/1152/458 459/1154/459 1136/1146/1132 1135/1145/1131
f 232/1153/232 1135/1145/1131 1140/1148/1136 231/1155/231
f 31/340/31 143/342/143 1137/1149/1133 460/1156/460
f 143/342/143 144/338/144 1138/1150/1134 1137/1149/1133
f 460/1156/460 1137/1149/1133 1136/1146/1132 459/1154/459
f 16/335/16 230/1157/230 1139/1151/1135 145/336/145
f 230/1157/230 231/1155/231 1140/1148/1136 1139/1151/1135
f 145/336/145 1139/1151/1135 1138/1150/1134 144/338/144
f 1142/1158/1138 1143/1159/1139 1141/1160/1137 1147/1161/1143
f 1144/1162/1140 1145/1163/1141 1141/1160/1137 1143/1159/1139
f 1146/1164/1142 1147/1161/1143 1141/1160/1137 1145/1163/1141
f 30/254/30 461/256/461 1142/1158/1138 458/1152/458
f 461/256/461 462/253/462 1143/1159/1139 1142/1158/1138
f 458/1152/458 1142/1158/1138 1147/1161/1143 459/1154/459
f 25/250/25 466/1165/466 1144/1162/1140 463/251/463
f 466/1165/466 465/1166/465 1145/1163/1141 1144/1162/1140
f 463/251/463 1144/1162/1140 1143/1159/1139 462/253/462
f 31/340/31 460/1156/460 1146/1164/1142 464/1167/464
f 460/1156/460 459/1154/459 1147/1161/1143 1146/1164/1142
f 464/1167/464 1146/1164/1142 1145/1163/1141 465/1166/465
f 1149/1168/1145 1150/1169/1146 1148/1170/1144 1154/1171/1150
f 1151/1172/1147 1152/1173/1148 1148/1170/1144 1150/1169/1146
f 1153/1174/1149 1154/1171/1150 1148/1170/1144 1152/1173/1148
f 25/250/25 217/1175/217 1149/1168/1145 466/1165/466
f 217/1175/217 216/1176/216 1150/1169/1146 1149/1168/1145
f 466/1165/466 1149/1168/1145 1154/1171/1150 465/1166/465
f 15/1014/15 233/1016/233 1151/1172/1147 215/1177/215
f 233/1016/233 234/1013/234 1152/1173/1148 1151/1172/1147
f 215/1177/215 1151/1172/1147 1150/1169/1146 216/1176/216
f 31/340/31 464/1167/464 1153/1174/1149 235/1012/235
f 464/1167/464 465/1166/465 1154/1171/1150 1153/1174/1149
f 235/1012/235 1153/1174/1149 1152/1173/1148 234/1013/234
f 1156/1178/1152 1157/1179/1153 1155/1180/1151 1161/1181/1157
f 1158/1182/1154 1159/1183/1155 1155/1180/1151 1157/1179/1153
f 1160/1184/1156 1161/1181/1157 1155/1180/1151 1159/1183/1155
f 28/235/28 467/1185/467 1156/1178/1152 226/1076/226
f 467/1185/467 468/1186/468 1157/1179/1153 1156/1178/1152
f 226/1076/226 1156/1178/1152 1161/1181/1157 225/1077/225
f 29/1187/29 137/1188/137 1158/1182/1154 469/1189/469
f 137/1188/137 138/1190/138 1159/1183/1155 1158/1182/1154
f 469/1189/469 1158/1182/1154 1157/1179/1153 468/1186/468
f 18/373/18 224/1078/224 1160/1184/1156 139/1191/139
f 224/1078/224 225/1077/225 1161/1181/1157 1160/1184/1156
f 139/1191/139 1160/1184/1156 1159/1183/1155 138/1190/138
f 1163/1192/1159 1164/1193/1160 1162/1194/1158 1168/1195/1164
f 1165/1196/1161 1166/1197/1162 1162/1194/1158 1164/1193/1160
f 1167/1198/1163 1168/1195/1164 1162/1194/1158 1166/1197/1162
f 28/235/28 470/237/470 1163/1192/1159 467/1185/467
f 470/237/470 471/234/471 1164/1193/1160 1163/1192/1159
f 467/1185/467 1163/1192/1159 1168/1195/1164 468/1186/468
f 26/231/26 475/1199/475 1165/1196/1161 472/232/472
f 475/1199/475 474/1200/474 1166/1197/1162 1165/1196/1161
f 472/232/472 1165/1196/1161 1164/1193/1160 471/234/471
f 29/1187/29 469/1189/469 1167/1198/1163 473/1201/473
f 469/1189/469 468/1186/468 1168/1195/1164 1167/1198/1163
f 473/1201/473 1167/1198/1163 1166/1197/1162 474/1200/474
f 1170/1202/1166 1171/1203/1167 1169/1204/1165 1175/1205/1171
f 1172/1206/1168 1173/1207/1169 1169/1204/1165 1171/1203/1167
f 1174/1208/1170 1175/1205/1171 1169/1204/1165 1173/1207/1169
f 26/231/26 220/1209/220 1170/1202/1166 475/1199/475
f 220/1209/220 219/1210/219 1171/1203/1167 1170/1202/1166
f 475/1199/475 1170/1202/1166 1175/1205/1171 474/1200/474
f 13/1211/13 227/1212/227 1172/1206/1168 218/1213/218
f 227/1212/227 228/1214/228 1173/1207/1169 1172/1206/1168
f 218/1213/218 1172/1206/1168 1171/1203/1167 219/1210/219
f 29/1187/29 473/1201/473 1174/1208/1170 229/1215/229
f 473/1201/473 474/1200/474 1175/1205/1171 1174/1208/1170
f 229/1215/229 1174/1208/1170 1173/1207/1169 228/1214/228
f 1177/1216/1173 1178/1217/1174 1176/1218/1172 1182/1219/1178
f 1179/1220/1175 1180/1221/1176 1176/1218/1172 1178/1217/1174
f 1181/1222/1177 1182/1219/1178 1176/1218/1172 1180/1221/1176
f 25/216/25 476/1223/476 1177/1216/1173 217/1224/217
f 476/1223/476 477/1225/477 1178/1217/1174 1177/1216/1173
f 217/1224/217 1177/1216/1173 1182/1219/1178 216/1226/216
f 27/321/27 131/323/131 1179/1220/1175 478/1227/478
f 131/323/131 132/319/132 1180/1221/1176 1179/1220/1175
f 478/1227/478 1179/1220/1175 1178/1217/1174 477/1225/477
f 15/316/15 215/1228/215 1181/1222/1177 133/317/133
f 215/1228/215 216/1226/216 1182/1219/1178 1181/1222/1177
f 133/317/133 1181/1222/1177 1180/1221/1176 132/319/132
f 1184/1229/1180 1185/1230/1181 1183/1231/1179 1189/1232/1185
f 1186/1233/1182 1187/1234/1183 1183/1231/1179 1185/1230/1181
f 1188/1235/1184 1189/1232/1185 1183/1231/1179 1187/1234/1183
f 25/216/25 479/218/479 1184/1229/1180 476/1223/476
f 479/218/479 480/215/480 1185/1230/1181 1184/1229/1180
f 476/1223/476 1184/1229/1180 1189/1232/1185 477/1225/477
f 26/212/26 484/1236/484 1186/1233/1182 481/213/481
f 484/1236/484 483/1237/483 1187/1234/1183 1186/1233/1182
f 481/213/481 1186/1233/1182 1185/1230/1181 480/215/480
f 27/321/27 478/1227/478 1188/1235/1184 482/1238/482
f 478/1227/478 477/1225/477 1189/1232/1185 1188/1235/1184
f 482/1238/482 1188/1235/1184 1187/1234/1183 483/1237/483
f 1191/1239/1187 1192/1240/1188 1190/1241/1186 1196/1242/1192
f 1193/1243/1189 1194/1244/1190 1190/1241/1186 1192/1240/1188
f 1195/1245/1191 1196/1242/1192 1190/1241/1186 1194/1244/1190
f 26/212/26 128/1246/128 1191/1239/1187 484/1236/484
f 128/1246/128 129/1247/129 1192/1240/1188 1191/1239/1187
f 484/1236/484 1191/1239/1187 1196/1242/1192 483/1237/483
f 14/226/14 221/1048/221 1193/1243/1189 130/1248/130
f 221/1048/221 222/1047/222 1194/1244/1190 1193/1243/1189
f 130/1248/130 1193/1243/1189 1192/1240/1188 129/1247/129
f 27/321/27 482/1238/482 1195/1245/1191 223/1046/223
f 482/1238/482 483/1237/483 1196/1242/1192 1195/1245/1191
f 223/1046/223 1195/1245/1191 1194/1244/1190 222/1047/222
f 1197/1249/1193 1198/1250/1194 1201/1251/1197 1200/1252/1196
f 1198/1250/1194 1199/1253/1195 1202/1254/1198 1201/1251/1197
f 1200/1252/1196 1201/1251/1197 1204/1255/1200 1203/1256/1199
f 1201/1251/1197 1202/1254/1198 1205/1257/1201 1204/1255/1200
f 55/10/55 491/11/491 1197/1249/1193 485/1258/485
f 491/11/491 492/13/44 1198/1250/1194 1197/1249/1193
f 492/13/44 493/14/492 1199/1253/1195 1198/1250/1194
f 493/14/492 56/15/56 490/1259/490 1199/1253/1195
f 1199/1253/1195 490/1259/490 489/1260/489 1202/1254/1198
f 1202/1254/1198 489/1260/489 488/1261/488 1205/1257/1201
f 1205/1257/1201 488/1261/488 58/1262/58 494/1263/493
f 1204/1255/1200 1205/1257/1201 494/1263/493 495/1264/494
f 1203/1256/1199 1204/1255/1200 495/1264/494 496/8/495
f 487/1265/487 1203/1256/1199 496/8/495 57/1266/57
f 486/1267/486 1200/1252/1196 1203/1256/1199 487/1265/487
f 485/1258/485 1197/1249/1193 1200/1252/1196 486/1267/486
f 1206/1268/1202 1207/1269/1203 1210/1270/1206 1209/1271/1205
f 1207/1269/1203 1208/1272/1204 1211/1273/1207 1210/1270/1206
f 1209/1271/1205 1210/1270/1206 1213/1274/1209 1212/1275/1208
f 1210/1270/1206 1211/1273/1207 1214/1276/1210 1213/1274/1209
f 57/1266/57 496/8/495 1206/1268/1202 497/1277/496
f 496/8/495 495/1264/494 1207/1269/1203 1206/1268/1202
f 495/1264/494 494/1263/493 1208/1272/1204 1207/1269/1203
f 494/1263/493 58/1262/58 502/1278/501 1208/1272/1204
f 1208/1272/1204 502/1278/501 501/1279/500 1211/1273/1207
f 1211/1273/1207 501/1279/500 500/1280/499 1214/1276/1210
f 1214/1276/1210 500/1280/499 60/1281/60 503/1282/502
f 1213/1274/1209 1214/1276/1210 503/1282/502 504/28/503
f 1212/1275/1208 1213/1274/1209 504/28/503 505/29/504
f 499/1283/498 1212/1275/1208 505/29/504 59/1284/59
f 498/1285/497 1209/1271/1205 1212/1275/1208 499/1283/498
f 497/1277/496 1206/1268/1202 1209/1271/1205 498/1285/497
f 1215/1286/1211 1216/1287/1212 1219/1288/1215 1218/1289/1214
f 1216/1287/1212 1217/1290/1213 1220/1291/1216 1219/1288/1215
f 1218/1289/1214 1219/1288/1215 1222/1292/1218 1221/1293/1217
f 1219/1288/1215 1220/1291/1216 1223/1294/1219 1222/1292/1218
f 59/1284/59 505/29/504 1215/1286/1211 506/1295/505
f 505/29/504 504/28/503 1216/1287/1212 1215/1286/1211
f 504/28/503 503/1282/502 1217/1290/1213 1216/1287/1212
f 503/1282/502 60/1281/60 511/1296/510 1217/1290/1213
f 1217/1290/1213 511/1296/510 510/1297/509 1220/1291/1216
f 1220/1291/1216 510/1297/509 509/1298/508 1223/1294/1219
f 1223/1294/1219 509/1298/508 62/1299/62 512/1300/511
f 1222/1292/1218 1223/1294/1219 512/1300/511 513/1301/512
f 1221/1293/1217 1222/1292/1218 513/1301/512 514/1302/513
f 508/1303/507 1221/1293/1217 514/1302/513 61/1304/61
f 507/1305/506 1218/1289/1214 1221/1293/1217 508/1303/507
f 506/1295/505 1215/1286/1211 1218/1289/1214 507/1305/506
f 1224/1306/1220 1225/1307/1221 1228/1308/1224 1227/1309/1223
f 1225/1307/1221 1226/1310/1222 1229/1311/1225 1228/1308/1224
f 1227/1309/1223 1228/1308/1224 1231/1312/1227 1230/1313/1226
f 1228/1308/1224 1229/1311/1225 1232/1314/1228 1231/1312/1227
f 61/1304/61 514/1302/513 1224/1306/1220 515/1315/514
f 514/1302/513 513/1301/512 1225/1307/1221 1224/1306/1220
f 513/1301/512 512/1300/511 1226/1310/1222 1225/1307/1221
f 512/1300/511 62/1299/62 520/1316/519 1226/1310/1222
f 1226/1310/1222 520/1316/519 519/1317/518 1229/1311/1225
f 1229/1311/1225 519/1317/518 518/1318/517 1232/1314/1228
f 1232/1314/1228 518/1318/517 64/1319/64 521/1320/520
f 1231/1312/1227 1232/1314/1228 521/1320/520 522/1321/37
f 1230/1313/1226 1231/1312/1227 522/1321/37 523/1322/521
f 517/1323/516 1230/1313/1226 523/1322/521 63/1324/63
f 516/1325/515 1227/1309/1223 1230/1313/1226 517/1323/516
f 515/1315/514 1224/1306/1220 1227/1309/1223 516/1325/515
f 1233/1326/1229 1234/1327/1230 1237/1328/1233 1236/1329/1232
f 1234/1327/1230 1235/1330/1231 1238/1331/1234 1237/1328/1233
f 1236/1329/1232 1237/1328/1233 1240/1332/1236 1239/1333/1235
f 1237/1328/1233 1238/1331/1234 1241/1334/1237 1240/1332/1236
f 63/1324/63 523/1322/521 1233/1326/1229 524/1335/522
f 523/1322/521 522/1321/37 1234/1327/1230 1233/1326/1229
f 522/1321/37 521/1320/520 1235/1330/1231 1234/1327/1230
f 521/1320/520 64/1319/64 529/1336/527 1235/1330/1231
f 1235/1330/1231 529/1336/527 528/1337/526 1238/1331/1234
f 1238/1331/1234 528/1337/526 527/1338/525 1241/1334/1237
f 1241/1334/1237 527/1338/525 66/1339/66 530/1340/528
f 1240/1332/1236 1241/1334/1237 530/1340/528 531/1341/529
f 1239/1333/1235 1240/1332/1236 531/1341/529 532/1342/530
f 526/1343/524 1239/1333/1235 532/1342/530 65/1344/65
f 525/1345/523 1236/1329/1232 1239/1333/1235 526/1343/524
f 524/1335/522 1233/1326/1229 1236/1329/1232 525/1345/523
f 1242/1346/1238 1243/1347/1239 1246/1348/1242 1245/1349/1241
f 1243/1347/1239 1244/1350/1240 1247/1351/1243 1246/1348/1242
f 1245/1349/1241 1246/1348/1242 1249/1352/1245 1248/1353/1244
f 1246/1348/1242 1247/1351/1243 1250/1354/1246 1249/1352/1245
f 65/1344/65 532/1342/530 1242/1346/1238 533/1355/531
f 532/1342/530 531/1341/529 1243/1347/1239 1242/1346/1238
f 531/1341/529 530/1340/528 1244/1350/1240 1243/1347/1239
f 530/1340/528 66/1339/66 538/1356/536 1244/1350/1240
f 1244/1350/1240 538/1356/536 537/1357/535 1247/1351/1243
f 1247/1351/1243 537/1357/535 536/1358/534 1250/1354/1246
f 1250/1354/1246 536/1358/534 68/1359/68 539/1360/537
f 1249/1352/1245 1250/1354/1246 539/1360/537 540/1361/538
f 1248/1353/1244 1249/1352/1245 540/1361/538 541/1362/539
f 535/1363/533 1248/1353/1244 541/1362/539 67/1364/67
f 534/1365/532 1245/1349/1241 1248/1353/1244 535/1363/533
f 533/1355/531 1242/1346/1238 1245/1349/1241 534/1365/532
f 1252/1366/1248 1253/1367/1249 1251/1368/1247 1267/1369/1263
f 1254/1370/1250 1255/1371/1251 1251/1368/1247 1253/1367/1249
f 1256/1372/1252 1257/1373/1253 1251/1368/1247 1255/1371/1251
f 1258/1374/1254 1259/1375/1255 1251/1368/1247 1257/1373/1253
f 1260/1376/1256 1261/1377/1257 1251/1368/1247 1259/1375/1255
f 1262/1378/1258 1263/1379/1259 1251/1368/1247 1261/1377/1257
f 1264/1380/1260 1265/1381/1261 1251/1368/1247 1263/1379/1259
f 1266/1382/1262 1267/1369/1263 1251/1368/1247 1265/1381/1261
f 58/1383/58 488/1384/488 1252/1366/1248 502/1385/501
f 488/1384/488 489/1386/489 1253/1367/1249 1252/1366/1248
f 502/1385/501 1252/1366/1248 1267/1369/1263 501/1387/500
f 56/104/56 554/1388/552 1254/1370/1250 490/1389/490
f 554/1388/552 555/1390/553 1255/1371/1251 1254/1370/1250
f 490/1389/490 1254/1370/1250 1253/1367/1249 489/1386/489
f 70/1391/70 545/1392/543 1256/1372/1252 556/1393/554
f 545/1392/543 546/1394/544 1257/1373/1253 1256/1372/1252
f 556/1393/554 1256/1372/1252 1255/1371/1251 555/1390/553
f 68/1395/68 536/1396/534 1258/1374/1254 547/1397/545
f 536/1396/534 537/1398/535 1259/1375/1255 1258/1374/1254
f 547/1397/545 1258/1374/1254 1257/1373/1253 546/1394/544
f 66/1399/66 527/1400/525 1260/1376/1256 538/1401/536
f 527/1400/525 528/1402/526 1261/1377/1257 1260/1376/1256
f 538/1401/536 1260/1376/1256 1259/1375/1255 537/1398/535
f 64/116/64 518/1403/517 1262/1378/1258 529/1404/527
f 518/1403/517 519/1405/518 1263/1379/1259 1262/1378/1258
f 529/1404/527 1262/1378/1258 1261/1377/1257 528/1402/526
f 62/1406/62 509/1407/508 1264/1380/1260 520/1408/519
f 509/1407/508 510/1409/509 1265/1381/1261 1264/1380/1260
f 520/1408/519 1264/1380/1260 1263/1379/1259 519/1405/518
f 60/1410/60 500/1411/499 1266/1382/1262 511/1412/510
f 500/1411/499 501/1387/500 1267/1369/1263 1266/1382/1262
f 511/1412/510 1266/1382/1262 1265/1381/1261 510/1409/509
f 1268/1413/1264 1269/1414/1265 1272/1415/1268 1271/1416/1267
f 1269/1414/1265 1270/1417/1266 1273/1418/1269 1272/1415/1268
f 1271/1416/1267 1272/1415/1268 1275/1419/1271 1274/1420/1270
f 1272/1415/1268 1273/1418/1269 1276/1421/1272 1275/1419/1271
f 67/1364/67 541/1362/539 1268/1413/1264 542/1422/540
f 541/1362/539 540/1361/538 1269/1414/1265 1268/1413/1264
f 540/1361/538 539/1360/537 1270/1417/1266 1269/1414/1265
f 539/1360/537 68/1359/68 547/1423/545 1270/1417/1266
f 1270/1417/1266 547/1423/545 546/1424/544 1273/1418/1269
f 1273/1418/1269 546/1424/544 545/1425/543 1276/1421/1272
f 1276/1421/1272 545/1425/543 70/1426/70 548/1427/546
f 1275/1419/1271 1276/1421/1272 548/1427/546 549/1428/547
f 1274/1420/1270 1275/1419/1271 549/1428/547 550/1429/548
f 544/1430/542 1274/1420/1270 550/1429/548 69/1431/69
f 543/1432/541 1271/1416/1267 1274/1420/1270 544/1430/542
f 542/1422/540 1268/1413/1264 1271/1416/1267 543/1432/541
f 1277/1433/1273 1278/1434/1274 1281/1435/1277 1280/1436/1276
f 1278/1434/1274 1279/1437/1275 1282/1438/1278 1281/1435/1277
f 1280/1436/1276 1281/1435/1277 1284/1439/1280 1283/1440/1279
f 1281/1435/1277 1282/1438/1278 1285/1441/1281 1284/1439/1280
f 69/1431/69 550/1429/548 1277/1433/1273 551/1442/549
f 550/1429/548 549/1428/547 1278/1434/1274 1277/1433/1273
f 549/1428/547 548/1427/546 1279/1437/1275 1278/1434/1274
f 548/1427/546 70/1426/70 556/1443/554 1279/1437/1275
f 1279/1437/1275 556/1443/554 555/1444/553 1282/1438/1278
f 1282/1438/1278 555/1444/553 554/1445/552 1285/1441/1281
f 1285/1441/1281 554/1445/552 56/1446/56 493/1447/492
f 1284/1439/1280 1285/1441/1281 493/1447/492 492/1448/44
f 1283/1440/1279 1284/1439/1280 492/1448/44 491/1449/491
f 553/1450/551 1283/1440/1279 491/1449/491 55/1451/55
f 552/1452/550 1280/1436/1276 1283/1440/1279 553/1450/551
f 551/1442/549 1277/1433/1273 1280/1436/1276 552/1452/550
f 1287/1453/1283 1288/1454/1284 1286/1455/1282 1302/1456/1298
f 1289/1457/1285 1290/1458/1286 1286/1455/1282 1288/1454/1284
f 1291/1459/1287 1292/1460/1288 1286/1455/1282 1290/1458/1286
f 1293/1461/1289 1294/1462/1290 1286/1455/1282 1292/1460/1288
f 1295/1463/1291 1296/1464/1292 1286/1455/1282 1294/1462/1290
f 1297/1465/1293 1298/1466/1294 1286/1455/1282 1296/1464/1292
f 1299/1467/1295 1300/1468/1296 1286/1455/1282 1298/1466/1294
f 1301/1469/1297 1302/1456/1298 1286/1455/1282 1300/1468/1296
f 55/176/55 485/1470/485 1287/1453/1283 553/1471/551
f 485/1470/485 486/1472/486 1288/1454/1284 1287/1453/1283
f 553/1471/551 1287/1453/1283 1302/1456/1298 552/1473/550
f 57/1474/57 497/1475/496 1289/1457/1285 487/1476/487
f 497/1475/496 498/1477/497 1290/1458/1286 1289/1457/1285
f 487/1476/487 1289/1457/1285 1288/1454/1284 486/1472/486
f 59/1478/59 506/1479/505 1291/1459/1287 499/1480/498
f 506/1479/505 507/1481/506 1292/1460/1288 1291/1459/1287
f 499/1480/498 1291/1459/1287 1290/1458/1286 498/1477/497
f 61/1482/61 515/1483/514 1293/1461/1289 508/1484/507
f 515/1483/514 516/1485/515 1294/1462/1290 1293/1461/1289
f 508/1484/507 1293/1461/1289 1292/1460/1288 507/1481/506
f 63/189/63 524/1486/522 1295/1463/1291 517/1487/516
f 524/1486/522 525/1488/523 1296/1464/1292 1295/1463/1291
f 517/1487/516 1295/1463/1291 1294/1462/1290 516/1485/515
f 65/1489/65 533/1490/531 1297/1465/1293 526/1491/524
f 533/1490/531 534/1492/532 1298/1466/1294 1297/1465/1293
f 526/1491/524 1297/1465/1293 1296/1464/1292 525/1488/523
f 67/1493/67 542/1494/540 1299/1467/1295 535/1495/533
f 542/1494/540 543/1496/541 1300/1468/1296 1299/1467/1295
f 535/1495/533 1299/1467/1295 1298/1466/1294 534/1492/532
f 69/1497/69 551/1498/549 1301/1469/1297 544/1499/542
f 551/1498/549 552/1473/550 1302/1456/1298 1301/1469/1297
f 544/1499/542 1301/1469/1297 1300/1468/1296 543/1496/541
